timestamp,close,volume,log_ret
2018-03-14 00:00:00+00:00,241.68692016601562,105895100,-0.005145147417851721
2018-03-15 00:00:00+00:00,241.42361450195312,83433000,-0.0010900432561048927
2018-03-16 00:00:00+00:00,241.6854248046875,100343700,0.0010838560534497455
2018-03-19 00:00:00+00:00,238.41534423828125,109208400,-0.013622686520195233
2018-03-20 00:00:00+00:00,238.82083129882812,59757300,0.0016993144229543954
2018-03-21 00:00:00+00:00,238.36245727539062,78709600,-0.0019211660399535467
2018-03-22 00:00:00+00:00,232.40406799316406,148785900,-0.025314915820499516
2018-03-23 00:00:00+00:00,227.45046997070312,183534800,-0.021545028824779825
2018-03-26 00:00:00+00:00,233.6732940673828,141956100,0.026991460318865464
2018-03-27 00:00:00+00:00,229.6981201171875,129941400,-0.017158035009009913
2018-03-28 00:00:00+00:00,229.0194091796875,146452300,-0.0029591693773362163
2018-03-29 00:00:00+00:00,231.9457550048828,111601600,0.012696773487472028
2018-04-02 00:00:00+00:00,226.93927001953125,186286300,-0.021821080958809906
2018-04-03 00:00:00+00:00,229.84796142578125,119956900,0.012735604328037813
2018-04-04 00:00:00+00:00,232.30715942382812,123715300,0.010642405971300246
2018-04-05 00:00:00+00:00,234.14053344726562,82652600,0.007861046341190187
2018-04-06 00:00:00+00:00,228.92239379882812,179521200,-0.022538450965705555
2018-04-09 00:00:00+00:00,230.05067443847656,105442900,0.00491655389176198
2018-04-10 00:00:00+00:00,233.70858764648438,103529000,0.01577537902341205
2018-04-11 00:00:00+00:00,232.48341369628906,91140200,-0.005256103782492057
2018-04-12 00:00:00+00:00,234.39610290527344,68890500,0.008193548191926628
2018-04-13 00:00:00+00:00,233.70858764648438,85079200,-0.002937444409434528
2018-04-16 00:00:00+00:00,235.63009643554688,63405300,0.008188200078576366
2018-04-17 00:00:00+00:00,238.15090942382812,64682000,0.010641358538310795
2018-04-18 00:00:00+00:00,238.32720947265625,57303900,0.0007400132341097895
2018-04-19 00:00:00+00:00,237.0050506591797,77655900,-0.005563107469178774
2018-04-20 00:00:00+00:00,234.99542236328125,99953100,-0.008515417057037206
2018-04-23 00:00:00+00:00,234.960205078125,65558000,-0.00014987493782729568
2018-04-24 00:00:00+00:00,231.79592895507812,112885500,-0.013558791707718577
2018-04-25 00:00:00+00:00,232.36880493164062,103840900,0.0024684178939980484
2018-04-26 00:00:00+00:00,234.7310028076172,67731900,0.010114403708881682
2018-04-27 00:00:00+00:00,234.9513702392578,57053600,0.0009383679714491236
2018-04-30 00:00:00+00:00,233.1444854736328,82182300,-0.007720186871777116
2018-05-01 00:00:00+00:00,233.55870056152344,74203400,0.0017750690762197761
2018-05-02 00:00:00+00:00,231.98983764648438,86368900,-0.006739872323466825
2018-05-03 00:00:00+00:00,231.4785919189453,136311500,-0.002206173720957808
2018-05-04 00:00:00+00:00,234.47532653808594,91222100,0.012862971290958545
2018-05-07 00:00:00+00:00,235.26864624023438,55304900,0.003377671677968665
2018-05-08 00:00:00+00:00,235.26864624023438,67499200,0.0
2018-05-09 00:00:00+00:00,237.54273986816406,59666100,0.009619527916977415
2018-05-10 00:00:00+00:00,239.7639617919922,72063900,0.009307382238558612
2018-05-11 00:00:00+00:00,240.4955596923828,59871500,0.0030466796953280695
2018-05-14 00:00:00+00:00,240.6100311279297,54790600,0.000475868249678269
2018-05-15 00:00:00+00:00,238.95303344726562,87036100,-0.006910474960120637
2018-05-16 00:00:00+00:00,239.95785522460938,53942600,0.004196284843745841
2018-05-17 00:00:00+00:00,239.7551727294922,56536400,-0.0008450156463003183
2018-05-18 00:00:00+00:00,239.15574645996094,64368000,-0.0025032905224599785
2018-05-21 00:00:00+00:00,240.9538116455078,58025900,0.007490263677298473
2018-05-22 00:00:00+00:00,240.28399658203125,52966400,-0.002783719336108748
2018-05-23 00:00:00+00:00,240.94500732421875,64694200,0.002747179212151389
2018-05-24 00:00:00+00:00,240.45143127441406,76043800,-0.0020506018872821887
2018-05-25 00:00:00+00:00,239.8785400390625,56374800,-0.0023854081203348266
2018-05-29 00:00:00+00:00,237.11964416503906,115908600,-0.011567870615024858
2018-05-30 00:00:00+00:00,240.28399658203125,69678400,0.013256701410490563
2018-05-31 00:00:00+00:00,238.81202697753906,93519900,-0.006144798385811389
2018-06-01 00:00:00+00:00,241.15652465820312,71258400,0.009769458101650403
2018-06-04 00:00:00+00:00,242.30235290527344,45385200,0.004740135906910958
2018-06-05 00:00:00+00:00,242.47872924804688,51135000,0.0007276536030337068
2018-06-06 00:00:00+00:00,244.5059356689453,62732200,0.008325593295495745
2018-06-07 00:00:00+00:00,244.47950744628906,72969400,-0.00010809410813386488
2018-06-08 00:00:00+00:00,245.20223999023438,72139700,0.0029518481034562804
2018-06-11 00:00:00+00:00,245.5284423828125,58892500,0.001329456063543137
2018-06-12 00:00:00+00:00,245.84573364257812,72329000,0.0012914447659056385
2018-06-13 00:00:00+00:00,245.06129455566406,79070600,-0.0031958790953069997
2018-06-14 00:00:00+00:00,245.6782684326172,77097600,0.002514466933403448
2018-06-15 00:00:00+00:00,245.36480712890625,120041600,-0.0012767162877965286
2018-06-18 00:00:00+00:00,244.8601837158203,52917600,-0.002058742825208947
2018-06-19 00:00:00+00:00,243.92166137695312,97531500,-0.0038402551228073965
2018-06-20 00:00:00+00:00,244.3377685546875,53785500,0.0017044515803028729
2018-06-21 00:00:00+00:00,242.80601501464844,71061400,-0.0062887329772834425
2018-06-22 00:00:00+00:00,243.24867248535156,54898500,0.0018214312276685068
2018-06-25 00:00:00+00:00,239.9374542236328,137854200,-0.013705981666144515
2018-06-26 00:00:00+00:00,240.4686737060547,68547400,0.002211544224983875
2018-06-27 00:00:00+00:00,238.4766082763672,105110700,-0.008318599188848518
2018-06-28 00:00:00+00:00,239.8401336669922,76650500,0.005701364658891262
2018-06-29 00:00:00+00:00,240.1853790283203,97592500,0.001438446131412065
2018-07-02 00:00:00+00:00,240.69891357421875,63554800,0.002135793366555478
2018-07-03 00:00:00+00:00,239.8489227294922,42187100,-0.0035375946657213602
2018-07-05 00:00:00+00:00,241.8055877685547,56925900,0.008124810461052887
2018-07-06 00:00:00+00:00,243.85089111328125,66493700,0.008422889534745997
2018-07-09 00:00:00+00:00,246.04656982421875,50550400,0.008963889744829867
2018-07-10 00:00:00+00:00,246.9319305419922,51966800,0.0035918875529075247
2018-07-11 00:00:00+00:00,245.12579345703125,77054700,-0.0073411923373656734
2018-07-12 00:00:00+00:00,247.34814453125,60124700,0.009025314795956394
2018-07-13 00:00:00+00:00,247.54287719726562,48216000,0.0007869719494433453
2018-07-16 00:00:00+00:00,247.32151794433594,48201000,-0.000894625961644296
2018-07-17 00:00:00+00:00,248.32203674316406,52315500,0.004037256808272792
2018-07-18 00:00:00+00:00,248.84437561035156,44593500,0.0021012644716105248
2018-07-19 00:00:00+00:00,247.90582275390625,61412100,-0.003778776440742759
2018-07-20 00:00:00+00:00,247.62266540527344,82337700,-0.0011428500528966904
2018-07-23 00:00:00+00:00,248.0829620361328,47047600,0.0018571375335421217
2018-07-24 00:00:00+00:00,249.33123779296875,68026900,0.005019070133958164
2018-07-25 00:00:00+00:00,251.45620727539062,78882900,0.0084865635390951
2018-07-26 00:00:00+00:00,250.8629608154297,57919500,-0.0023620310490451266
2018-07-27 00:00:00+00:00,249.16311645507812,76768700,-0.006799049033044569
2018-07-30 00:00:00+00:00,247.86158752441406,63742500,-0.005237292614378865
2018-07-31 00:00:00+00:00,249.08335876464844,68570500,0.004917139055537372
2018-08-01 00:00:00+00:00,248.66732788085938,53853300,-0.001671644025133639
2018-08-02 00:00:00+00:00,250.0218963623047,63426400,0.005432528905659336
2018-08-03 00:00:00+00:00,251.09329223632812,53935400,0.004276052815422859
2018-08-06 00:00:00+00:00,252.01400756835938,39400900,0.0036601192638229638
2018-08-07 00:00:00+00:00,252.8462371826172,43196600,0.0032968742408565396
2018-08-08 00:00:00+00:00,252.74005126953125,42114600,-0.00042005061083576147
2018-08-09 00:00:00+00:00,252.3946533203125,35717000,-0.001367548101170861
2018-08-10 00:00:00+00:00,250.70362854003906,77076000,-0.006722468390692482
2018-08-13 00:00:00+00:00,249.76513671875,65732900,-0.0037504555189006184
2018-08-14 00:00:00+00:00,251.35888671875,43842000,0.00636072229184568
2018-08-15 00:00:00+00:00,249.4818572998047,102925400,-0.007495549152059663
2018-08-16 00:00:00+00:00,251.50050354003906,69967900,0.008058795370690083
2018-08-17 00:00:00+00:00,252.38583374023438,65618500,0.003514011179579688
2018-08-20 00:00:00+00:00,252.9259796142578,39807500,0.002137872361089862
2018-08-21 00:00:00+00:00,253.5191192626953,67272000,0.0023423661160903515
2018-08-22 00:00:00+00:00,253.36865234375,44993300,-0.0005936893008407193
2018-08-23 00:00:00+00:00,253.0322723388672,49204900,-0.0013285127967253502
2018-08-24 00:00:00+00:00,254.55519104003906,57487400,0.006000633903575484
2018-08-27 00:00:00+00:00,256.56488037109375,57072400,0.007863904394365467
2018-08-28 00:00:00+00:00,256.6888427734375,46943500,0.00048304532111194984
2018-08-29 00:00:00+00:00,258.0700378417969,61485500,0.005366389721575623
2018-08-30 00:00:00+00:00,257.0251770019531,61229500,-0.0040569674997766965
2018-08-31 00:00:00+00:00,257.0340270996094,66140800,3.44322116460834e-05
2018-09-04 00:00:00+00:00,256.5914306640625,57594400,-0.0017234213702071407
2018-09-05 00:00:00+00:00,255.90081787109375,72452400,-0.002695116708491513
2018-09-06 00:00:00+00:00,255.13050842285156,65909900,-0.0030147272467492834
2018-09-07 00:00:00+00:00,254.634765625,73524800,-0.0019449851897388802
2018-09-10 00:00:00+00:00,255.0775146484375,50210900,0.0017372511980794667
2018-09-11 00:00:00+00:00,255.91859436035156,50530500,0.0032919251502499776
2018-09-12 00:00:00+00:00,255.98060607910156,59810800,0.00024228097641138018
2018-09-13 00:00:00+00:00,257.4945373535156,51034200,0.005896821611354677
2018-09-14 00:00:00+00:00,257.5386962890625,55079900,0.0001714799464211364
2018-09-17 00:00:00+00:00,256.1752624511719,68244000,-0.005308156479278767
2018-09-18 00:00:00+00:00,257.5653076171875,61930400,0.0054114805767303846
2018-09-19 00:00:00+00:00,257.8397521972656,49080600,0.00106496667345675
2018-09-20 00:00:00+00:00,259.9293518066406,100360600,0.008071593836316063
2018-09-21 00:00:00+00:00,259.6918029785156,105479700,-0.0009143155257868716
2018-09-24 00:00:00+00:00,258.8290710449219,53409600,-0.0033276682692143637
2018-09-25 00:00:00+00:00,258.5889587402344,44370000,-0.000928117336859281
2018-09-26 00:00:00+00:00,257.815185546875,79739700,-0.0029967759980343276
2018-09-27 00:00:00+00:00,258.5356140136719,59249500,0.0027904631304495244
2018-09-28 00:00:00+00:00,258.56231689453125,70091400,0.00010327978236628928
2018-10-01 00:00:00+00:00,259.4605712890625,62078900,0.0034680139248875028
2018-10-02 00:00:00+00:00,259.30938720703125,47258200,-0.0005828559801325747
2018-10-03 00:00:00+00:00,259.4517517089844,64694600,0.0005488634165025775
2018-10-04 00:00:00+00:00,257.4239196777344,111545900,-0.007846538530077295
2018-10-05 00:00:00+00:00,255.983154296875,105951700,-0.00561258009882618
2018-10-08 00:00:00+00:00,255.983154296875,87742200,0.0
2018-10-09 00:00:00+00:00,255.60960388183594,74339000,-0.0014603431164863002
2018-10-10 00:00:00+00:00,247.51612854003906,214731000,-0.03217554996621215
2018-10-11 00:00:00+00:00,242.06417846679688,274840500,-0.02227285443055552
2018-10-12 00:00:00+00:00,245.4260711669922,183186500,0.013792874834764123
2018-10-15 00:00:00+00:00,244.04754638671875,102263700,-0.005632697557421535
2018-10-16 00:00:00+00:00,249.38385009765625,118255800,0.021630207577140688
2018-10-17 00:00:00+00:00,249.42832946777344,110626000,0.0001783411554778172
2018-10-18 00:00:00+00:00,245.82627868652344,134557500,-0.0145465150175677
2018-10-19 00:00:00+00:00,245.69285583496094,139901600,-0.0005428999421130293
2018-10-22 00:00:00+00:00,244.590087890625,82415800,-0.0044985036421583075
2018-10-23 00:00:00+00:00,243.34486389160156,146352700,-0.0051040684739018264
2018-10-24 00:00:00+00:00,235.97189331054688,177806700,-0.030766928416198835
2018-10-25 00:00:00+00:00,240.2053680419922,138061500,0.017781555822933604
2018-10-26 00:00:00+00:00,235.9807891845703,201574600,-0.017743857662272836
2018-10-29 00:00:00+00:00,234.67344665527344,160749100,-0.005555440882540803
2018-10-30 00:00:00+00:00,238.15093994140625,157116000,0.014709715015741509
2018-10-31 00:00:00+00:00,240.6945343017578,128296300,0.010623962933563266
2018-11-01 00:00:00+00:00,243.2559814453125,99495000,0.010585673448254524
2018-11-02 00:00:00+00:00,241.81517028808594,122634100,-0.0059406352630889895
2018-11-05 00:00:00+00:00,243.1492462158203,65622500,0.005501761562168465
2018-11-06 00:00:00+00:00,244.6878662109375,60085900,0.006307946065402401
2018-11-07 00:00:00+00:00,249.92636108398438,102752100,0.021182935976631827
2018-11-08 00:00:00+00:00,249.4727783203125,65584900,-0.0018165144975531451
2018-11-09 00:00:00+00:00,247.035888671875,98812600,-0.009816179970683653
2018-11-12 00:00:00+00:00,242.4199981689453,99673600,-0.018861872850773696
2018-11-13 00:00:00+00:00,241.9663848876953,98176600,-0.001872940403445098
2018-11-14 00:00:00+00:00,240.31211853027344,125335900,-0.006860238777264452
2018-11-15 00:00:00+00:00,242.8201446533203,135101400,0.01038245152965761
2018-11-16 00:00:00+00:00,243.45166015625,126668000,0.0025973780577861244
2018-11-19 00:00:00+00:00,239.3337860107422,103061700,-0.017059230107755265
2018-11-20 00:00:00+00:00,234.9046630859375,136021300,-0.01867942895400789
2018-11-21 00:00:00+00:00,235.7051544189453,75563700,0.00340193542612411
2018-11-23 00:00:00+00:00,234.130859375,42807900,-0.006701491113996735
2018-11-26 00:00:00+00:00,237.91075134277344,79981400,0.016015421839181712
2018-11-27 00:00:00+00:00,238.71119689941406,75502400,0.0033588310908797777
2018-11-28 00:00:00+00:00,244.2076873779297,127629600,0.02276460094893308
2018-11-29 00:00:00+00:00,243.67404174804688,82346400,-0.002187603309749025
2018-11-30 00:00:00+00:00,245.1593017578125,98204200,0.006076772789874557
2018-12-03 00:00:00+00:00,248.4054718017578,103176300,0.013154167498785735
2018-12-04 00:00:00+00:00,240.35653686523438,177986000,-0.03293898675822432
2018-12-06 00:00:00+00:00,239.99195861816406,204185400,-0.0015179742229021209
2018-12-07 00:00:00+00:00,234.4154510498047,161018900,-0.023510444044640814
2018-12-10 00:00:00+00:00,234.86019897460938,151445900,0.0018954661633894582
2018-12-11 00:00:00+00:00,234.91357421875,121504400,0.0002272380767766746
2018-12-12 00:00:00+00:00,236.09637451171875,97976700,0.005022411023216496
2018-12-13 00:00:00+00:00,236.01641845703125,96662700,-0.0003387159028212186
2018-12-14 00:00:00+00:00,231.65838623046875,116961100,-0.01863755897110451
2018-12-17 00:00:00+00:00,227.11363220214844,165492300,-0.01981333874767242
2018-12-18 00:00:00+00:00,226.8645782470703,134515100,-0.0010972067572020128
2018-12-19 00:00:00+00:00,223.46713256835938,214992800,-0.015088922483086084
2018-12-20 00:00:00+00:00,219.8295440673828,252053400,-0.016411899033633676
2018-12-21 00:00:00+00:00,215.3253631591797,255345600,-0.020702245109410003
2018-12-24 00:00:00+00:00,209.63580322265625,147311600,-0.02677844647549588
2018-12-26 00:00:00+00:00,220.2276153564453,218485400,0.04928987200211379
2018-12-27 00:00:00+00:00,221.9184112548828,186267300,0.007648170688065139
2018-12-28 00:00:00+00:00,221.6321258544922,153100200,-0.0012908808182770213
2018-12-31 00:00:00+00:00,223.57334899902344,144299400,0.00872062702080917
2019-01-02 00:00:00+00:00,223.8059539794922,126925200,0.0010398558890847233
2019-01-03 00:00:00+00:00,218.46533203125,144140700,-0.02415206106839839
2019-01-04 00:00:00+00:00,225.78297424316406,142628800,0.03294690846335397
2019-01-07 00:00:00+00:00,227.56321716308594,103139100,0.007853830492024108
2019-01-08 00:00:00+00:00,229.7012176513672,102512600,0.009351333301692664
2019-01-09 00:00:00+00:00,230.77471923828125,95006600,0.004662582539980557
2019-01-10 00:00:00+00:00,231.58876037597656,96823900,0.003521220921176928
2019-01-11 00:00:00+00:00,231.67823791503906,73858100,0.0003862892910792647
2019-01-14 00:00:00+00:00,230.26483154296875,70908200,-0.006119415469993712
2019-01-15 00:00:00+00:00,232.9038543701172,85208300,0.011395638203108481
2019-01-16 00:00:00+00:00,233.46742248535156,77636700,0.0024168228942080022
2019-01-17 00:00:00+00:00,235.23870849609375,96118400,0.007558230310992484
2019-01-18 00:00:00+00:00,238.36972045898438,127900300,0.013222136204655463
2019-01-22 00:00:00+00:00,235.1492462158203,115531200,-0.013602512787244104
2019-01-23 00:00:00+00:00,235.6413116455078,86030300,0.0020903801091672588
2019-01-24 00:00:00+00:00,235.76649475097656,59204100,0.0005311032473907965
2019-01-25 00:00:00+00:00,237.76138305664062,96883400,0.008425692344425265
2019-01-28 00:00:00+00:00,235.95437622070312,85613700,-0.007629113302779675
2019-01-29 00:00:00+00:00,235.6413116455078,66136300,-0.0013276822890363525
2019-01-30 00:00:00+00:00,239.37161254882812,92473700,0.015706425653805377
2019-01-31 00:00:00+00:00,241.47389221191406,104012100,0.008744151862972133
2019-02-01 00:00:00+00:00,241.59024047851562,85782500,0.0004817094086591599
2019-02-04 00:00:00+00:00,243.28993225097656,60744800,0.007010799079393779
2019-02-05 00:00:00+00:00,244.3096923828125,79552800,0.004182782623689185
2019-02-06 00:00:00+00:00,243.98768615722656,58347800,-0.001318894126467345
2019-02-07 00:00:00+00:00,241.6618194580078,95482000,-0.009578448880705744
2019-02-08 00:00:00+00:00,241.95700073242188,75788900,0.001220718875056729
2019-02-11 00:00:00+00:00,242.0911407470703,68021400,0.0005542424671738038
2019-02-12 00:00:00+00:00,245.20436096191406,72270200,0.01277771931731026
2019-02-13 00:00:00+00:00,246.00051879882812,65277200,0.003241655638651581
2019-02-14 00:00:00+00:00,245.45480346679688,83234400,-0.0022208145139429284
2019-02-15 00:00:00+00:00,248.1295623779297,97088700,0.010838208335235397
2019-02-19 00:00:00+00:00,248.55894470214844,59120800,0.0017289807396928879
2019-02-20 00:00:00+00:00,249.05996704101562,76610800,0.002013679530032112
2019-02-21 00:00:00+00:00,248.17433166503906,64214700,-0.0035622494860572305
2019-02-22 00:00:00+00:00,249.71304321289062,78114600,0.006180981982278179
2019-02-25 00:00:00+00:00,250.0529022216797,69030700,0.0013600729072596436
2019-02-26 00:00:00+00:00,249.8740692138672,56844100,-0.0007154365563712301
2019-02-27 00:00:00+00:00,249.7666778564453,56921600,-0.0004298743035084121
2019-02-28 00:00:00+00:00,249.30142211914062,69268300,-0.0018644985408215044
2019-03-01 00:00:00+00:00,250.85804748535156,78880500,0.006224536319880661
2019-03-04 00:00:00+00:00,249.94554138183594,106494600,-0.0036441716219268905
2019-03-05 00:00:00+00:00,249.60562133789062,59114600,-0.0013609020327656188
2019-03-06 00:00:00+00:00,248.09378051757812,75039800,-0.0060753356938200165
2019-03-07 00:00:00+00:00,246.0184326171875,94885100,-0.008400359470169006
2019-03-08 00:00:00+00:00,245.5262908935547,85795800,-0.00200242974663171
2019-03-11 00:00:00+00:00,249.0868377685547,65098900,0.014397549008559378
2019-03-12 00:00:00+00:00,250.026123046875,79667500,0.003763822865429643
2019-03-13 00:00:00+00:00,251.68104553222656,80639200,0.006597188923118478
2019-03-14 00:00:00+00:00,251.52003479003906,67518400,-0.0006399459539287134
2019-03-15 00:00:00+00:00,252.76268005371094,81309000,0.004928377445035105
2019-03-18 00:00:00+00:00,253.6790771484375,62199800,0.003618967361436807
2019-03-19 00:00:00+00:00,253.74203491210938,90268100,0.00024814798792775864
2019-03-20 00:00:00+00:00,252.9783172607422,84609200,-0.003014357826269494
2019-03-21 00:00:00+00:00,255.8356170654297,79550400,0.011231334865378147
2019-03-22 00:00:00+00:00,250.9117889404297,122659300,-0.019433678515052854
2019-03-25 00:00:00+00:00,250.72308349609375,85575200,-0.0007523617818702247
2019-03-26 00:00:00+00:00,252.59197998046875,68125900,0.00742638243638008
2019-03-27 00:00:00+00:00,251.27114868164062,72224700,-0.0052428298448319475
2019-03-28 00:00:00+00:00,252.22354125976562,56238500,0.0037831331016819998
2019-03-29 00:00:00+00:00,253.81394958496094,82186800,0.006285753883766231
2019-04-01 00:00:00+00:00,256.8239440917969,77617900,0.011789291028469935
2019-04-02 00:00:00+00:00,256.9498291015625,40070400,0.0004900406320952243
2019-04-03 00:00:00+00:00,257.3541564941406,68243200,0.0015723287674256517
2019-04-04 00:00:00+00:00,258.0369873046875,48997500,0.002649759190813697
2019-04-05 00:00:00+00:00,259.285888671875,58621700,0.004828333914722727
2019-04-08 00:00:00+00:00,259.4836730957031,53566300,0.0007625136399187
2019-04-09 00:00:00+00:00,258.15380859375,66142300,-0.005138219216495125
2019-04-10 00:00:00+00:00,259.0343933105469,52601500,0.0034052809576406878
2019-04-11 00:00:00+00:00,258.9624938964844,55093100,-0.00027760558528414666
2019-04-12 00:00:00+00:00,260.7146301269531,69727800,0.006743197992397762
2019-04-15 00:00:00+00:00,260.54388427734375,49596700,-0.0006551292727043503
2019-04-16 00:00:00+00:00,260.7146301269531,52153200,0.0006551292727043044
2019-04-17 00:00:00+00:00,260.0766906738281,58268300,-0.002449886343025422
2019-04-18 00:00:00+00:00,260.58880615234375,68708500,0.0019671579806313745
2019-04-22 00:00:00+00:00,260.8134765625,40160100,0.0008617930205116897
2019-04-23 00:00:00+00:00,263.1585388183594,52246600,0.008951157103155184
2019-04-24 00:00:00+00:00,262.5745544433594,50392900,-0.0022216011229779105
2019-04-25 00:00:00+00:00,262.4128112792969,57770900,-0.0006161792825523447
2019-04-26 00:00:00+00:00,263.6347961425781,50916400,0.004645918141399263
2019-04-29 00:00:00+00:00,264.0480651855469,57197700,0.0015663541788099545
2019-04-30 00:00:00+00:00,264.1828918457031,81111700,0.0005104837620342941
2019-05-01 00:00:00+00:00,262.1971435546875,71671900,-0.007544958309905007
2019-05-02 00:00:00+00:00,261.63104248046875,65030200,-0.002161400664172652
2019-05-03 00:00:00+00:00,264.1918640136719,56543700,0.009740320354215954
2019-05-06 00:00:00+00:00,263.1047058105469,107198100,-0.004123522912123354
2019-05-07 00:00:00+00:00,258.7109375,144729900,-0.016840706901833015
2019-05-08 00:00:00+00:00,258.35150146484375,91568300,-0.0013903005361328216
2019-05-09 00:00:00+00:00,257.56976318359375,103471100,-0.0030304580682553642
2019-05-10 00:00:00+00:00,258.8636779785156,112429300,0.005010974887728871
2019-05-13 00:00:00+00:00,252.35829162597656,127290500,-0.02545171339426173
2019-05-14 00:00:00+00:00,254.64060974121094,77003200,0.009003307604934832
2019-05-15 00:00:00+00:00,256.1321105957031,73956400,0.005840190888923546
2019-05-16 00:00:00+00:00,258.50421142578125,76749600,0.009218617215893286
2019-05-17 00:00:00+00:00,256.8330383300781,100353000,-0.006485768124368947
2019-05-20 00:00:00+00:00,255.13479614257812,62877600,-0.006634199657939707
2019-05-21 00:00:00+00:00,257.43505859375,46847100,0.008975470844207429
2019-05-22 00:00:00+00:00,256.64434814453125,49482500,-0.00307622154244921
2019-05-23 00:00:00+00:00,253.50852966308594,98733800,-0.012293797066434747
2019-05-24 00:00:00+00:00,254.08352661132812,55268100,0.002265587836074908
2019-05-28 00:00:00+00:00,251.7203826904297,70029400,-0.009344178927765262
2019-05-29 00:00:00+00:00,250.03121948242188,104972900,-0.006733090964283531
2019-05-30 00:00:00+00:00,250.71409606933594,62523800,0.0027274424304294317
2019-05-31 00:00:00+00:00,247.33558654785156,86862800,-0.013567165936244211
2019-06-03 00:00:00+00:00,246.7066650390625,96428000,-0.0025460245414392142
2019-06-04 00:00:00+00:00,252.0619354248047,77231900,0.021474792860750477
2019-06-05 00:00:00+00:00,254.2451629638672,71169700,0.008624177214646598
2019-06-06 00:00:00+00:00,255.89854431152344,69430400,0.0064820446209020825
2019-06-07 00:00:00+00:00,258.45941162109375,74272200,0.00995761197051773
2019-06-10 00:00:00+00:00,259.6453552246094,60799100,0.004578014913884812
2019-06-11 00:00:00+00:00,259.58251953125,58641300,-0.00024203513224581682
2019-06-12 00:00:00+00:00,259.12420654296875,47096300,-0.001767137708112369
2019-06-13 00:00:00+00:00,260.193359375,48945200,0.004117535830642295
2019-06-14 00:00:00+00:00,259.90594482421875,52324700,-0.0011052296271803549
2019-06-17 00:00:00+00:00,260.0047912597656,39205700,0.0003802438760252421
2019-06-18 00:00:00+00:00,262.727294921875,85434800,0.010416534017917473
2019-06-19 00:00:00+00:00,263.3203125,78674400,0.0022546165820934746
2019-06-20 00:00:00+00:00,265.83624267578125,116570000,0.009509280797993942
2019-06-21 00:00:00+00:00,265.4496765136719,83309500,-0.0014552097707250507
2019-06-24 00:00:00+00:00,265.1246643066406,47582700,-0.0012251336812898572
2019-06-25 00:00:00+00:00,262.52435302734375,82028700,-0.00985629554791191
2019-06-26 00:00:00+00:00,262.2624206542969,51584900,-0.0009982431262905679
2019-06-27 00:00:00+00:00,263.1925048828125,40355200,0.0035401141169787995
2019-06-28 00:00:00+00:00,264.5468444824219,59350900,0.005132619253952462
2019-07-01 00:00:00+00:00,266.9485168457031,78705600,0.00903747759468851
2019-07-02 00:00:00+00:00,267.6436767578125,61504500,0.0026007125141311893
2019-07-03 00:00:00+00:00,269.78350830078125,40898900,0.007963284740224456
2019-07-05 00:00:00+00:00,269.47662353515625,51677300,-0.0011381698020551895
2019-07-08 00:00:00+00:00,267.99591064453125,45841800,-0.0055099248522412
2019-07-09 00:00:00+00:00,268.3300476074219,41101300,0.0012460221288211357
2019-07-10 00:00:00+00:00,269.6119689941406,58448500,0.004766029697367276
2019-07-11 00:00:00+00:00,270.24407958984375,50826100,0.002341775687171034
2019-07-12 00:00:00+00:00,271.4539489746094,40326000,0.004466958832227145
2019-07-15 00:00:00+00:00,271.54425048828125,33900000,0.00033260336624924344
2019-07-16 00:00:00+00:00,270.6684265136719,36650100,-0.0032305579469800883
2019-07-17 00:00:00+00:00,268.8265075683594,36036300,-0.006828335117703177
2019-07-18 00:00:00+00:00,269.8106384277344,51392600,0.003654155535947581
2019-07-19 00:00:00+00:00,268.3119201660156,58678600,-0.005570188845807623
2019-07-22 00:00:00+00:00,268.97100830078125,43638100,0.002453413017409527
2019-07-23 00:00:00+00:00,270.8941955566406,44564500,0.007124724384772682
2019-07-24 00:00:00+00:00,272.1672058105469,47213200,0.004688282328407177
2019-07-25 00:00:00+00:00,270.8670349121094,55394100,-0.004788550280510352
2019-07-26 00:00:00+00:00,272.6819152832031,45084100,0.00667791599972564
2019-07-29 00:00:00+00:00,272.1853332519531,38126500,-0.0018227638753287737
2019-07-30 00:00:00+00:00,271.51715087890625,45849000,-0.0024578983136478664
2019-07-31 00:00:00+00:00,268.5466003417969,104245200,-0.011000851244031388
2019-08-01 00:00:00+00:00,266.2081298828125,142646600,-0.008746010958374306
2019-08-02 00:00:00+00:00,264.2037353515625,116749700,-0.007557915664734076
2019-08-05 00:00:00+00:00,256.2582702636719,178745400,-0.030534726204846326
2019-08-06 00:00:00+00:00,259.8517761230469,120711700,0.013925572485443332
2019-08-07 00:00:00+00:00,260.00537109375,140572300,0.0005909122380822626
2019-08-08 00:00:00+00:00,265.1066589355469,87713900,0.019429942704433836
2019-08-09 00:00:00+00:00,263.30078125,93730000,-0.006835197913869661
2019-08-12 00:00:00+00:00,260.0956115722656,65527600,-0.012247733412279244
2019-08-13 00:00:00+00:00,264.1405029296875,94299800,0.015431869407506774
2019-08-14 00:00:00+00:00,256.3304748535156,135622100,-0.030013640282186723
2019-08-15 00:00:00+00:00,257.0076599121094,99556600,0.0026383601978976212
2019-08-16 00:00:00+00:00,260.7998962402344,83018300,0.014647542644016303
2019-08-19 00:00:00+00:00,263.9419250488281,53571800,0.011975665870766589
2019-08-20 00:00:00+00:00,261.9194030761719,51596400,-0.007692263482204744
2019-08-21 00:00:00+00:00,264.05023193359375,49524700,0.008102522933419821
2019-08-22 00:00:00+00:00,263.968994140625,51666400,-0.0003077077106216554
2019-08-23 00:00:00+00:00,257.188232421875,149161500,-0.026023411131703138
2019-08-26 00:00:00+00:00,260.0323791503906,72423800,0.010997919775260783
2019-08-27 00:00:00+00:00,259.0120849609375,66668900,-0.00393143776364454
2019-08-28 00:00:00+00:00,260.83599853515625,59696700,0.007017131028323333
2019-08-29 00:00:00+00:00,264.1676330566406,57899400,0.012692023615058015
2019-08-30 00:00:00+00:00,264.05023193359375,62901200,-0.00044451781267263954
2019-09-03 00:00:00+00:00,262.50628662109375,69101400,-0.00586432674489541
2019-09-04 00:00:00+00:00,265.48590087890625,46887300,0.011286704460030017
2019-09-05 00:00:00+00:00,268.8987731933594,83258100,0.012773265711228712
2019-09-06 00:00:00+00:00,269.1063537597656,49584300,0.0007716676526208206
2019-09-09 00:00:00+00:00,269.2419128417969,51260300,0.0005036111131260848
2019-09-10 00:00:00+00:00,269.1785888671875,57947100,-0.00023522126182181358
2019-09-11 00:00:00+00:00,271.09283447265625,68821100,0.007086266395420748
2019-09-12 00:00:00+00:00,272.03173828125,72908700,0.003457419498138232
2019-09-13 00:00:00+00:00,271.8511962890625,62104800,-0.0006639002158119926
2019-09-16 00:00:00+00:00,271.01153564453125,58191200,-0.003093457202829886
2019-09-17 00:00:00+00:00,271.69769287109375,41475500,0.0025286380113610264
2019-09-18 00:00:00+00:00,271.8603210449219,73375800,0.0005983838873391996
2019-09-19 00:00:00+00:00,271.8421936035156,76560500,-6.66814698279387e-05
2019-09-20 00:00:00+00:00,270.55780029296875,89565000,-0.004735972439836626
2019-09-23 00:00:00+00:00,270.4942321777344,43476800,-0.00023497967556502028
2019-09-24 00:00:00+00:00,268.3718566894531,94869400,-0.007877231492962523
2019-09-25 00:00:00+00:00,269.9590759277344,71854000,0.005896833124112323
2019-09-26 00:00:00+00:00,269.3968200683594,56179700,-0.0020849167209270885
2019-09-27 00:00:00+00:00,267.94537353515625,84746600,-0.005402330509457296
2019-09-30 00:00:00+00:00,269.1882019042969,51662400,0.00462764066111429
2019-10-01 00:00:00+00:00,265.9862060546875,88242400,-0.011966319803277206
2019-10-02 00:00:00+00:00,261.28759765625,122539500,-0.017822743101806027
2019-10-03 00:00:00+00:00,263.4283142089844,85278800,0.008159571232635873
2019-10-04 00:00:00+00:00,266.99298095703125,65091200,0.013441090873608445
2019-10-07 00:00:00+00:00,265.8410949707031,59610500,-0.0043236265576448146
2019-10-08 00:00:00+00:00,261.7139892578125,95708100,-0.01564647951702232
2019-10-09 00:00:00+00:00,264.1993103027344,62359400,0.009451518143248018
2019-10-10 00:00:00+00:00,265.9862060546875,55296300,0.006740668926980878
2019-10-11 00:00:00+00:00,268.7436828613281,98720400,0.010313623033526877
2019-10-14 00:00:00+00:00,268.4443664550781,40394800,-0.0011143823382011148
2019-10-15 00:00:00+00:00,271.1020202636719,46754500,0.009851517379357024
2019-10-16 00:00:00+00:00,270.6665954589844,48928200,-0.0016074201635356922
2019-10-17 00:00:00+00:00,271.4648742675781,45736600,0.0029449660464856936
2019-10-18 00:00:00+00:00,270.276611328125,64304000,-0.004386833486654863
2019-10-21 00:00:00+00:00,272.10894775390625,39048600,0.0067566083420747365
2019-10-22 00:00:00+00:00,271.21990966796875,48594700,-0.003272562711274668
2019-10-23 00:00:00+00:00,272.00909423828125,34352200,0.0029055338350391174
2019-10-24 00:00:00+00:00,272.45355224609375,35453100,0.0016326486652819489
2019-10-25 00:00:00+00:00,273.56927490234375,45205400,0.004086731006898761
2019-10-28 00:00:00+00:00,275.1112060546875,42147000,0.005620521469323905
2019-10-29 00:00:00+00:00,275.0295715332031,44284900,-0.0002967768447977583
2019-10-30 00:00:00+00:00,275.8731994628906,49643900,0.0030627131811762835
2019-10-31 00:00:00+00:00,275.1383361816406,69053800,-0.0026673260699715644
2019-11-01 00:00:00+00:00,277.687255859375,71141500,0.009221489659208396
2019-11-04 00:00:00+00:00,278.802978515625,60606900,0.004009860667102028
2019-11-05 00:00:00+00:00,278.49456787109375,42933200,-0.0011068079449301964
2019-11-06 00:00:00+00:00,278.5580749511719,46487100,0.000228011054867287
2019-11-07 00:00:00+00:00,279.5376281738281,54272300,0.0035103449929883156
2019-11-08 00:00:00+00:00,280.22705078125,49032100,0.00246325994454212
2019-11-11 00:00:00+00:00,279.6919250488281,35797300,-0.0019114404706741758
2019-11-12 00:00:00+00:00,280.28143310546875,46484600,0.002105486862308669
2019-11-13 00:00:00+00:00,280.37225341796875,53917700,0.000323980080671703
2019-11-14 00:00:00+00:00,280.78033447265625,51219900,0.0014544390792498782
2019-11-15 00:00:00+00:00,282.8121337890625,62023600,0.00721020323402503
2019-11-18 00:00:00+00:00,283.02069091796875,49228000,0.0007371687510661268
2019-11-19 00:00:00+00:00,282.9391174316406,67804700,-0.000288266006488589
2019-11-20 00:00:00+00:00,281.88702392578125,79406200,-0.003725375458415591
2019-11-21 00:00:00+00:00,281.43341064453125,54664700,-0.0016104985775669443
2019-11-22 00:00:00+00:00,282.0593566894531,44850200,0.0022216657911878187
2019-11-25 00:00:00+00:00,284.2453308105469,48647200,0.007720172643924669
2019-11-26 00:00:00+00:00,284.8893737792969,37569000,0.0022632365886946612
2019-11-27 00:00:00+00:00,286.1591796875,44444600,0.004447285588527298
2019-11-29 00:00:00+00:00,285.0979309082031,36592700,-0.003715489857294791
2019-12-02 00:00:00+00:00,282.6761779785156,75767800,-0.008530743400944226
2019-12-03 00:00:00+00:00,280.78033447265625,73941700,-0.006729359296715538
2019-12-04 00:00:00+00:00,282.5128173828125,49080000,0.00615128505396473
2019-12-05 00:00:00+00:00,283.02069091796875,40709000,0.0017960869311263235
2019-12-06 00:00:00+00:00,285.60595703125,48927000,0.009093080445491042
2019-12-09 00:00:00+00:00,284.7079772949219,34838500,-0.0031490743057843392
2019-12-10 00:00:00+00:00,284.3905029296875,52649800,-0.0011157098786908528
2019-12-11 00:00:00+00:00,285.1977844238281,53429100,0.002834615994078437
2019-12-12 00:00:00+00:00,287.6557922363281,96389600,0.008581679499521308
2019-12-13 00:00:00+00:00,287.8282470703125,81503900,0.0005993383912241606
2019-12-16 00:00:00+00:00,289.8055725097656,82749700,0.006846320613066541
2019-12-17 00:00:00+00:00,289.8691101074219,61097700,0.00021921812290926239
2019-12-18 00:00:00+00:00,289.88720703125,48133000,6.242941490765238e-05
2019-12-19 00:00:00+00:00,291.075439453125,85310500,0.004090569629329277
2019-12-20 00:00:00+00:00,292.35174560546875,147142100,0.004375209866797792
2019-12-23 00:00:00+00:00,292.7982482910156,52990000,0.0015261139087886192
2019-12-24 00:00:00+00:00,292.807373046875,20270000,3.116348452828335e-05
2019-12-26 00:00:00+00:00,294.3659973144531,30911200,0.005308918990610145
2019-12-27 00:00:00+00:00,294.2930908203125,42528800,-0.00024770362331247525
2019-12-30 00:00:00+00:00,292.670654296875,49729100,-0.0055282482740844465
2019-12-31 00:00:00+00:00,293.381591796875,57077300,0.0024261927276204463
2020-01-02 00:00:00+00:00,296.125244140625,59151200,0.009308364167883953
2020-01-03 00:00:00+00:00,293.8829650878906,77709700,-0.007600876777571743
2020-01-06 00:00:00+00:00,295.004150390625,55653900,0.0038078152093301535
2020-01-07 00:00:00+00:00,294.1745910644531,40496400,-0.002815987122375
2020-01-08 00:00:00+00:00,295.742431640625,68296000,0.005315473896636228
2020-01-09 00:00:00+00:00,297.747802734375,48473300,0.006757916506814529
2020-01-10 00:00:00+00:00,296.8909606933594,53029300,-0.0028818929633997363
2020-01-13 00:00:00+00:00,298.9327697753906,47086800,0.0068537621792600706
2020-01-14 00:00:00+00:00,298.47698974609375,62832800,-0.0015258542749353693
2020-01-15 00:00:00+00:00,299.151611328125,72056600,0.0022576625930097786
2020-01-16 00:00:00+00:00,301.6399841308594,54050300,0.008283694548284377
2020-01-17 00:00:00+00:00,302.5788269042969,95846000,0.003107627607257099
2020-01-21 00:00:00+00:00,301.9863586425781,77742400,-0.0019599820351817324
2020-01-22 00:00:00+00:00,302.0227966308594,48914900,0.00012065376164364754
2020-01-23 00:00:00+00:00,302.36920166015625,51963000,0.0011462926981407715
2020-01-24 00:00:00+00:00,299.6802062988281,87578400,-0.008932865664175846
2020-01-27 00:00:00+00:00,294.8765563964844,84062500,-0.016159111221889184
2020-01-28 00:00:00+00:00,297.966552734375,63834000,0.010424425189024759
2020-01-29 00:00:00+00:00,297.7204284667969,53888900,-0.0008263544087788481
2020-01-30 00:00:00+00:00,298.6866149902344,75491800,0.0032400266873804104
2020-01-31 00:00:00+00:00,293.26318359375,113845600,-0.018324469973840612
2020-02-03 00:00:00+00:00,295.441650390625,69083000,0.007400913376729992
2020-02-04 00:00:00+00:00,299.9445495605469,62573200,0.015126266032749048
2020-02-05 00:00:00+00:00,303.4083251953125,65951100,0.0114818834321397
2020-02-06 00:00:00+00:00,304.4292297363281,50359700,0.0033591392723511557
2020-02-07 00:00:00+00:00,302.8067321777344,64139400,-0.005343891078649046
2020-02-10 00:00:00+00:00,305.06732177734375,42070000,0.0074377249897834416
2020-02-11 00:00:00+00:00,305.5960388183594,54864500,0.001731615836957238
2020-02-12 00:00:00+00:00,307.56488037109375,43992700,0.006421962840841592
2020-02-13 00:00:00+00:00,307.23675537109375,54501900,-0.0010674175606537593
2020-02-14 00:00:00+00:00,307.72894287109375,64582200,0.0016006993772129763
2020-02-18 00:00:00+00:00,306.9359436035156,57226200,-0.0025802668250466524
2020-02-19 00:00:00+00:00,308.4034118652344,48814700,0.004769631685917547
2020-02-20 00:00:00+00:00,307.1365051269531,74163400,-0.004116413874293889
2020-02-21 00:00:00+00:00,303.9734802246094,113788200,-0.010351829372854685
2020-02-24 00:00:00+00:00,293.89208984375,161088400,-0.033727802882943
2020-02-25 00:00:00+00:00,284.98651123046875,218913200,-0.030770808482031755
2020-02-26 00:00:00+00:00,283.9382019042969,194773800,-0.003685234578106116
2020-02-27 00:00:00+00:00,271.1860656738281,284353500,-0.04595144106710814
2020-02-28 00:00:00+00:00,270.04681396484375,384975800,-0.004209845463583788
2020-03-02 00:00:00+00:00,281.7414855957031,238703600,0.042394603725795954
2020-03-03 00:00:00+00:00,273.6745300292969,300139100,-0.02905037901898797
2020-03-04 00:00:00+00:00,285.17791748046875,176613400,0.041173703622616006
2020-03-05 00:00:00+00:00,275.69818115234375,186366800,-0.03380653654394276
2020-03-06 00:00:00+00:00,271.1404724121094,228667200,-0.01666968584163062
2020-03-09 00:00:00+00:00,249.96591186523438,309417300,-0.08131247894141945
2020-03-10 00:00:00+00:00,262.9003601074219,276444100,0.050450545459124814
2020-03-11 00:00:00+00:00,250.08444213867188,255316300,-0.04997647209947867
2020-03-12 00:00:00+00:00,226.1570587158203,392220700,-0.10056892140967169
2020-03-13 00:00:00+00:00,245.4903564453125,329566100,0.08202795720491696
2020-03-16 00:00:00+00:00,218.62789916992188,297240000,-0.11588647100449564
2020-03-17 00:00:00+00:00,230.43209838867188,262070500,0.05258504086450222
2020-03-18 00:00:00+00:00,218.76466369628906,327597100,-0.051959678010007726
2020-03-19 00:00:00+00:00,219.22952270507812,289322000,0.0021226728471118957
2020-03-20 00:00:00+00:00,209.78199768066406,347158800,-0.04405034464894449
2020-03-23 00:00:00+00:00,204.4182586669922,326025200,-0.025900702772958042
2020-03-24 00:00:00+00:00,222.939208984375,235494500,0.08673094638883456
2020-03-25 00:00:00+00:00,226.27662658691406,299430300,0.014859133382244698
2020-03-26 00:00:00+00:00,239.4888916015625,257632800,0.056748771925930724
2020-03-27 00:00:00+00:00,232.35557556152344,224341200,-0.030238182519041243
2020-03-30 00:00:00+00:00,239.90147399902344,171369500,0.03195946241506416
2020-03-31 00:00:00+00:00,236.32565307617188,194881100,-0.015017574275540275
2020-04-01 00:00:00+00:00,225.68988037109375,189554600,-0.046048893592339
2020-04-02 00:00:00+00:00,230.89772033691406,177660400,0.022812997184757343
2020-04-03 00:00:00+00:00,227.56028747558594,135561200,-0.01455964018892088
2020-04-06 00:00:00+00:00,242.84463500976562,188061200,0.06500667358428808
2020-04-07 00:00:00+00:00,243.0922088623047,201427200,0.0010189549406751084
2020-04-08 00:00:00+00:00,251.2523956298828,153774500,0.03301716247074976
2020-04-09 00:00:00+00:00,255.0758056640625,189999200,0.015102783921176793
2020-04-13 00:00:00+00:00,252.74693298339844,114839100,-0.0091720548533153
2020-04-14 00:00:00+00:00,260.201171875,134143400,0.029066346574385265
2020-04-15 00:00:00+00:00,254.67237854003906,121775000,-0.021477140746349203
2020-04-16 00:00:00+00:00,255.90103149414062,131798300,0.004812844937124963
2020-04-17 00:00:00+00:00,262.81427001953125,146684800,0.026656811052224595
2020-04-20 00:00:00+00:00,258.1839904785156,100109300,-0.017775112911659088
2020-04-21 00:00:00+00:00,250.34469604492188,126385700,-0.030833719754886704
2020-04-22 00:00:00+00:00,255.90103149414062,92951600,0.02195202161432132
2020-04-23 00:00:00+00:00,255.88272094726562,104709700,-7.1555795960591e-05
2020-04-24 00:00:00+00:00,259.44927978515625,85063200,0.013842011670450544
2020-04-27 00:00:00+00:00,263.1902160644531,77896600,0.014315795872185521
2020-04-28 00:00:00+00:00,261.9798583984375,105270000,-0.00460940128871403
2020-04-29 00:00:00+00:00,268.8382568359375,118745600,0.025842298596158466
2020-04-30 00:00:00+00:00,266.33514404296875,122901700,-0.009354467325764879
2020-05-01 00:00:00+00:00,259.2843322753906,125180000,-0.02683018817244231
2020-05-04 00:00:00+00:00,259.99945068359375,80873200,0.0027542506958181862
2020-05-05 00:00:00+00:00,262.40167236328125,79569900,0.009196912127412712
2020-05-06 00:00:00+00:00,260.62298583984375,73632600,-0.006801566054542659
2020-05-07 00:00:00+00:00,263.7678527832031,75250400,0.011994506446318333
2020-05-08 00:00:00+00:00,268.1322326660156,76452400,0.016410893519534557
2020-05-11 00:00:00+00:00,268.1871643066406,79514200,0.0002048467429190601
2020-05-12 00:00:00+00:00,262.84185791015625,95870800,-0.020132560437384994
2020-05-13 00:00:00+00:00,258.19317626953125,144721100,-0.017844500619653935
2020-05-14 00:00:00+00:00,261.2830505371094,121977900,0.011896254527866763
2020-05-15 00:00:00+00:00,262.4842224121094,111146300,0.004586670618211323
2020-05-18 00:00:00+00:00,270.4793701171875,119703800,0.03000485450906131
2020-05-19 00:00:00+00:00,267.7012023925781,95189300,-0.010324387554065633
2020-05-20 00:00:00+00:00,272.2490234375,85861700,0.016845732716644378
2020-05-21 00:00:00+00:00,270.3693542480469,78293900,-0.006928171935765977
2020-05-22 00:00:00+00:00,270.88287353515625,63958200,0.0018975236122126128
2020-05-26 00:00:00+00:00,274.2203369140625,88951400,0.012245406077976927
2020-05-27 00:00:00+00:00,278.3004455566406,104817400,0.014769336969968783
2020-05-28 00:00:00+00:00,277.7870178222656,90405200,-0.001846572397611924
2020-05-29 00:00:00+00:00,279.02471923828125,119090800,0.004445680190042527
2020-06-01 00:00:00+00:00,280.152587890625,55758300,0.004034034169443791
2020-06-02 00:00:00+00:00,282.47210693359375,74267200,0.008245397706996909
2020-06-03 00:00:00+00:00,286.2314147949219,92567600,0.013220817086539475
2020-06-04 00:00:00+00:00,285.47955322265625,75794400,-0.002630217182376344
2020-06-05 00:00:00+00:00,292.79632568359375,150524700,0.02530682401595283
2020-06-08 00:00:00+00:00,296.3354187011719,73641200,0.012014750944245785
2020-06-09 00:00:00+00:00,294.1257629394531,77479200,-0.007484543084379366
2020-06-10 00:00:00+00:00,292.48455810546875,95000800,-0.005595568496948786
2020-06-11 00:00:00+00:00,275.6230773925781,209243600,-0.059377601746152656
2020-06-12 00:00:00+00:00,278.923828125,194678900,0.011904456341838773
2020-06-15 00:00:00+00:00,281.52777099609375,135782700,0.009292369268935166
2020-06-16 00:00:00+00:00,286.9465637207031,137627500,0.019064912956676724
2020-06-17 00:00:00+00:00,285.754638671875,83398900,-0.004162473432245674
2020-06-18 00:00:00+00:00,285.8647155761719,80828700,0.0003851405829402725
2020-06-19 00:00:00+00:00,284.2309875488281,135549600,-0.0057314324266031875
2020-06-22 00:00:00+00:00,286.0543518066406,74649400,0.006394590024360468
2020-06-23 00:00:00+00:00,287.37127685546875,68471200,0.00459319325231573
2020-06-24 00:00:00+00:00,280.04083251953125,132813500,-0.025839604334647697
2020-06-25 00:00:00+00:00,283.0429992675781,89468000,0.01066340401230245
2020-06-26 00:00:00+00:00,276.3202819824219,127961000,-0.02403819208611644
2020-06-29 00:00:00+00:00,280.38153076171875,79773300,0.01459065063206206
2020-06-30 00:00:00+00:00,283.9730529785156,113394800,0.012728064258807912
2020-07-01 00:00:00+00:00,285.9621887207031,72396500,0.006980245028452339
2020-07-02 00:00:00+00:00,287.5370178222656,69344200,0.0054920147820820275
2020-07-06 00:00:00+00:00,291.97576904296875,61713800,0.015319206503951016
2020-07-07 00:00:00+00:00,288.9644470214844,82910000,-0.01036715623760391
2020-07-08 00:00:00+00:00,291.1747131347656,54638600,0.007619815931658771
2020-07-09 00:00:00+00:00,289.5169982910156,83354200,-0.005709464469046944
2020-07-10 00:00:00+00:00,292.4731140136719,57550400,0.010158733224752229
2020-07-13 00:00:00+00:00,289.9405212402344,102997500,-0.008696941772022748
2020-07-14 00:00:00+00:00,293.697998046875,93657000,0.012876219088341431
2020-07-15 00:00:00+00:00,296.3962097167969,87196500,0.009145083748519097
2020-07-16 00:00:00+00:00,295.42010498046875,54622500,-0.0032986776376131097
2020-07-17 00:00:00+00:00,296.2765808105469,62774900,0.0028949847069211767
2020-07-20 00:00:00+00:00,298.6708984375,56308800,0.008048880402629867
2020-07-21 00:00:00+00:00,299.3062744140625,57292200,0.002125085185593437
2020-07-22 00:00:00+00:00,301.01007080078125,57792900,0.005676343731485466
2020-07-23 00:00:00+00:00,297.4183654785156,75738000,-0.012003936421333988
2020-07-24 00:00:00+00:00,295.5029296875,73766600,-0.006461034440638551
2020-07-27 00:00:00+00:00,297.6578674316406,48293000,0.007265979934380192
2020-07-28 00:00:00+00:00,295.76995849609375,57495000,-0.00636274614137366
2020-07-29 00:00:00+00:00,299.4076232910156,48454200,0.012223948625105148
2020-07-30 00:00:00+00:00,298.33929443359375,61861700,-0.003574522806442837
2020-07-31 00:00:00+00:00,300.6968994140625,84986800,0.007871367965617162
2020-08-03 00:00:00+00:00,302.78741455078125,53077900,0.006928178414375548
2020-08-04 00:00:00+00:00,303.9568786621094,41917900,0.0038548877100665116
2020-08-05 00:00:00+00:00,305.8447265625,42697700,0.006191698793297144
2020-08-06 00:00:00+00:00,307.88922119140625,43679400,0.0066625031876767936
2020-08-07 00:00:00+00:00,308.1101989746094,57308300,0.0007174610411893813
2020-08-10 00:00:00+00:00,309.03118896484375,44282100,0.0029846991044428493
2020-08-11 00:00:00+00:00,306.4801940917969,69601100,-0.008289073279732117
2020-08-12 00:00:00+00:00,310.7532653808594,53774400,0.013846104713809683
2020-08-13 00:00:00+00:00,310.1915283203125,41816100,-0.0018092984094081796
2020-08-14 00:00:00+00:00,310.2007751464844,47260400,2.980960956765005e-05
2020-08-17 00:00:00+00:00,311.1861267089844,35481000,0.0031714617268576036
2020-08-18 00:00:00+00:00,311.85833740234375,38733900,0.0021578265851313013
2020-08-19 00:00:00+00:00,310.5599060058594,68054200,-0.004172221151177455
2020-08-20 00:00:00+00:00,311.5268249511719,42207800,0.003108633172370218
2020-08-21 00:00:00+00:00,312.63189697265625,55106600,0.003541000509476531
2020-08-24 00:00:00+00:00,315.79986572265625,48588700,0.010082226181699195
2020-08-25 00:00:00+00:00,316.90509033203125,38463400,0.0034936528407435215
2020-08-26 00:00:00+00:00,320.0821533203125,50790200,0.009975362505686475
2020-08-27 00:00:00+00:00,320.7820739746094,58034100,0.0021843033290798097
2020-08-28 00:00:00+00:00,322.8541564941406,48588900,0.006438698071783268
2020-08-31 00:00:00+00:00,321.68450927734375,66099200,-0.003629412982824159
2020-09-01 00:00:00+00:00,324.71435546875,54908700,0.009374609226673753
2020-09-02 00:00:00+00:00,329.4110412597656,69540000,0.014360446873722848
2020-09-03 00:00:00+00:00,318.0746154785156,148011100,-0.035020341362807475
2020-09-04 00:00:00+00:00,315.4775085449219,139156300,-0.008198603974635663
2020-09-08 00:00:00+00:00,306.8578186035156,114465300,-0.0277028824274572
2020-09-09 00:00:00+00:00,312.9173889160156,91462300,0.01955471380399264
2020-09-10 00:00:00+00:00,307.4839782714844,90569500,-0.017516239821003917
2020-09-11 00:00:00+00:00,307.64056396484375,84680200,0.0005091186775685751
2020-09-14 00:00:00+00:00,311.6925964355469,65605700,0.013085332894732234
2020-09-15 00:00:00+00:00,313.2673645019531,52920900,0.005039591326686005
2020-09-16 00:00:00+00:00,312.024169921875,82096000,-0.00397637309864416
2020-09-17 00:00:00+00:00,309.27984619140625,91523300,-0.00883413435923622
2020-09-18 00:00:00+00:00,305.7192077636719,105877900,-0.011579459155575155
2020-09-21 00:00:00+00:00,302.3166198730469,99450800,-0.011192180640124755
2020-09-22 00:00:00+00:00,305.3955078125,63612100,0.010132805131092586
2020-09-23 00:00:00+00:00,298.3131103515625,93112200,-0.02346404270542946
2020-09-24 00:00:00+00:00,299.1082458496094,76681300,0.002661893349808891
2020-09-25 00:00:00+00:00,303.94390869140625,71069400,0.016037639370593996
2020-09-28 00:00:00+00:00,308.9922790527344,64584600,0.016473116202750878
2020-09-29 00:00:00+00:00,307.30950927734375,51304000,-0.005460876437809256
2020-09-30 00:00:00+00:00,309.6395263671875,104081100,0.007553389447818826
2020-10-01 00:00:00+00:00,311.6273498535156,88698700,0.006399279749124639
2020-10-02 00:00:00+00:00,308.66864013671875,89431100,-0.009539742971230194
2020-10-05 00:00:00+00:00,314.142333984375,45713100,0.017577836656795187
2020-10-06 00:00:00+00:00,309.676513671875,90128900,-0.014317927780644744
2020-10-07 00:00:00+00:00,315.0668640136719,56999600,0.01725663464504424
2020-10-08 00:00:00+00:00,317.8591613769531,45242500,0.008823512913954654
2020-10-09 00:00:00+00:00,320.69769287109375,59528600,0.008890516708097746
2020-10-12 00:00:00+00:00,325.8569641113281,80388500,0.015959612056137724
2020-10-13 00:00:00+00:00,323.7303466796875,73255500,-0.006547618753878436
2020-10-14 00:00:00+00:00,321.6961975097656,57727900,-0.006303291747794099
2020-10-15 00:00:00+00:00,321.2986755371094,60357700,-0.0012364702736082692
2020-10-16 00:00:00+00:00,321.1045837402344,89501900,-0.0006042678021254858
2020-10-19 00:00:00+00:00,316.2225646972656,68425600,-0.01532059177793844
2020-10-20 00:00:00+00:00,317.48931884765625,60051900,0.0039978920089990475
2020-10-21 00:00:00+00:00,316.8883361816406,63575000,-0.0018947163130433352
2020-10-22 00:00:00+00:00,318.62664794921875,55399300,0.005470574718817086
2020-10-23 00:00:00+00:00,319.7084045410156,49143900,0.00338930980877846
2020-10-26 00:00:00+00:00,313.8002014160156,91473000,-0.0186528623968744
2020-10-27 00:00:00+00:00,312.7183837890625,65994100,-0.003453428925051515
2020-10-28 00:00:00+00:00,302.0299987792969,127094300,-0.0347767070868977
2020-10-29 00:00:00+00:00,305.0996398925781,90597700,0.010112065280952333
2020-10-30 00:00:00+00:00,301.9190979003906,120287300,-0.010479317689350377
2020-11-02 00:00:00+00:00,305.30316162109375,86068300,0.011146161732506075
2020-11-03 00:00:00+00:00,310.6935119628906,93294200,0.017501678709912274
2020-11-04 00:00:00+00:00,317.63720703125,126959700,0.022102938931652213
2020-11-05 00:00:00+00:00,323.8321228027344,82039700,0.01931536890038298
2020-11-06 00:00:00+00:00,323.7581481933594,74973000,-0.0002284611520891764
2020-11-09 00:00:00+00:00,327.8263244628906,172304200,0.01248718869966212
2020-11-10 00:00:00+00:00,327.3456115722656,85552000,-0.0014674406837303807
2020-11-11 00:00:00+00:00,329.7772521972656,58649000,0.007400904330553556
2020-11-12 00:00:00+00:00,326.57818603515625,67546200,-0.00974804597682553
2020-11-13 00:00:00+00:00,331.09942626953125,62892200,0.013749324519014254
2020-11-16 00:00:00+00:00,335.23248291015625,74541100,0.012405558218866328
2020-11-17 00:00:00+00:00,333.429443359375,66111000,-0.005392991136367724
2020-11-18 00:00:00+00:00,329.4166259765625,70591300,-0.012107988846038545
2020-11-19 00:00:00+00:00,330.80352783203125,59940900,0.0042013376523334445
2020-11-20 00:00:00+00:00,328.53826904296875,70417300,-0.006871300174195614
2020-11-23 00:00:00+00:00,330.5076904296875,63230600,0.005976600632107518
2020-11-24 00:00:00+00:00,335.8334045410156,62415900,0.01598528908827627
2020-11-25 00:00:00+00:00,335.3156433105469,45330900,-0.0015429101325261116
2020-11-27 00:00:00+00:00,336.24945068359375,28514100,0.0027809902069939984
2020-11-30 00:00:00+00:00,334.76092529296875,83872700,-0.004436676050343814
2020-12-01 00:00:00+00:00,338.4223327636719,74231400,0.010877999509367239
2020-12-02 00:00:00+00:00,339.1342468261719,45927000,0.0021014166076356987
2020-12-03 00:00:00+00:00,339.0418395996094,62882000,-0.00027251691406992554
2020-12-04 00:00:00+00:00,341.9635314941406,50749900,0.008580577906264006
2020-12-07 00:00:00+00:00,341.2608947753906,48944300,-0.0020568262475543562
2020-12-08 00:00:00+00:00,342.25946044921875,42458900,0.002921833641385835
2020-12-09 00:00:00+00:00,339.18975830078125,74098300,-0.009009395939484584
2020-12-10 00:00:00+00:00,339.0787353515625,57735400,-0.00032737168613700406
2020-12-11 00:00:00+00:00,338.68115234375,57698600,-0.0011732268628916764
2020-12-14 00:00:00+00:00,337.164794921875,69216200,-0.004487294693216222
2020-12-15 00:00:00+00:00,341.7231750488281,63865300,0.013429163084800631
2020-12-16 00:00:00+00:00,342.25946044921875,58420500,0.0015681260969288154
2020-12-17 00:00:00+00:00,344.17327880859375,64119500,0.0055761423045247675
2020-12-18 00:00:00+00:00,342.799072265625,136542300,-0.004000767640206032
2020-12-21 00:00:00+00:00,341.573486328125,96386700,-0.0035816376103171396
2020-12-22 00:00:00+00:00,340.9977111816406,47949000,-0.0016870775829707124
2020-12-23 00:00:00+00:00,341.3041687011719,46201400,0.0008983048388841995
2020-12-24 00:00:00+00:00,342.6319885253906,26457900,0.0038828814018900325
2020-12-28 00:00:00+00:00,345.57537841796875,39000400,0.008553839963969778
2020-12-29 00:00:00+00:00,344.9161376953125,53680500,-0.0019094830496202495
2020-12-30 00:00:00+00:00,345.4082336425781,49455300,0.001425695082052484
2020-12-31 00:00:00+00:00,347.16314697265625,78520700,0.005067830219772078
2021-01-04 00:00:00+00:00,342.4369201660156,110210800,-0.013707367598366053
2021-01-05 00:00:00+00:00,344.7954406738281,66426200,0.006863849556092224
2021-01-06 00:00:00+00:00,346.856689453125,107997700,0.005960380346880264
2021-01-07 00:00:00+00:00,352.01019287109375,68766800,0.014748436253757937
2021-01-08 00:00:00+00:00,354.0158386230469,71677200,0.005681521806897071
2021-01-11 00:00:00+00:00,351.6294860839844,51034700,-0.006763629128712709
2021-01-12 00:00:00+00:00,351.70379638671875,52547700,0.00021130893379557922
2021-01-13 00:00:00+00:00,352.65087890625,45303600,0.0026892221306137856
2021-01-14 00:00:00+00:00,351.4159851074219,49989100,-0.003507891446843307
2021-01-15 00:00:00+00:00,348.8531494140625,107160000,-0.007319606160974131
2021-01-19 00:00:00+00:00,351.59234619140625,51233300,0.007821338728945864
2021-01-20 00:00:00+00:00,356.4578857421875,61836100,0.0137437032529406
2021-01-21 00:00:00+00:00,356.7828674316406,47840100,0.0009112819493185287
2021-01-22 00:00:00+00:00,355.5201416015625,52860500,-0.003545477519574945
2021-01-25 00:00:00+00:00,356.92218017578125,70402000,0.003935870571654398
2021-01-26 00:00:00+00:00,356.3650207519531,42665300,-0.0015622305753383483
2021-01-27 00:00:00+00:00,347.6552734375,123351100,-0.024744149499720643
2021-01-28 00:00:00+00:00,350.645263671875,94198100,0.008563672368569317
2021-01-29 00:00:00+00:00,343.6254577636719,126765100,-0.02022278896549366
2021-02-01 00:00:00+00:00,349.3452453613281,75817600,0.016508396303207457
2021-02-02 00:00:00+00:00,354.28509521484375,64450700,0.014041267776442523
2021-02-03 00:00:00+00:00,354.5636901855469,52427100,0.0007860491286317461
2021-02-04 00:00:00+00:00,358.5935974121094,47142600,0.011301714758137156
2021-02-05 00:00:00+00:00,360.00494384765625,48669800,0.003928057654516864
2021-02-08 00:00:00+00:00,362.60491943359375,38365200,0.00719610107134438
2021-02-09 00:00:00+00:00,362.3634338378906,35551100,-0.0006661962651050803
2021-02-10 00:00:00+00:00,362.20550537109375,59154400,-0.0004359239287022542
2021-02-11 00:00:00+00:00,362.79052734375,42913300,0.0016138628992005278
2021-02-12 00:00:00+00:00,364.5826721191406,50593300,0.004927727343244511
2021-02-16 00:00:00+00:00,364.26690673828125,50972400,-0.0008664761832209266
2021-02-17 00:00:00+00:00,364.35052490234375,52290600,0.00022952556663750141
2021-02-18 00:00:00+00:00,362.7998046875,59712800,-0.004265204876152733
2021-02-19 00:00:00+00:00,362.15911865234375,83241000,-0.0017675103549357337
2021-02-22 00:00:00+00:00,359.37359619140625,67414200,-0.007721164244340961
2021-02-23 00:00:00+00:00,359.8099670410156,107284100,0.00121351745359394
2021-02-24 00:00:00+00:00,363.7748107910156,72433900,0.010959001772218716
2021-02-25 00:00:00+00:00,355.0093994140625,146670500,-0.024390758172186618
2021-02-26 00:00:00+00:00,353.18011474609375,152701600,-0.005166099468598884
2021-03-01 00:00:00+00:00,361.7413330078125,105348800,0.023951239832267414
2021-03-02 00:00:00+00:00,358.91851806640625,79595300,-0.007834013158758247
2021-03-03 00:00:00+00:00,354.1644592285156,119940200,-0.01333401420802754
2021-03-04 00:00:00+00:00,349.7817077636719,183433000,-0.01245211154165798
2021-03-05 00:00:00+00:00,356.21649169921875,152039600,0.018229400968098424
2021-03-08 00:00:00+00:00,354.4429626464844,123149200,-0.004991230958206667
2021-03-09 00:00:00+00:00,359.50347900390625,113633600,0.014176416642038288
2021-03-10 00:00:00+00:00,361.7413330078125,109899400,0.006205552256513572
2021-03-11 00:00:00+00:00,365.4090576171875,86245000,0.010088025149780631
2021-03-12 00:00:00+00:00,365.9012145996094,64653600,0.0013459596437217307
2021-03-15 00:00:00+00:00,368.083251953125,73427200,0.005945749211914748
2021-03-16 00:00:00+00:00,367.6190185546875,73722500,-0.0012620144823847791
2021-03-17 00:00:00+00:00,368.8724670410156,97959300,0.0034038402916010194
2021-03-18 00:00:00+00:00,363.50555419921875,115349100,-0.01465638989130575
2021-03-19 00:00:00+00:00,362.8329162597656,113624500,-0.0018521341195458646
2021-03-22 00:00:00+00:00,365.73016357421875,73778600,0.007953360984039261
2021-03-23 00:00:00+00:00,362.8515625,90686600,-0.007901971597097022
2021-03-24 00:00:00+00:00,361.0070495605469,97588600,-0.005096345891238568
2021-03-25 00:00:00+00:00,363.0378723144531,116128600,0.005609674256713195
2021-03-26 00:00:00+00:00,368.88824462890625,114409100,0.015986577817406353
2021-03-29 00:00:00+00:00,368.701904296875,108107600,-0.0005052679628841297
2021-03-30 00:00:00+00:00,367.7237548828125,76262200,-0.0026564799232445067
2021-03-31 00:00:00+00:00,369.2142333984375,112734200,0.004045063686933035
2021-04-01 00:00:00+00:00,373.2013854980469,99682900,0.010741127561977055
2021-04-05 00:00:00+00:00,378.55804443359375,91684800,0.014251233525953092
2021-04-06 00:00:00+00:00,378.33453369140625,62021000,-0.0005906009786436938
2021-04-07 00:00:00+00:00,378.7723083496094,55836300,0.0011564410270321543
2021-04-08 00:00:00+00:00,380.5702819824219,57863100,0.004735614769468409
2021-04-09 00:00:00+00:00,383.3371276855469,61104600,0.0072439611588440145
2021-04-12 00:00:00+00:00,383.4767761230469,56704900,0.00036423032589847607
2021-04-13 00:00:00+00:00,384.6133117675781,56551000,0.002959383259662005
2021-04-14 00:00:00+00:00,383.2998352050781,61659900,-0.0034209020866459716
2021-04-15 00:00:00+00:00,387.41741943359375,60229800,0.010685172493648367
2021-04-16 00:00:00+00:00,388.71234130859375,82037300,0.0033368726263265703
2021-04-19 00:00:00+00:00,386.8025207519531,78498500,-0.004925307072440462
2021-04-20 00:00:00+00:00,383.9705810546875,81851800,-0.007348342680630596
2021-04-21 00:00:00+00:00,387.6037292480469,66793000,0.009417563537176836
2021-04-22 00:00:00+00:00,384.0636901855469,97582800,-0.009175102660619525
2021-04-23 00:00:00+00:00,388.2278747558594,73209200,0.010784074605665108
2021-04-26 00:00:00+00:00,389.0383605957031,52182400,0.0020854788146707558
2021-04-27 00:00:00+00:00,388.95452880859375,51303100,-0.0002155078499445481
2021-04-28 00:00:00+00:00,388.8427734375,51238900,-0.00028736374255882124
2021-04-29 00:00:00+00:00,391.3207702636719,78544300,0.006352527439632891
2021-04-30 00:00:00+00:00,388.7495422363281,85527000,-0.006592321994541393
2021-05-03 00:00:00+00:00,389.5880432128906,68128300,0.0021545954265032607
2021-05-04 00:00:00+00:00,387.18450927734375,101591200,-0.006188533821657944
2021-05-05 00:00:00+00:00,387.3055725097656,60162200,0.0003126269432103836
2021-05-06 00:00:00+00:00,390.3985595703125,74321400,0.007954190393230476
2021-05-07 00:00:00+00:00,393.2397766113281,67733800,0.007251379519557394
2021-05-10 00:00:00+00:00,389.3457946777344,81852400,-0.00995166334086818
2021-05-11 00:00:00+00:00,385.8709411621094,116888000,-0.008964916848921492
2021-05-12 00:00:00+00:00,377.6729736328125,134811000,-0.02147429219411991
2021-05-13 00:00:00+00:00,382.20989990234375,106394000,0.011941261841405348
2021-05-14 00:00:00+00:00,388.0788879394531,82201600,0.015238704504299403
2021-05-17 00:00:00+00:00,387.0913391113281,65129200,-0.002547954830907734
2021-05-18 00:00:00+00:00,383.75628662109375,59810200,-0.008653002715617907
2021-05-19 00:00:00+00:00,382.75018310546875,106467100,-0.002625167909623181
2021-05-20 00:00:00+00:00,386.8677062988281,78022200,0.010700277466552787
2021-05-21 00:00:00+00:00,386.5510559082031,76578700,-0.0008188330146373131
2021-05-24 00:00:00+00:00,390.49163818359375,51376700,0.010142598564258285
2021-05-25 00:00:00+00:00,389.62530517578125,57451400,-0.0022210346059566943
2021-05-26 00:00:00+00:00,390.3985595703125,43088600,0.001982643564579117
2021-05-27 00:00:00+00:00,390.60345458984375,56707700,0.000524697812597364
2021-05-28 00:00:00+00:00,391.30218505859375,58520200,0.0017872505819458257
2021-06-01 00:00:00+00:00,390.95745849609375,54216600,-0.000881361035701026
2021-06-02 00:00:00+00:00,391.5722351074219,49097100,0.0015712547212853724
2021-06-03 00:00:00+00:00,390.11895751953125,58138800,-0.0037182950914164186
2021-06-04 00:00:00+00:00,393.6869812011719,55938800,0.00910441769216272
2021-06-07 00:00:00+00:00,393.30499267578125,51555000,-0.0009707559112874843
2021-06-08 00:00:00+00:00,393.3888854980469,47134300,0.00021327945954878225
2021-06-09 00:00:00+00:00,392.8019104003906,48436300,-0.001493213122775383
2021-06-10 00:00:00+00:00,394.6279296875,51020100,0.004637930815792128
2021-06-11 00:00:00+00:00,395.280029296875,45570800,0.001651077825198562
2021-06-14 00:00:00+00:00,396.16497802734375,42358500,0.0022362870220420765
2021-06-15 00:00:00+00:00,395.4383850097656,51508500,-0.0018357507195037488
2021-06-16 00:00:00+00:00,393.2304992675781,80386100,-0.005599032887309144
2021-06-17 00:00:00+00:00,393.1000671386719,90949700,-0.00033174884882981344
2021-06-18 00:00:00+00:00,387.7970275878906,118676300,-0.013582125248363256
2021-06-21 00:00:00+00:00,393.3486633300781,72822000,0.014214324627813914
2021-06-22 00:00:00+00:00,395.4515686035156,57700300,0.005331920986648117
2021-06-23 00:00:00+00:00,394.9749755859375,49445400,-0.0012059136395098826
2021-06-24 00:00:00+00:00,397.3115234375,45110300,0.00589825682595874
2021-06-25 00:00:00+00:00,398.7228088378906,58129500,0.0035457939985828603
2021-06-28 00:00:00+00:00,399.52655029296875,53159600,0.002013761032182941
2021-06-29 00:00:00+00:00,399.7416076660156,35970500,0.0005381357335339375
2021-06-30 00:00:00+00:00,400.0780029296875,64827900,0.0008411778832401002
2021-07-01 00:00:00+00:00,402.29315185546875,53441000,0.005521520908058013
2021-07-02 00:00:00+00:00,405.3680725097656,57697700,0.007614419061733069
2021-07-06 00:00:00+00:00,404.6297607421875,68710400,-0.0018229974000904085
2021-07-07 00:00:00+00:00,406.0596923828125,63549500,0.003527696377517248
2021-07-08 00:00:00+00:00,402.7510681152344,97595200,-0.0081815002591886
2021-07-09 00:00:00+00:00,407.0503845214844,76238600,0.010618298564948038
2021-07-12 00:00:00+00:00,408.5083923339844,52889600,0.0035754856845450524
2021-07-13 00:00:00+00:00,407.11578369140625,52911300,-0.003414832558399766
2021-07-14 00:00:00+00:00,407.72332763671875,64130400,0.0014912000404695548
2021-07-15 00:00:00+00:00,406.330810546875,55126400,-0.0034211937087739075
2021-07-16 00:00:00+00:00,403.14361572265625,75874700,-0.007874767110899487
2021-07-19 00:00:00+00:00,397.1900329589844,147987000,-0.014878026419812704
2021-07-20 00:00:00+00:00,402.8819580078125,99608200,0.014228772270656734
2021-07-21 00:00:00+00:00,406.1437683105469,64724400,0.008063595187659534
2021-07-22 00:00:00+00:00,406.99432373046875,47878500,0.0020920326779888376
2021-07-23 00:00:00+00:00,411.1815185546875,63766600,0.010235529244630254
2021-07-26 00:00:00+00:00,412.1908874511719,43719200,0.0024517931248504168
2021-07-27 00:00:00+00:00,410.312255859375,67397100,-0.004568091621121961
2021-07-28 00:00:00+00:00,410.1439514160156,52472400,-0.0004102703940264471
2021-07-29 00:00:00+00:00,411.8450622558594,47435300,0.004139017043030841
2021-07-30 00:00:00+00:00,409.8449401855469,68951200,-0.004868322639203327
2021-08-02 00:00:00+00:00,408.9849853515625,58783300,-0.002100448758241814
2021-08-03 00:00:00+00:00,412.3123474121094,58053900,0.008102742167692502
2021-08-04 00:00:00+00:00,410.28424072265625,46732200,-0.004930997351828441
2021-08-05 00:00:00+00:00,412.8825378417969,38969700,0.006312950949996208
2021-08-06 00:00:00+00:00,413.56475830078125,46930000,0.001650971857805738
2021-08-09 00:00:00+00:00,413.2283935546875,41222600,-0.0008136612256554637
2021-08-10 00:00:00+00:00,413.7423095703125,43339300,0.0012428882422069903
2021-08-11 00:00:00+00:00,414.7704162597656,44034300,0.0024818139422858603
2021-08-12 00:00:00+00:00,416.01348876953125,38909400,0.0029925313427678728
2021-08-13 00:00:00+00:00,416.7705078125,39470300,0.0018180446660585282
2021-08-16 00:00:00+00:00,417.7519226074219,73740000,0.002352040428363029
2021-08-17 00:00:00+00:00,415.01348876953125,92673900,-0.006576746995169464
2021-08-18 00:00:00+00:00,410.4710998535156,89351900,-0.011005498653159144
2021-08-19 00:00:00+00:00,411.1066589355469,92812200,0.0015471675127807654
2021-08-20 00:00:00+00:00,414.3778076171875,72008700,0.007925444842711786
2021-08-23 00:00:00+00:00,418.0229187011719,54973000,0.00875812398638871
2021-08-24 00:00:00+00:00,418.6865234375,38744700,0.0015862253777699984
2021-08-25 00:00:00+00:00,419.5651550292969,40529700,0.002096343940945563
2021-08-26 00:00:00+00:00,417.08837890625,57829600,-0.005920690603162944
2021-08-27 00:00:00+00:00,420.8175354003906,77235100,0.008901192968267583
2021-08-30 00:00:00+00:00,422.6680603027344,48357400,0.0043878114357036625
2021-08-31 00:00:00+00:00,422.0418701171875,59300200,-0.0014826161684653118
2021-09-01 00:00:00+00:00,422.2661437988281,48721400,0.0005312603533757932
2021-09-02 00:00:00+00:00,423.5653381347656,42501000,0.003071995747173074
2021-09-03 00:00:00+00:00,423.4625244140625,47170500,-0.000242763492805707
2021-09-07 00:00:00+00:00,421.9483337402344,51671500,-0.003582145363683947
2021-09-08 00:00:00+00:00,421.4343566894531,56181900,-0.001218846723423295
2021-09-09 00:00:00+00:00,419.6304931640625,57970400,-0.004289482057361866
2021-09-10 00:00:00+00:00,416.3218994140625,89948200,-0.007915788161260293
2021-09-13 00:00:00+00:00,417.3873596191406,83738600,0.0025559528662511422
2021-09-14 00:00:00+00:00,415.13494873046875,78197100,-0.0054110655339616055
2021-09-15 00:00:00+00:00,418.6024475097656,78792200,0.008318011852975822
2021-09-16 00:00:00+00:00,417.9388122558594,77786700,-0.0015866172418304329
2021-09-17 00:00:00+00:00,413.8676452636719,118425000,-0.009788814366373782
2021-09-20 00:00:00+00:00,406.966796875,166445500,-0.016814623325404524
2021-09-21 00:00:00+00:00,406.5823669433594,92526100,-0.0009450687858844732
2021-09-22 00:00:00+00:00,410.5484313964844,102350100,0.009707370241481212
2021-09-23 00:00:00+00:00,415.5365905761719,76396000,0.012076770969361371
2021-09-24 00:00:00+00:00,416.2211608886719,62094800,0.0016460813641217735
2021-09-27 00:00:00+00:00,415.0303955078125,61371100,-0.0028649960080072085
2021-09-28 00:00:00+00:00,406.6667175292969,130436300,-0.020357785604894013
2021-09-29 00:00:00+00:00,407.3511657714844,82329200,0.0016816544636871357
2021-09-30 00:00:00+00:00,402.3724060058594,140506000,-0.01229758570474388
2021-10-01 00:00:00+00:00,407.1542663574219,129240100,0.011814103556851066
2021-10-04 00:00:00+00:00,401.9035339355469,128570000,-0.01298005195874771
2021-10-05 00:00:00+00:00,406.0853576660156,90682500,0.010351283572699805
2021-10-06 00:00:00+00:00,407.7730407714844,113032200,0.004147368947263481
2021-10-07 00:00:00+00:00,411.2984619140625,72437500,0.008608388649213525
2021-10-08 00:00:00+00:00,410.5484313964844,74557400,-0.0018252322468054738
2021-10-11 00:00:00+00:00,407.57623291015625,65233300,-0.007265913599852377
2021-10-12 00:00:00+00:00,406.57293701171875,71181200,-0.002464650074900759
2021-10-13 00:00:00+00:00,408.03564453125,72974000,0.0035911948994359843
2021-10-14 00:00:00+00:00,414.8990478515625,70236800,0.016680697814292936
2021-10-15 00:00:00+00:00,418.0588684082031,66260200,0.007587023671475949
2021-10-18 00:00:00+00:00,419.2965087890625,62213200,0.002956071736823153
2021-10-19 00:00:00+00:00,422.5313415527344,46996800,0.007685297377925079
2021-10-20 00:00:00+00:00,424.1908874511719,49571600,0.0039199349364491395
2021-10-21 00:00:00+00:00,425.2972717285156,41305400,0.0026048271325916418
2021-10-22 00:00:00+00:00,424.8565979003906,58845100,-0.0010366920232556945
2021-10-25 00:00:00+00:00,427.13507080078125,45214500,0.005348592987149339
2021-10-26 00:00:00+00:00,427.5195007324219,56075100,0.0008996148160251323
2021-10-27 00:00:00+00:00,425.62548828125,72438000,-0.004440078971699437
2021-10-28 00:00:00+00:00,429.7323303222656,51437900,0.009602703126005365
2021-10-29 00:00:00+00:00,430.60430908203125,70162400,0.002027064798609079
2021-11-01 00:00:00+00:00,431.344970703125,48433600,0.0017185739828530114
2021-11-02 00:00:00+00:00,433.08892822265625,48908400,0.004034917852593484
2021-11-03 00:00:00+00:00,435.7331237792969,52509800,0.006086870641681468
2021-11-04 00:00:00+00:00,437.7864685058594,52847100,0.004701322160804318
2021-11-05 00:00:00+00:00,439.3053894042969,66390600,0.0034635423944917912
2021-11-08 00:00:00+00:00,439.680419921875,50405200,0.0008533255858194999
2021-11-09 00:00:00+00:00,438.2271423339844,51149100,-0.0033107788971201537
2021-11-10 00:00:00+00:00,434.7016906738281,69429700,-0.008077338482889536
2021-11-11 00:00:00+00:00,434.84234619140625,34848500,0.0003235155733159187
2021-11-12 00:00:00+00:00,438.1240234375,53466700,0.00751848597847134
2021-11-15 00:00:00+00:00,438.2740783691406,46980500,0.000342435550231437
2021-11-16 00:00:00+00:00,440.0086975097656,48857500,0.003950029406618844
2021-11-17 00:00:00+00:00,438.939697265625,47858300,-0.0024324540043219405
2021-11-18 00:00:00+00:00,440.4305725097656,50625600,0.003390782526578519
2021-11-19 00:00:00+00:00,439.64306640625,57315600,-0.0017896373186931382
2021-11-22 00:00:00+00:00,438.4052734375,72762000,-0.002819420600279352
2021-11-23 00:00:00+00:00,438.9867248535156,73206500,0.001325408716441895
2021-11-24 00:00:00+00:00,440.15863037109375,61858800,0.002666012405651405
2021-11-26 00:00:00+00:00,430.34173583984375,112669600,-0.02255555794534752
2021-11-29 00:00:00+00:00,435.6205139160156,86268800,0.01219185585643284
2021-11-30 00:00:00+00:00,427.1444396972656,148559600,-0.019649261121621468
2021-12-01 00:00:00+00:00,422.4000549316406,131939200,-0.011169359860890482
2021-12-02 00:00:00+00:00,428.86962890625,127637800,0.015200114980508331
2021-12-03 00:00:00+00:00,425.137939453125,137331600,-0.00873929773482752
2021-12-06 00:00:00+00:00,430.1729431152344,98977500,0.011773641436586836
2021-12-07 00:00:00+00:00,439.07098388671875,95484700,0.020473773385991743
2021-12-08 00:00:00+00:00,440.23370361328125,72238800,0.002644635973793384
2021-12-09 00:00:00+00:00,437.26141357421875,61272600,-0.00677451383687023
2021-12-10 00:00:00+00:00,441.3775939941406,77159800,0.009369514662925049
2021-12-13 00:00:00+00:00,437.4676818847656,87724700,-0.00889789821517929
2021-12-14 00:00:00+00:00,434.4578857421875,97264100,-0.006903818878366363
2021-12-15 00:00:00+00:00,441.24639892578125,116899300,0.015504432926385042
2021-12-16 00:00:00+00:00,437.3551940917969,116568600,-0.008857781062457194
2021-12-17 00:00:00+00:00,432.7004089355469,135511600,-0.010700073767953608
2021-12-20 00:00:00+00:00,428.09942626953125,107134800,-0.010690119337698449
2021-12-21 00:00:00+00:00,435.7020568847656,69806300,0.01760318101479119
2021-12-22 00:00:00+00:00,440.0585632324219,58890200,0.009949162324854051
2021-12-23 00:00:00+00:00,442.7966003417969,56439700,0.006202706855766021
2021-12-27 00:00:00+00:00,449.06304931640625,56808600,0.014052776357371444
2021-12-28 00:00:00+00:00,448.6960754394531,47274600,-0.0008175330938399207
2021-12-29 00:00:00+00:00,449.2700500488281,54503000,0.0012783882849307555
2021-12-30 00:00:00+00:00,448.0279846191406,55329000,-0.002768458583441204
2021-12-31 00:00:00+00:00,446.8988952636719,65237400,-0.0025233121944048813
2022-01-03 00:00:00+00:00,449.4864196777344,72668200,0.005773257454992719
2022-01-04 00:00:00+00:00,449.3358459472656,71178700,-0.00033504673312168237
2022-01-05 00:00:00+00:00,440.70770263671875,104538900,-0.019388744777740687
2022-01-06 00:00:00+00:00,440.293701171875,86858900,-0.000939842986692531
2022-01-07 00:00:00+00:00,438.552978515625,85111600,-0.003961384784968317
2022-01-10 00:00:00+00:00,438.0072326660156,119362000,-0.0012451989336579622
2022-01-11 00:00:00+00:00,441.9966735839844,74303100,0.009066933045071423
2022-01-12 00:00:00+00:00,443.1916809082031,67605400,0.0027000085216344165
2022-01-13 00:00:00+00:00,437.08514404296875,91173100,-0.013874350998788091
2022-01-14 00:00:00+00:00,437.2638854980469,95890900,0.0004088560781312964
2022-01-18 00:00:00+00:00,429.52008056640625,109709100,-0.01786837613485109
2022-01-19 00:00:00+00:00,425.0601806640625,109357600,-0.010437733225054027
2022-01-20 00:00:00+00:00,420.3556823730469,122379700,-0.01112954477795267
2022-01-21 00:00:00+00:00,412.10382080078125,202271200,-0.019825905844687245
2022-01-24 00:00:00+00:00,413.8538513183594,251783900,0.0042375855214984385
2022-01-25 00:00:00+00:00,408.8010559082031,167997300,-0.012284273529359112
2022-01-26 00:00:00+00:00,407.7755126953125,186391100,-0.002511812833035769
2022-01-27 00:00:00+00:00,405.76202392578125,149878300,-0.00494996921502492
2022-01-28 00:00:00+00:00,415.83917236328125,164457400,0.024531740830564783
2022-01-31 00:00:00+00:00,423.32891845703125,152251400,0.017850881274122835
2022-02-01 00:00:00+00:00,426.1893615722656,123155400,0.006734296348271621
2022-02-02 00:00:00+00:00,430.3293762207031,117361000,0.009667148440245585
2022-02-03 00:00:00+00:00,420.2144775390625,118024400,-0.023785664935157495
2022-02-04 00:00:00+00:00,422.1904296875,118454400,0.004691225692812556
2022-02-07 00:00:00+00:00,420.83544921875,84472900,-0.0032145671193599006
2022-02-08 00:00:00+00:00,424.29815673828125,81012000,0.00819450764192419
2022-02-09 00:00:00+00:00,430.5080871582031,92589900,0.014529701235168413
2022-02-10 00:00:00+00:00,422.77374267578125,140103700,-0.01812896054065092
2022-02-11 00:00:00+00:00,414.437255859375,153214600,-0.019915558611955764
2022-02-14 00:00:00+00:00,413.0823059082031,123006300,-0.003274729020626831
2022-02-15 00:00:00+00:00,419.7439270019531,88482700,0.015997966702684514
2022-02-16 00:00:00+00:00,420.2144775390625,84863600,0.0011204140200038926
2022-02-17 00:00:00+00:00,411.23809814453125,102259100,-0.021592880763046617
2022-02-18 00:00:00+00:00,408.5753479003906,132642900,-0.006496013503032593
2022-02-22 00:00:00+00:00,404.19061279296875,124391800,-0.010789766939790583
2022-02-23 00:00:00+00:00,397.0208740234375,132578000,-0.017897721826911246
2022-02-24 00:00:00+00:00,402.9955749511719,213942900,0.014936722907287746
2022-02-25 00:00:00+00:00,411.8872985839844,121804500,0.021824183186081023
2022-02-28 00:00:00+00:00,410.83349609375,145615000,-0.002561751382378731
2022-03-01 00:00:00+00:00,404.5763244628906,137785900,-0.015347606308344813
2022-03-02 00:00:00+00:00,412.01904296875,117726500,0.018229161967603175
2022-03-03 00:00:00+00:00,409.9678649902344,105501700,-0.004990790525282374
2022-03-04 00:00:00+00:00,406.6370544433594,113978200,-0.00815774908868143
2022-03-07 00:00:00+00:00,394.64971923828125,137896600,-0.029922444730726177
2022-03-08 00:00:00+00:00,391.6575622558594,164772700,-0.007610692398840731
2022-03-09 00:00:00+00:00,402.15826416015625,116990800,0.026457810747585585
2022-03-10 00:00:00+00:00,400.34222412109375,93972700,-0.004525961455751314
2022-03-11 00:00:00+00:00,395.2519226074219,95636300,-0.012796401267965602
2022-03-14 00:00:00+00:00,392.36328125,95729200,-0.007335191842965825
2022-03-15 00:00:00+00:00,400.9914855957031,106219100,0.021752045636038907
2022-03-16 00:00:00+00:00,409.8832092285156,144954800,0.02193206942637571
2022-03-17 00:00:00+00:00,415.01116943359375,102676900,0.012433170587229328
2022-03-18 00:00:00+00:00,419.5567932128906,106345500,0.01089346568328185
2022-03-21 00:00:00+00:00,419.43408203125,88349800,-0.00029252089894281905
2022-03-22 00:00:00+00:00,424.3419494628906,74650400,0.01163323582963077
2022-03-23 00:00:00+00:00,418.877197265625,79426100,-0.012961823100953748
2022-03-24 00:00:00+00:00,425.1914367675781,64736900,0.014961715280797726
2022-03-25 00:00:00+00:00,427.2679138183594,77101300,0.004871742344678378
2022-03-28 00:00:00+00:00,430.30706787109375,68529800,0.007087815854738318
2022-03-29 00:00:00+00:00,435.63031005859375,86581500,0.012294905798510303
2022-03-30 00:00:00+00:00,432.9403381347656,79666900,-0.006194039666744368
2022-03-31 00:00:00+00:00,426.27685546875,121699900,-0.01551090064601377
2022-04-01 00:00:00+00:00,427.4849548339844,89048800,0.0028300637414029714
2022-04-04 00:00:00+00:00,431.14703369140625,59601000,0.00853008299584969
2022-04-05 00:00:00+00:00,425.701171875,74214500,-0.012711551733362421
2022-04-06 00:00:00+00:00,421.44439697265625,106898000,-0.010049773937209591
2022-04-07 00:00:00+00:00,423.5680236816406,78097200,0.005026272106571097
2022-04-08 00:00:00+00:00,422.4354248046875,79272700,-0.0026775294016316
2022-04-11 00:00:00+00:00,415.2150573730469,89770500,-0.017239997873484916
2022-04-12 00:00:00+00:00,413.676513671875,84363600,-0.0037122960875073273
2022-04-13 00:00:00+00:00,418.4146423339844,74070400,0.011388607700551992
2022-04-14 00:00:00+00:00,413.2047119140625,97869500,-0.012529767505403836
2022-04-18 00:00:00+00:00,413.37457275390625,66002500,0.00041099709461748395
2022-04-19 00:00:00+00:00,420.0475158691406,77821000,0.01601370015441206
2022-04-20 00:00:00+00:00,419.7360534667969,65224400,-0.0007417683031619555
2022-04-21 00:00:00+00:00,413.4595031738281,85417300,-0.015066496631069395
2022-04-22 00:00:00+00:00,402.11456298828125,132471800,-0.027822542388769536
2022-04-25 00:00:00+00:00,404.44580078125,119647700,0.00578070629183868
2022-04-26 00:00:00+00:00,392.7326965332031,103996300,-0.02938851790758527
2022-04-27 00:00:00+00:00,393.8370666503906,122030000,0.0028080683864672414
2022-04-28 00:00:00+00:00,403.7851257324219,105449100,0.02494558212293072
2022-04-29 00:00:00+00:00,388.8630065917969,145491100,-0.037655756022568536
2022-05-02 00:00:00+00:00,391.2037048339844,158312500,0.0060012951021368955
2022-05-03 00:00:00+00:00,392.9969787597656,100028200,0.004573515655188629
2022-05-04 00:00:00+00:00,404.9649658203125,144247900,0.02999863501193606
2022-05-05 00:00:00+00:00,390.5713195800781,172929100,-0.0361899700450481
2022-05-06 00:00:00+00:00,388.24005126953125,151770800,-0.005986752019180056
2022-05-09 00:00:00+00:00,375.8097229003906,155586100,-0.03254087796893456
2022-05-10 00:00:00+00:00,376.6779479980469,132497200,0.002307613842763323
2022-05-11 00:00:00+00:00,370.6940612792969,142361000,-0.016013483286545577
2022-05-12 00:00:00+00:00,370.3070068359375,125090800,-0.0010446799477497244
2022-05-13 00:00:00+00:00,379.1602783203125,104174400,0.02362660383630271
2022-05-16 00:00:00+00:00,377.6217956542969,78622400,-0.0040658594814498164
2022-05-17 00:00:00+00:00,385.3896484375,83029700,0.020361742202338117
2022-05-18 00:00:00+00:00,369.85400390625,117674500,-0.04114655261761714
2022-05-19 00:00:00+00:00,367.5887145996094,98510700,-0.006143653940762094
2022-05-20 00:00:00+00:00,367.7491760253906,131432200,0.0004364291038825158
2022-05-23 00:00:00+00:00,374.6298828125,76414900,0.018537440523625114
2022-05-24 00:00:00+00:00,371.7699890136719,91448800,-0.00766320548087815
2022-05-25 00:00:00+00:00,375.0545349121094,91472900,0.008796087891094475
2022-05-26 00:00:00+00:00,382.54864501953125,82168300,0.019784379872688728
2022-05-27 00:00:00+00:00,391.93988037109375,84768700,0.024252639926369873
2022-05-31 00:00:00+00:00,389.74078369140625,95937000,-0.005626600688714415
2022-06-01 00:00:00+00:00,386.58831787109375,86585800,-0.008121512234255633
2022-06-02 00:00:00+00:00,393.9503173828125,79609600,0.018864454628352286
2022-06-03 00:00:00+00:00,387.4849548339844,71874300,-0.016547781528979833
2022-06-06 00:00:00+00:00,388.6647033691406,57508900,0.0030400050589574445
2022-06-07 00:00:00+00:00,392.3929138183594,59272400,0.009546642097555737
2022-06-08 00:00:00+00:00,388.1268005371094,64350000,-0.010931577219279105
2022-06-09 00:00:00+00:00,378.8959655761719,86289800,-0.024070421501310262
2022-06-10 00:00:00+00:00,367.90972900390625,132893900,-0.02942406378294109
2022-06-13 00:00:00+00:00,353.9408264160156,170004900,-0.03870786431316926
2022-06-14 00:00:00+00:00,352.874267578125,104011800,-0.0030179311575634768
2022-06-15 00:00:00+00:00,357.9049377441406,125666800,0.01415560312494666
2022-06-16 00:00:00+00:00,346.0597229003906,134473300,-0.03365604441084837
2022-06-17 00:00:00+00:00,346.8057556152344,111113900,0.0021534714205961626
2022-06-21 00:00:00+00:00,355.53607177734375,76811900,0.024861870702196448
2022-06-22 00:00:00+00:00,354.89154052734375,90059400,-0.0018144886704088586
2022-06-23 00:00:00+00:00,358.370361328125,79292100,0.00975475734052653
2022-06-24 00:00:00+00:00,369.7643737792969,98050300,0.031298994659884394
2022-06-27 00:00:00+00:00,368.3519287109375,66009600,-0.0038271659564327147
2022-06-28 00:00:00+00:00,360.82550048828125,86548900,-0.02064434587827818
2022-06-29 00:00:00+00:00,360.5315856933594,65676000,-0.000814894084543421
2022-06-30 00:00:00+00:00,357.6025695800781,112508300,-0.008157340334493985
2022-07-01 00:00:00+00:00,361.38470458984375,74839700,0.01052082570003682
2022-07-05 00:00:00+00:00,362.0672302246094,81438000,0.001886858834475866
2022-07-06 00:00:00+00:00,363.2900085449219,70426200,0.0033715234735388127
2022-07-07 00:00:00+00:00,368.7311096191406,64525900,0.014866241282128975
2022-07-08 00:00:00+00:00,368.4278564453125,72397800,-0.0008227619954324479
2022-07-11 00:00:00+00:00,364.2190856933594,58366900,-0.01148934584459211
2022-07-12 00:00:00+00:00,360.9960632324219,62219200,-0.008888517250242934
2022-07-13 00:00:00+00:00,359.10028076171875,84224600,-0.005265370020057117
2022-07-14 00:00:00+00:00,358.22821044921875,89704800,-0.002431440414866737
2022-07-15 00:00:00+00:00,365.0721740722656,79060400,0.018924828554211976
2022-07-18 00:00:00+00:00,362.05780029296875,63203600,-0.008291202821785092
2022-07-19 00:00:00+00:00,371.8403015136719,78506000,0.02666059669497175
2022-07-20 00:00:00+00:00,374.2101135253906,71843800,0.006352975440984562
2022-07-21 00:00:00+00:00,378.02069091796875,64903900,0.010131491466217054
2022-07-22 00:00:00+00:00,374.5134582519531,72197300,-0.00932119310085364
2022-07-25 00:00:00+00:00,374.96844482421875,53631500,0.0012141363955299942
2022-07-26 00:00:00+00:00,370.53216552734375,52946400,-0.011901617788581445
2022-07-27 00:00:00+00:00,380.1535339355469,82342100,0.025634950286242016
2022-07-28 00:00:00+00:00,384.921630859375,73966600,0.012464549565905512
2022-07-29 00:00:00+00:00,390.5332336425781,87003700,0.014473313659208276
2022-08-01 00:00:00+00:00,389.3768615722656,69997500,-0.0029654005629542292
2022-08-02 00:00:00+00:00,386.8079833984375,63435400,-0.00661926748510753
2022-08-03 00:00:00+00:00,392.8651428222656,67820600,0.015538001976416653
2022-08-04 00:00:00+00:00,392.5997009277344,45656600,-0.0006758848769574684
2022-08-05 00:00:00+00:00,391.93621826171875,56814900,-0.0016914020326248996
2022-08-08 00:00:00+00:00,391.481201171875,53886100,-0.0011616211989210424
2022-08-09 00:00:00+00:00,389.9266052246094,44931800,-0.003978967155415961
2022-08-10 00:00:00+00:00,398.1166076660156,68665700,0.02078641677681292
2022-08-11 00:00:00+00:00,398.1166076660156,59489700,0.0
2022-08-12 00:00:00+00:00,404.85638427734375,61694500,0.016787451037651516
2022-08-15 00:00:00+00:00,406.5246887207031,54048300,0.004112264507756739
2022-08-16 00:00:00+00:00,407.32098388671875,59289000,0.0019568708096013862
2022-08-17 00:00:00+00:00,404.4297790527344,63563400,-0.0071234107602203755
2022-08-18 00:00:00+00:00,405.60516357421875,49023200,0.002902060848368573
2022-08-19 00:00:00+00:00,400.1546936035156,68016900,-0.013528976547157144
2022-08-22 00:00:00+00:00,391.82244873046875,77695600,-0.02104240608296332
2022-08-23 00:00:00+00:00,390.8744812011719,49105200,-0.002422311769904877
2022-08-24 00:00:00+00:00,392.12579345703125,49177800,0.0031962014870515476
2022-08-25 00:00:00+00:00,397.66168212890625,50942300,0.014018908900520419
2022-08-26 00:00:00+00:00,384.2012023925781,103087000,-0.03443521895892181
2022-08-29 00:00:00+00:00,381.6607666015625,65370800,-0.006634211415349737
2022-08-30 00:00:00+00:00,377.4709167480469,85652400,-0.011038644520696198
2022-08-31 00:00:00+00:00,374.5987548828125,76029700,-0.007638057847669299
2022-09-01 00:00:00+00:00,375.7742004394531,78740100,0.003132966106431173
2022-09-02 00:00:00+00:00,371.81182861328125,99632100,-0.010600543019597833
2022-09-06 00:00:00+00:00,370.4090270996094,76637400,-0.0037800155390503593
2022-09-07 00:00:00+00:00,377.06329345703125,70964200,0.017805186816169924
2022-09-08 00:00:00+00:00,379.5279541015625,80821700,0.0065151939590991125
2022-09-09 00:00:00+00:00,385.4240417480469,76706900,0.01541588085216291
2022-09-12 00:00:00+00:00,389.56646728515625,69256300,0.010690363145827638
2022-09-13 00:00:00+00:00,372.6271057128906,122947100,-0.0444562954610948
2022-09-14 00:00:00+00:00,374.0489501953125,85023700,0.003808468718819319
2022-09-15 00:00:00+00:00,369.80224609375,87633800,-0.011418278983916424
2022-09-16 00:00:00+00:00,366.9810485839844,103084800,-0.007658184755858993
2022-09-19 00:00:00+00:00,369.8270263671875,73278500,0.007725192037396904
2022-09-20 00:00:00+00:00,365.5819091796875,77274900,-0.01154504421730016
2022-09-21 00:00:00+00:00,359.204833984375,106746600,-0.01759756182787071
2022-09-22 00:00:00+00:00,356.1875305175781,89472600,-0.008435430704110406
2022-09-23 00:00:00+00:00,350.21966552734375,122346900,-0.016896789866176962
2022-09-26 00:00:00+00:00,346.75506591796875,92581200,-0.009941904606266396
2022-09-27 00:00:00+00:00,345.869873046875,108294100,-0.002556053942732084
2022-09-28 00:00:00+00:00,352.6752624511719,110802200,0.01948508227472556
2022-09-29 00:00:00+00:00,345.30828857421875,112952300,-0.021110089045535397
2022-09-30 00:00:00+00:00,339.96856689453125,153711200,-0.015584445061426283
2022-10-03 00:00:00+00:00,348.9442138671875,89756500,0.026058900746779856
2022-10-04 00:00:00+00:00,359.7568359375,103602800,0.030516283725001096
2022-10-05 00:00:00+00:00,358.9192199707031,88065700,-0.0023309983383475634
2022-10-06 00:00:00+00:00,355.2166748046875,82333500,-0.010369394310487594
2022-10-07 00:00:00+00:00,345.30828857421875,107789500,-0.028290346761519557
2022-10-10 00:00:00+00:00,342.6717224121094,76042800,-0.007664696728536321
2022-10-11 00:00:00+00:00,340.5015869140625,92482800,-0.0063531252398293745
2022-10-12 00:00:00+00:00,339.3785400390625,76991800,-0.0033036644311474953
2022-10-13 00:00:00+00:00,348.3350524902344,147254500,0.0260486894091614
2022-10-14 00:00:00+00:00,340.3970031738281,123737000,-0.02305221827398865
2022-10-17 00:00:00+00:00,349.1440734863281,93168200,0.025372062205618905
2022-10-18 00:00:00+00:00,353.24639892578125,97162900,0.011681172359998632
2022-10-19 00:00:00+00:00,350.7431640625,79746900,-0.007111598083081018
2022-10-20 00:00:00+00:00,347.8020324707031,88283100,-0.008420783611170208
2022-10-21 00:00:00+00:00,356.2541198730469,131038400,0.024010850377248733
2022-10-24 00:00:00+00:00,360.6134033203125,85436900,0.012162183502688268
2022-10-25 00:00:00+00:00,366.37188720703125,78846300,0.015842423226657874
2022-10-26 00:00:00+00:00,363.61163330078125,104087300,-0.007562546233130517
2022-10-27 00:00:00+00:00,361.6700439453125,81971800,-0.0053540412076392195
2022-10-28 00:00:00+00:00,370.27435302734375,100302000,0.02351191017492554
2022-10-31 00:00:00+00:00,367.5997619628906,96631300,-0.007249482597915078
2022-11-01 00:00:00+00:00,365.9911804199219,85407600,-0.004385507039803699
2022-11-02 00:00:00+00:00,356.80621337890625,126990400,-0.025416421164917304
2022-11-03 00:00:00+00:00,353.1322326660156,87100100,-0.010350231155761815
2022-11-04 00:00:00+00:00,358.2148742675781,103505200,0.014290430222569362
2022-11-07 00:00:00+00:00,361.64141845703125,68286900,0.009520150352096846
2022-11-08 00:00:00+00:00,363.5926513671875,84641100,0.005380987186090319
2022-11-09 00:00:00+00:00,356.10186767578125,78495500,-0.020817316260770956
2022-11-10 00:00:00+00:00,375.6711120605469,141455800,0.05349722357127093
2022-11-11 00:00:00+00:00,379.3070068359375,93839900,0.00963186294723781
2022-11-14 00:00:00+00:00,376.0804138183594,71903500,-0.00854293453361437
2022-11-15 00:00:00+00:00,379.28802490234375,93194500,0.008492889561518403
2022-11-16 00:00:00+00:00,376.39453125,68508500,-0.007657998109130784
2022-11-17 00:00:00+00:00,375.2427673339844,74496300,-0.003064682446332197
2022-11-18 00:00:00+00:00,376.9466247558594,92922500,0.004530402459895946
2022-11-21 00:00:00+00:00,375.575927734375,51243200,-0.003642943411673195
2022-11-22 00:00:00+00:00,380.63006591796875,60429000,0.013367292731912507
2022-11-23 00:00:00+00:00,383.02874755859375,68261600,0.006282097415503239
2022-11-25 00:00:00+00:00,382.9430236816406,30545400,-0.0002238303826059712
2022-11-28 00:00:00+00:00,376.8323669433594,67881600,-0.016085776336721275
2022-11-29 00:00:00+00:00,376.1851501464844,52310000,-0.0017189957512555914
2022-11-30 00:00:00+00:00,388.0351867675781,144566700,0.0310145802637035
2022-12-01 00:00:00+00:00,387.74969482421875,76398200,-0.0007360080430063601
2022-12-02 00:00:00+00:00,387.3023376464844,85342700,-0.0011543927598980375
2022-12-05 00:00:00+00:00,380.33502197265625,77289800,-0.01815312117664815
2022-12-06 00:00:00+00:00,374.8525695800781,77972200,-0.014519700196058615
2022-12-07 00:00:00+00:00,374.2148132324219,65927900,-0.0017028014205111876
2022-12-08 00:00:00+00:00,377.146484375,60737900,0.007803665239195207
2022-12-09 00:00:00+00:00,374.3291015625,81447700,-0.007498303513029875
2022-12-12 00:00:00+00:00,379.7258605957031,75405800,0.014314211700427754
2022-12-13 00:00:00+00:00,382.6003112792969,123782500,0.007541297708019816
2022-12-14 00:00:00+00:00,380.1542053222656,108111300,-0.006413896711087275
2022-12-15 00:00:00+00:00,370.8549499511719,117705900,-0.02476595820758156
2022-12-16 00:00:00+00:00,366.4765319824219,119858000,-0.011876529190131008
2022-12-19 00:00:00+00:00,363.36895751953125,79878100,-0.008515756518841299
2022-12-20 00:00:00+00:00,363.8662414550781,74427200,0.0013676016060699123
2022-12-21 00:00:00+00:00,369.306884765625,78167400,0.01484163285583286
2022-12-22 00:00:00+00:00,364.0383605957031,100120900,-0.014368716093532066
2022-12-23 00:00:00+00:00,366.1324157714844,59857300,0.005735811359956771
2022-12-27 00:00:00+00:00,364.6884765625,51638200,-0.0039515594122573475
2022-12-28 00:00:00+00:00,360.1562194824219,70911500,-0.012505619952785006
2022-12-29 00:00:00+00:00,366.6391906738281,66970900,0.017840352453851245
2022-12-30 00:00:00+00:00,365.6733703613281,84022200,-0.0026377285434467605
2023-01-03 00:00:00+00:00,364.1339111328125,74850700,-0.0042188165311005926
2023-01-04 00:00:00+00:00,366.94512939453125,85934100,0.0076906379799455745
2023-01-05 00:00:00+00:00,362.757080078125,76970500,-0.011478916326812097
2023-01-06 00:00:00+00:00,371.0758361816406,104189600,0.02267304254833644
2023-01-09 00:00:00+00:00,370.865478515625,73978100,-0.0005670466585029712
2023-01-10 00:00:00+00:00,373.46636962890625,65358100,0.006988554111607118
2023-01-11 00:00:00+00:00,378.1897888183594,68881100,0.012568197072507094
2023-01-12 00:00:00+00:00,379.5667724609375,90157700,0.003634373434998589
2023-01-13 00:00:00+00:00,381.039306640625,63903900,0.003872006968879931
2023-01-17 00:00:00+00:00,380.3412780761719,62677300,-0.001833586970908898
2023-01-18 00:00:00+00:00,374.3363952636719,99632300,-0.01591410414408142
2023-01-19 00:00:00+00:00,371.611328125,86958900,-0.007306354522883287
2023-01-20 00:00:00+00:00,378.5340881347656,91806400,0.018457638741242184
2023-01-23 00:00:00+00:00,383.075927734375,84178800,0.011927084325548124
2023-01-24 00:00:00+00:00,382.664794921875,59524900,-0.001073817389728805
2023-01-25 00:00:00+00:00,382.80828857421875,84800300,0.00037491495682437197
2023-01-26 00:00:00+00:00,387.0154724121094,72287400,0.010930360786512765
2023-01-27 00:00:00+00:00,387.9046630859375,68346200,0.0022949231110453235
2023-01-30 00:00:00+00:00,383.0377502441406,74202000,-0.01262604680509431
2023-01-31 00:00:00+00:00,388.6696472167969,86811800,0.014596197937189645
2023-02-01 00:00:00+00:00,392.80035400390625,101459200,0.010571730845069904
2023-02-02 00:00:00+00:00,398.5183410644531,101654500,0.014452044715137126
2023-02-03 00:00:00+00:00,394.28240966796875,94736800,-0.010686094083113901
2023-02-06 00:00:00+00:00,391.8728332519531,60295300,-0.006130046153588098
2023-02-07 00:00:00+00:00,396.99798583984375,90990700,0.012993825032764823
2023-02-08 00:00:00+00:00,392.65692138671875,76227500,-0.010994950187806492
2023-02-09 00:00:00+00:00,389.2529296875,78694900,-0.008706919856198692
2023-02-10 00:00:00+00:00,390.1612854003906,70769700,0.002330868764158526
2023-02-13 00:00:00+00:00,394.7414245605469,64913500,0.011670723234098877
2023-02-14 00:00:00+00:00,394.55975341796875,88389300,-0.00046033415597210303
2023-02-15 00:00:00+00:00,395.841064453125,61555700,0.0032421832786286926
2023-02-16 00:00:00+00:00,390.3907470703125,76431500,-0.013864625193757007
2023-02-17 00:00:00+00:00,389.4155578613281,89257800,-0.002501107547292778
2023-02-21 00:00:00+00:00,381.60345458984375,82655900,-0.020265053117354815
2023-02-22 00:00:00+00:00,381.0775451660156,83742300,-0.0013791074049317718
2023-02-23 00:00:00+00:00,383.1046142578125,96242400,0.005305211123194482
2023-02-24 00:00:00+00:00,379.0121765136719,108194400,-0.010739763589068202
2023-02-27 00:00:00+00:00,380.302978515625,80444700,0.0033999143486422856
2023-02-28 00:00:00+00:00,378.8974609375,96438600,-0.0037026300587463916
2023-03-01 00:00:00+00:00,377.4440002441406,99706800,-0.0038434028997101828
2023-03-02 00:00:00+00:00,380.3795166015625,85127800,0.007747268261456359
2023-03-03 00:00:00+00:00,386.4800109863281,90120000,0.015910666450405005
2023-03-06 00:00:00+00:00,386.7477111816406,72795900,0.0006924226804948228
2023-03-07 00:00:00+00:00,380.8193664550781,108310600,-0.0154474124417691
2023-03-08 00:00:00+00:00,381.4408874511719,74746600,0.0016307321040084973
2023-03-09 00:00:00+00:00,374.40338134765625,111945300,-0.018622115075584592
2023-03-10 00:00:00+00:00,369.0009460449219,189253000,-0.01453456809532437
2023-03-13 00:00:00+00:00,368.47503662109375,157790000,-0.0014262417362415594
2023-03-14 00:00:00+00:00,374.5659484863281,149752400,0.016394918772344245
2023-03-15 00:00:00+00:00,372.2233581542969,172996900,-0.006273785644671066
2023-03-16 00:00:00+00:00,378.7540283203125,143254200,0.017392893360178175
2023-03-17 00:00:00+00:00,374.3253173828125,140553400,-0.01176174069245226
2023-03-20 00:00:00+00:00,377.92474365234375,93055800,0.009569833027780283
2023-03-21 00:00:00+00:00,382.88702392578125,91524200,0.013044884039820405
2023-03-22 00:00:00+00:00,376.36016845703125,111746600,-0.017193389237440106
2023-03-23 00:00:00+00:00,377.3776550292969,119351300,0.002699843788151244
2023-03-24 00:00:00+00:00,379.8539733886719,107682400,0.006540474787524231
2023-03-27 00:00:00+00:00,380.564208984375,74010400,0.001868013729013662
2023-03-28 00:00:00+00:00,379.7099914550781,62871700,-0.0022471310699684077
2023-03-29 00:00:00+00:00,385.2290344238281,77497900,0.014430271046823437
2023-03-30 00:00:00+00:00,387.48468017578125,69840000,0.005838260966150333
2023-03-31 00:00:00+00:00,392.9461364746094,112062600,0.013996232177903524
2023-04-03 00:00:00+00:00,394.4435119628906,67391100,0.003803395933172219
2023-04-04 00:00:00+00:00,392.2550354003906,66601500,-0.005563712339804341
2023-04-05 00:00:00+00:00,391.22802734375,65200200,-0.00262164861934831
2023-04-06 00:00:00+00:00,392.754150390625,63743300,0.003893264459072371
2023-04-10 00:00:00+00:00,393.15728759765625,63681000,0.0010259101036151394
2023-04-11 00:00:00+00:00,393.2628479003906,59297900,0.00026845778383211965
2023-04-12 00:00:00+00:00,391.6599426269531,86420400,-0.0040842424782615355
2023-04-13 00:00:00+00:00,396.86224365234375,85814800,0.013195257150234027
2023-04-14 00:00:00+00:00,395.8927917480469,78161500,-0.002445780459953044
2023-04-17 00:00:00+00:00,397.3133850097656,66436400,0.003581905492419495
2023-04-18 00:00:00+00:00,397.5725402832031,63560000,0.0006520565388656609
2023-04-19 00:00:00+00:00,397.50531005859375,55227300,-0.00016911608024475626
2023-04-20 00:00:00+00:00,395.3360900878906,75840400,-0.005472028537014254
2023-04-21 00:00:00+00:00,395.6432189941406,73457400,0.0007765789020235912
2023-04-24 00:00:00+00:00,396.05596923828125,64332100,0.0010426947195884095
2023-04-25 00:00:00+00:00,389.7690734863281,97766700,-0.016001093241706687
2023-04-26 00:00:00+00:00,388.1181640625,80447000,-0.0042446046748032
2023-04-27 00:00:00+00:00,395.8447570800781,92968400,0.019712267004801044
2023-04-28 00:00:00+00:00,399.22344970703125,89433100,0.00849917764713864
2023-05-01 00:00:00+00:00,398.8203430175781,62122300,-0.0010102371007997173
2023-05-02 00:00:00+00:00,394.3378601074219,103998500,-0.011302992555618296
2023-05-03 00:00:00+00:00,391.6311340332031,91531800,-0.006887642629400999
2023-05-04 00:00:00+00:00,388.8572082519531,94901900,-0.007108209849445279
2023-05-05 00:00:00+00:00,396.05596923828125,87891800,0.01834333539983436
2023-05-08 00:00:00+00:00,396.16156005859375,50046800,0.0002665702715047697
2023-05-09 00:00:00+00:00,394.42425537109375,49220100,-0.0043949877421575936
2023-05-10 00:00:00+00:00,396.2671203613281,96142900,0.004661409960250039
2023-05-11 00:00:00+00:00,395.5760803222656,70157100,-0.0017453965984641942
2023-05-12 00:00:00+00:00,395.0577697753906,70481500,-0.0013111268156840567
2023-05-15 00:00:00+00:00,396.42071533203125,54289400,0.003444052945217781
2023-05-16 00:00:00+00:00,393.7716369628906,57705500,-0.0067049201014409195
2023-05-17 00:00:00+00:00,398.5515441894531,87287000,0.012065695738233457
2023-05-18 00:00:00+00:00,402.3908996582031,97177200,0.009587167981102016
2023-05-19 00:00:00+00:00,401.80535888671875,103793300,-0.001456213874997681
2023-05-22 00:00:00+00:00,401.9685363769531,60745400,0.0004060283456272809
2023-05-23 00:00:00+00:00,397.4573059082031,86383500,-0.011286296031271702
2023-05-24 00:00:00+00:00,394.5777893066406,89213700,-0.007271216403817472
2023-05-25 00:00:00+00:00,397.994873046875,90961600,0.008622818007863372
2023-05-26 00:00:00+00:00,403.1491394042969,93830000,0.01286744304039397
2023-05-30 00:00:00+00:00,403.302734375,72216000,0.00038091540872856337
2023-05-31 00:00:00+00:00,401.0663146972656,110811800,-0.00556069491501778
2023-06-01 00:00:00+00:00,404.8768310546875,88865000,0.009456113055990895
2023-06-02 00:00:00+00:00,410.73187255859375,91426200,0.014357723402253442
2023-06-05 00:00:00+00:00,409.9447937011719,65460200,-0.0019181222790868601
2023-06-06 00:00:00+00:00,410.8373718261719,64022200,0.00217494608031612
2023-06-07 00:00:00+00:00,409.4168701171875,85373300,-0.003463567894955659
2023-06-08 00:00:00+00:00,411.8932189941406,61952800,0.006030259250306048
2023-06-09 00:00:00+00:00,412.6322937011719,85742800,0.0017927278018511129
2023-06-12 00:00:00+00:00,416.3756103515625,76104300,0.009030896022152872
2023-06-13 00:00:00+00:00,419.12078857421875,95899700,0.006571394215419845
2023-06-14 00:00:00+00:00,419.619873046875,100612100,0.0011900806873860312
2023-06-15 00:00:00+00:00,424.82220458984375,110303100,0.012321501967952312
2023-06-16 00:00:00+00:00,423.3751220703125,114165800,-0.0034121397888021206
2023-06-20 00:00:00+00:00,421.1785888671875,76160400,-0.005201654145490409
2023-06-21 00:00:00+00:00,419.0205383300781,76982300,-0.005137009104054628
2023-06-22 00:00:00+00:00,420.5331115722656,70637200,0.003603283432627423
2023-06-23 00:00:00+00:00,417.3538818359375,92074500,-0.007588720241816502
2023-06-26 00:00:00+00:00,415.64874267578125,72823600,-0.004093964392353449
2023-06-27 00:00:00+00:00,420.20556640625,72813700,0.010903500349761754
2023-06-28 00:00:00+00:00,420.4176025390625,75636000,0.0005044736931897351
2023-06-29 00:00:00+00:00,422.0745544433594,67882300,0.003933458672441035
2023-06-30 00:00:00+00:00,427.0552978515625,104964000,0.01173154028017583
2023-07-03 00:00:00+00:00,427.5466613769531,32793400,0.0011499238311586044
2023-07-05 00:00:00+00:00,426.91082763671875,58418400,-0.0014882749950045203
2023-07-06 00:00:00+00:00,423.56781005859375,80658300,-0.007861537368550935
2023-07-07 00:00:00+00:00,422.4984130859375,86134200,-0.002527928696109051
2023-07-10 00:00:00+00:00,423.56781005859375,62443500,0.0025279286961090762
2023-07-11 00:00:00+00:00,426.2653503417969,64463800,0.006348421004697256
2023-07-12 00:00:00+00:00,429.69500732421875,91924500,0.00801363125190784
2023-07-13 00:00:00+00:00,433.10546875,72425200,0.007905603399044732
2023-07-14 00:00:00+00:00,432.8357238769531,69815800,-0.0006230097010479354
2023-07-17 00:00:00+00:00,434.3386535644531,52680200,0.003466272139515311
2023-07-18 00:00:00+00:00,437.5660400390625,80668200,0.007403105495994996
2023-07-19 00:00:00+00:00,438.5390625,65891700,0.0022212468759442226
2023-07-20 00:00:00+00:00,435.62957763671875,70591600,-0.006656600278341038
2023-07-21 00:00:00+00:00,435.62957763671875,71275600,0.0
2023-07-24 00:00:00+00:00,437.57562255859375,54023400,0.00445725275867518
2023-07-25 00:00:00+00:00,438.7702941894531,55191200,0.0027264858501632894
2023-07-26 00:00:00+00:00,438.8377685546875,71052900,0.00015376879094833196
2023-07-27 00:00:00+00:00,435.92822265625,92194400,-0.006652194202844122
2023-07-28 00:00:00+00:00,440.1960754394531,80011800,0.009742650787959892
2023-07-31 00:00:00+00:00,441.0342712402344,62040400,0.0019023313409843759
2023-08-01 00:00:00+00:00,439.77215576171875,55291500,-0.002865820011364691
2023-08-02 00:00:00+00:00,433.6546325683594,93933400,-0.014008325169748313
2023-08-03 00:00:00+00:00,432.4118347167969,64276100,-0.002869984583321383
2023-08-04 00:00:00+00:00,430.4561462402344,100128900,-0.004533003584633243
2023-08-07 00:00:00+00:00,434.21337890625,58357500,0.008690618101775894
2023-08-08 00:00:00+00:00,432.3251953125,71361300,-0.004357997758701908
2023-08-09 00:00:00+00:00,429.4349365234375,78789600,-0.006707828592985402
2023-08-10 00:00:00+00:00,429.5890808105469,93005500,0.00035888237267723774
2023-08-11 00:00:00+00:00,429.338623046875,68690900,-0.000583187082325165
2023-08-14 00:00:00+00:00,431.7085266113281,47867400,0.005504714927097554
2023-08-15 00:00:00+00:00,426.6795349121094,75707500,-0.011717425867734308
2023-08-16 00:00:00+00:00,423.548583984375,80107200,-0.00736500007674461
2023-08-17 00:00:00+00:00,420.3211975097656,95711300,-0.00764905268806326
2023-08-18 00:00:00+00:00,420.52349853515625,98852000,0.0004811852420443351
2023-08-21 00:00:00+00:00,423.2594909667969,68719000,0.006485084564370436
2023-08-22 00:00:00+00:00,422.1131286621094,64994200,-0.002712089274564118
2023-08-23 00:00:00+00:00,426.8144836425781,68441000,0.011076098776224392
2023-08-24 00:00:00+00:00,420.8992919921875,88517300,-0.013955860637490401
2023-08-25 00:00:00+00:00,423.86651611328125,102325100,0.007024991531256565
2023-08-28 00:00:00+00:00,426.5543518066406,61595400,0.0063212104611350605
2023-08-29 00:00:00+00:00,432.7200927734375,83081900,0.01435128631997385
2023-08-30 00:00:00+00:00,434.50244140625,69053900,0.004110481617162846
2023-08-31 00:00:00+00:00,433.8665771484375,66084600,-0.0014645026662035686
2023-09-01 00:00:00+00:00,434.67584228515625,58944100,0.0018635022373162632
2023-09-05 00:00:00+00:00,432.7972106933594,55166200,-0.004331280429452886
2023-09-06 00:00:00+00:00,429.8877258300781,70758500,-0.006745210844362565
2023-09-07 00:00:00+00:00,428.5678405761719,70355400,-0.0030750253026536525
2023-09-08 00:00:00+00:00,429.2133483886719,61659700,0.0015050643279561106
2023-09-11 00:00:00+00:00,432.0361328125,60180100,0.006555114617180195
2023-09-12 00:00:00+00:00,429.66607666015625,67565400,-0.005500884418595882
2023-09-13 00:00:00+00:00,430.1670837402344,60199300,0.001165358955322583
2023-09-14 00:00:00+00:00,433.87615966796875,83430800,0.008585446941390618
2023-09-15 00:00:00+00:00,428.64874267578125,111848900,-0.012121345092500091
2023-09-18 00:00:00+00:00,428.9000549316406,55752200,0.0005861176967538595
2023-09-19 00:00:00+00:00,428.0106201171875,66514600,-0.0020759109665981555
2023-09-20 00:00:00+00:00,424.07574462890625,82562600,-0.009235926361963374
2023-09-21 00:00:00+00:00,417.0664978027344,104095800,-0.016666406031795034
2023-09-22 00:00:00+00:00,416.128662109375,100829700,-0.002251179878487924
2023-09-25 00:00:00+00:00,417.87860107421875,70874500,0.004196465930634956
2023-09-26 00:00:00+00:00,411.73944091796875,96168400,-0.014800237962131936
2023-09-27 00:00:00+00:00,411.90374755859375,104705800,0.00039897529683554446
2023-09-28 00:00:00+00:00,414.2917785644531,92258300,0.005780805101358502
2023-09-29 00:00:00+00:00,413.2862854003906,115111300,-0.002429966918189733
2023-10-02 00:00:00+00:00,413.1219787597656,83798600,-0.0003976403671542188
2023-10-03 00:00:00+00:00,407.5918273925781,103760600,-0.013476646851370995
2023-10-04 00:00:00+00:00,410.5599670410156,87453000,0.007255750559548694
2023-10-05 00:00:00+00:00,410.4052734375,70142700,-0.0003768578685652244
2023-10-06 00:00:00+00:00,415.27789306640625,113273300,0.011802774700201406
2023-10-09 00:00:00+00:00,417.93658447265625,80374400,0.006381791246669373
2023-10-10 00:00:00+00:00,420.1119079589844,78607300,0.00519141408051354
2023-10-11 00:00:00+00:00,421.8327941894531,62451700,0.004087889911372816
2023-10-12 00:00:00+00:00,419.2611389160156,81154200,-0.006115044196297159
2023-10-13 00:00:00+00:00,417.1728515625,95143100,-0.0049933209703791216
2023-10-16 00:00:00+00:00,421.5621032714844,75433200,0.010466457258344433
2023-10-17 00:00:00+00:00,421.5427551269531,75324700,-4.589736221284086e-05
2023-10-18 00:00:00+00:00,415.9256591796875,93559800,-0.013414667551959036
2023-10-19 00:00:00+00:00,412.27117919921875,121323000,-0.008825205627352756
2023-10-20 00:00:00+00:00,407.20513916015625,123919900,-0.012364248885513343
2023-10-23 00:00:00+00:00,406.4994201660156,92035100,-0.0017345833029891993
2023-10-24 00:00:00+00:00,409.5641784667969,78564200,0.007511112404865026
2023-10-25 00:00:00+00:00,403.68603515625,94223200,-0.01445617985742633
2023-10-26 00:00:00+00:00,398.85205078125,115156800,-0.012046887048886217
2023-10-27 00:00:00+00:00,397.04412841796875,107367700,-0.00454311886435987
2023-10-30 00:00:00+00:00,401.79107666015625,86562700,0.011884814507292259
2023-10-31 00:00:00+00:00,404.314453125,79665200,0.006260680801248639
2023-11-01 00:00:00+00:00,408.6263427734375,98068100,0.010608226592806452
2023-11-02 00:00:00+00:00,416.4573974609375,94938900,0.018983018250148857
2023-11-03 00:00:00+00:00,420.2569274902344,100167800,0.009082086998527212
2023-11-06 00:00:00+00:00,421.2237548828125,67831700,0.002297920411650779
2023-11-07 00:00:00+00:00,422.42254638671875,64256100,0.002841931053205528
2023-11-08 00:00:00+00:00,422.73187255859375,61746000,0.0007319992151802508
2023-11-09 00:00:00+00:00,419.4351501464844,83174400,-0.007829181534997495
2023-11-10 00:00:00+00:00,425.9803466796875,89462200,0.015484285140177544
2023-11-13 00:00:00+00:00,425.57427978515625,52236100,-0.0009537072847468445
2023-11-14 00:00:00+00:00,433.8307800292969,97176900,0.019215046934341624
2023-11-15 00:00:00+00:00,434.74920654296875,77327600,0.0021147778446636485
2023-11-16 00:00:00+00:00,435.28094482421875,66665800,0.001222344643162959
2023-11-17 00:00:00+00:00,435.8223876953125,83133200,0.0012431198931455241
2023-11-20 00:00:00+00:00,439.1771545410156,69936200,0.007668080089087327
2023-11-21 00:00:00+00:00,438.2200012207031,49244600,-0.0021818026049406605
2023-11-22 00:00:00+00:00,439.9118957519531,59394900,0.003853399769709004
2023-11-24 00:00:00+00:00,440.18255615234375,29737400,0.0006150712763562981
2023-11-27 00:00:00+00:00,439.389892578125,50506000,-0.0018023843060327302
2023-11-28 00:00:00+00:00,439.8248596191406,62115000,0.0009894444455457515
2023-11-29 00:00:00+00:00,439.5154724121094,63146000,-0.0007036802669634911
2023-11-30 00:00:00+00:00,441.24603271484375,79752700,0.003929696108825297
2023-12-01 00:00:00+00:00,443.8564147949219,89183400,0.005898502836273647
2023-12-04 00:00:00+00:00,441.5264587402344,72430900,-0.005263172584056329
2023-12-05 00:00:00+00:00,441.439453125,69793500,-0.00019707581990836929
2023-12-06 00:00:00+00:00,439.6604919433594,69124700,-0.004038051775825004
2023-12-07 00:00:00+00:00,443.01531982421875,66995400,0.007601531594118685
2023-12-08 00:00:00+00:00,444.919921875,83194400,0.004289963687276682
2023-12-11 00:00:00+00:00,446.6504211425781,65002200,0.0038819179086563484
2023-12-12 00:00:00+00:00,448.6904296875,68327600,0.00455695073720826
2023-12-13 00:00:00+00:00,454.8779296875,93278000,0.013695912778304148
2023-12-14 00:00:00+00:00,456.33782958984375,119026000,0.0032042930263354386
2023-12-15 00:00:00+00:00,455.58636474609375,141553700,-0.0016480865811234044
2023-12-18 00:00:00+00:00,458.149169921875,70375300,0.005609526605484883
2023-12-19 00:00:00+00:00,460.93505859375,55761800,0.006062332738728966
2023-12-20 00:00:00+00:00,454.54779052734375,102921000,-0.013954104579225074
2023-12-21 00:00:00+00:00,458.8577575683594,86667500,0.009437207902696105
2023-12-22 00:00:00+00:00,459.7799072265625,67160400,0.0020076467649455363
2023-12-26 00:00:00+00:00,461.7213134765625,55387000,0.004213579057157479
2023-12-27 00:00:00+00:00,462.5561828613281,68000300,0.0018065345421214817
2023-12-28 00:00:00+00:00,462.7308654785156,77158100,0.0003775749797346061
2023-12-29 00:00:00+00:00,461.3913269042969,122283100,-0.002899052795052589
2024-01-02 00:00:00+00:00,458.8091735839844,123623700,-0.005612168427041742
2024-01-03 00:00:00+00:00,455.0622863769531,103585900,-0.008200077071277628
2024-01-04 00:00:00+00:00,453.5964660644531,84232200,-0.003226341198106028
2024-01-05 00:00:00+00:00,454.2177734375,86118900,0.0013687986881435082
2024-01-08 00:00:00+00:00,460.7021179199219,74879100,0.014174908901203367
2024-01-09 00:00:00+00:00,460.003173828125,65931400,-0.00151828002364478
2024-01-10 00:00:00+00:00,462.6047058105469,67310600,0.005639533185943504
2024-01-11 00:00:00+00:00,462.40081787109375,77940700,-0.0004408361626718793
2024-01-12 00:00:00+00:00,462.72113037109375,58026400,0.0006924763019802235
2024-01-16 00:00:00+00:00,461.0224304199219,85014900,-0.0036778645894584745
2024-01-17 00:00:00+00:00,458.4597473144531,68843900,-0.005574202095711588
2024-01-18 00:00:00+00:00,462.5367736816406,91856200,0.008853568728902392
2024-01-19 00:00:00+00:00,468.3028259277344,110834500,0.012389086155502233
2024-01-22 00:00:00+00:00,469.29296875,75844900,0.0021120896573243605
2024-01-23 00:00:00+00:00,470.66168212890625,49945300,0.002912298683813415
2024-01-24 00:00:00+00:00,471.1761779785156,81765000,0.001092536035294635
2024-01-25 00:00:00+00:00,473.7388610839844,72525000,0.005424168909823925
2024-01-26 00:00:00+00:00,473.13702392578125,76641600,-0.0012712061818800204
2024-01-29 00:00:00+00:00,476.8839416503906,61322800,0.007888114660332537
2024-01-30 00:00:00+00:00,476.5151062011719,58618400,-0.00077372736725572
2024-01-31 00:00:00+00:00,468.7396240234375,126011100,-0.01645198338467447
2024-02-01 00:00:00+00:00,474.8746337890625,91891600,0.01300339871119533
2024-02-02 00:00:00+00:00,479.873779296875,99228200,0.010472269189612275
2024-02-05 00:00:00+00:00,478.12646484375,75757100,-0.003647841222172264
2024-02-06 00:00:00+00:00,479.51458740234375,55918600,0.002899047670401368
2024-02-07 00:00:00+00:00,483.51397705078125,70556500,0.008305906571320295
2024-02-08 00:00:00+00:00,483.7275390625,52343600,0.0004415898441732085
2024-02-09 00:00:00+00:00,486.5232238769531,63979400,0.005762824742485109
2024-02-12 00:00:00+00:00,486.3096008300781,56502300,-0.00043917730751513186
2024-02-13 00:00:00+00:00,479.6116638183594,113099200,-0.013868717076671037
2024-02-14 00:00:00+00:00,483.97015380859375,68387800,0.009046496384710594
2024-02-15 00:00:00+00:00,487.3094787597656,61683000,0.006876162119694265
2024-02-16 00:00:00+00:00,484.88262939453125,75532900,-0.004992540848129093
2024-02-20 00:00:00+00:00,482.2132263183594,71736700,-0.005520465918020599
2024-02-21 00:00:00+00:00,482.6500244140625,59293400,0.0009054093939445167
2024-02-22 00:00:00+00:00,492.6387023925781,76402500,0.02048424630759626
2024-02-23 00:00:00+00:00,492.9784240722656,61321800,0.0006893583401080403
2024-02-26 00:00:00+00:00,491.17291259765625,50386700,-0.0036691785764012487
2024-02-27 00:00:00+00:00,492.0853576660156,48854500,0.0018559626862470018
2024-02-28 00:00:00+00:00,491.4350280761719,56506600,-0.0013224528826255336
2024-02-29 00:00:00+00:00,493.2016906738281,83924800,0.003588459499420105
2024-03-01 00:00:00+00:00,497.8320007324219,76844800,0.00934447293084189
2024-03-04 00:00:00+00:00,497.2981262207031,49799300,-0.0010729743748649023
2024-03-05 00:00:00+00:00,492.3280334472656,72855600,-0.010044468835889815
2024-03-06 00:00:00+00:00,494.8227233886719,68382400,0.005054334882428379
2024-03-07 00:00:00+00:00,499.73468017578125,58652100,0.009877754079860163
2024-03-08 00:00:00+00:00,496.735107421875,86532500,-0.006020416978616054
2024-03-11 00:00:00+00:00,496.3079833984375,62557200,-0.000860232660042928
2024-03-12 00:00:00+00:00,501.64691162109375,73114400,0.01069984061506385
2024-03-13 00:00:00+00:00,500.86065673828125,55104100,-0.0015685767745571334
2024-03-14 00:00:00+00:00,499.8705139160156,110171800,-0.0019788394214178507
2024-03-15 00:00:00+00:00,496.4381103515625,107646300,-0.006890268859496288
2024-03-18 00:00:00+00:00,499.3885192871094,88893300,0.005925564713180833
2024-03-19 00:00:00+00:00,502.1636962890625,60755300,0.005541766192918167
2024-03-20 00:00:00+00:00,506.8083801269531,69594600,0.009206828921368754
2024-03-21 00:00:00+00:00,508.48321533203125,60256100,0.003299223064124805
2024-03-22 00:00:00+00:00,507.5191955566406,79070800,-0.0018976727896672305
2024-03-25 00:00:00+00:00,506.1170349121094,48512100,-0.0027665971217987768
2024-03-26 00:00:00+00:00,505.1822204589844,65463700,-0.0018487400527864592
2024-03-27 00:00:00+00:00,509.4277038574219,82999800,0.008368749555282195
2024-03-28 00:00:00+00:00,509.33038330078125,96294900,-0.0001910572454117152
2024-04-01 00:00:00+00:00,508.44427490234375,62477500,-0.001741266822054112
2024-04-02 00:00:00+00:00,505.2114562988281,74230300,-0.006378555292219472
2024-04-03 00:00:00+00:00,505.7664489746094,59155800,0.0010979324644741254
2024-04-04 00:00:00+00:00,499.593017578125,96858100,-0.012281197313867807
2024-04-05 00:00:00+00:00,504.8122253417969,74546500,0.010392726993539821
2024-04-08 00:00:00+00:00,505.0946350097656,48401800,0.0005592786551262618
2024-04-09 00:00:00+00:00,505.6788024902344,68049200,0.0011558822656718604
2024-04-10 00:00:00+00:00,500.6154479980469,82652800,-0.010063452556644183
2024-04-11 00:00:00+00:00,504.3934631347656,70099000,0.00751840683466722
2024-04-12 00:00:00+00:00,497.4313659667969,92561100,-0.01389905509564593
2024-04-15 00:00:00+00:00,491.199462890625,92101400,-0.012607305857278962
2024-04-16 00:00:00+00:00,490.30364990234375,73484000,-0.0018253905165380516
2024-04-17 00:00:00+00:00,487.4018859863281,75910300,-0.005935882184822059
2024-04-18 00:00:00+00:00,486.3989562988281,74548100,-0.0020598257848203124
2024-04-19 00:00:00+00:00,482.1534729003906,102212600,-0.0087667130060391
2024-04-22 00:00:00+00:00,486.5937194824219,67961000,0.009167051448542955
2024-04-23 00:00:00+00:00,492.3679504394531,64633600,0.011796780401231726
2024-04-24 00:00:00+00:00,492.13421630859375,55928100,-0.0004748270611184373
2024-04-25 00:00:00+00:00,490.2646484375,69122400,-0.0038061325092366666
2024-04-26 00:00:00+00:00,494.909423828125,64306100,0.009429419504183661
2024-04-29 00:00:00+00:00,496.662109375,46415400,0.0035351708142568328
2024-04-30 00:00:00+00:00,488.79437255859375,77483600,-0.015968039451985338
2024-05-01 00:00:00+00:00,487.2071533203125,80242800,-0.003252496221421808
2024-05-02 00:00:00+00:00,491.76422119140625,62550200,0.009309977605627236
2024-05-03 00:00:00+00:00,497.8597717285156,72756700,0.012319078091801059
2024-05-06 00:00:00+00:00,503.0011291503906,47264700,0.010273960430725098
2024-05-07 00:00:00+00:00,503.55615234375,52561300,0.0011028150306301356
2024-05-08 00:00:00+00:00,503.6048278808594,42047200,9.665890181013217e-05
2024-05-09 00:00:00+00:00,506.506591796875,43643700,0.0057454491490668445
2024-05-10 00:00:00+00:00,507.15899658203125,52233200,0.0012872191435090428
2024-05-13 00:00:00+00:00,507.22711181640625,36716400,0.00013429843708119332
2024-05-14 00:00:00+00:00,509.55426025390625,57535900,0.004577488464866231
2024-05-15 00:00:00+00:00,515.8641357421875,59504900,0.012307083930096033
2024-05-16 00:00:00+00:00,514.802734375,50244800,-0.0020596407494553578
2024-05-17 00:00:00+00:00,515.5427856445312,59187600,0.0014365111167352423
2024-05-20 00:00:00+00:00,516.13671875,37764200,0.0011513908506540086
2024-05-21 00:00:00+00:00,517.4026489257812,33437000,0.00244970022129263
2024-05-22 00:00:00+00:00,515.912841796875,48390000,-0.0028835494572111153
2024-05-23 00:00:00+00:00,512.14453125,57211200,-0.007330967166568576
2024-05-24 00:00:00+00:00,515.5330200195312,41291100,0.006594482958191128
2024-05-28 00:00:00+00:00,515.893310546875,36269600,0.0006986258374848982
2024-05-29 00:00:00+00:00,512.2807006835938,45190300,-0.007027263265614782
2024-05-30 00:00:00+00:00,508.8824768066406,46377600,-0.006655618800572514
2024-05-31 00:00:00+00:00,513.5174560546875,90785800,0.009066923524056166
2024-06-03 00:00:00+00:00,513.93603515625,46835700,0.000814789434850954
2024-06-04 00:00:00+00:00,514.5106811523438,34632700,0.0011175028259284875
2024-06-05 00:00:00+00:00,520.6256713867188,47610400,0.011814987182765961
2024-06-06 00:00:00+00:00,520.6159057617188,30808500,-1.8757654735676046e-05
2024-06-07 00:00:00+00:00,519.9829711914062,43224500,-0.0012164815134503508
2024-06-10 00:00:00+00:00,521.5895385742188,35686100,0.0030848906664317707
2024-06-11 00:00:00+00:00,522.8457641601562,36383400,0.0024055605712183215
2024-06-12 00:00:00+00:00,527.139892578125,63251300,0.008179449559839557
2024-06-13 00:00:00+00:00,528.2013549804688,44760900,0.0020116010110220717
2024-06-14 00:00:00+00:00,528.522705078125,40089900,0.0006082006073453367
2024-06-17 00:00:00+00:00,532.7291870117188,55839500,0.00792743738666102
2024-06-18 00:00:00+00:00,534.0826416015625,41376400,0.0025373834067190845
2024-06-20 00:00:00+00:00,532.6317138671875,70328200,-0.0027203695567135935
2024-06-21 00:00:00+00:00,531.917724609375,64338600,-0.0013413925912036523
2024-06-24 00:00:00+00:00,530.1885986328125,45528700,-0.0032560346669104397
2024-06-25 00:00:00+00:00,532.2303466796875,37936200,0.003843588387563958
2024-06-26 00:00:00+00:00,532.89453125,38550600,0.0012471488933612287
2024-06-27 00:00:00+00:00,533.734619140625,35041500,0.0015752205235115802
2024-06-28 00:00:00+00:00,531.6343994140625,76144500,-0.003942713577439978
2024-07-01 00:00:00+00:00,532.728515625,40297800,0.0020559089026094984
2024-07-02 00:00:00+00:00,536.3135986328125,40434800,0.006707119204569822
2024-07-03 00:00:00+00:00,538.70703125,32789900,0.004452819797731044
2024-07-05 00:00:00+00:00,541.8134765625,41488400,0.005749921169851078
2024-07-08 00:00:00+00:00,542.4386596679688,36110500,0.0011532062586980477
2024-07-09 00:00:00+00:00,542.966064453125,27289700,0.0009718122925821138
2024-07-10 00:00:00+00:00,548.3389892578125,38701200,0.009846867656185707
2024-07-11 00:00:00+00:00,543.61083984375,53054200,-0.008660066310131774
2024-07-12 00:00:00+00:00,547.0396728515625,53084400,0.00628770493303874
2024-07-15 00:00:00+00:00,548.5440673828125,40584300,0.0027462902588418882
2024-07-16 00:00:00+00:00,551.797119140625,36475300,0.0059128228140013905
2024-07-17 00:00:00+00:00,544.0602416992188,57119000,-0.014120461787227182
2024-07-18 00:00:00+00:00,539.8792724609375,56270400,-0.0077144340964305355
2024-07-19 00:00:00+00:00,536.2940063476562,65509100,-0.006663015051742003
2024-07-22 00:00:00+00:00,541.8232421875,43346700,0.010257296830807425
2024-07-23 00:00:00+00:00,540.9733276367188,34439600,-0.0015698511595131069
2024-07-24 00:00:00+00:00,528.7135009765625,74515300,-0.022923276573749173
2024-07-25 00:00:00+00:00,525.9586791992188,61158300,-0.005224046095454148
2024-07-26 00:00:00+00:00,531.8493041992188,53763800,0.011137533435244488
2024-07-29 00:00:00+00:00,532.1619262695312,39515800,0.0005876292850229215
2024-07-30 00:00:00+00:00,529.4656982421875,46853600,-0.0050794341860085955
2024-07-31 00:00:00+00:00,538.0719604492188,65663400,0.016123925168381226
2024-08-01 00:00:00+00:00,530.452392578125,76428700,-0.014262093335322532
2024-08-02 00:00:00+00:00,520.576171875,82789100,-0.018793992356037032
2024-08-05 00:00:00+00:00,505.4150695800781,146267400,-0.029556209363108047
2024-08-06 00:00:00+00:00,510.0747985839844,84826300,0.009177367209770946
2024-08-07 00:00:00+00:00,506.6654968261719,70698300,-0.006706362580606519
2024-08-08 00:00:00+00:00,518.3782348632812,63276600,0.022854142665391788
2024-08-09 00:00:00+00:00,520.6641235351562,45619600,0.004399998404867603
2024-08-12 00:00:00+00:00,520.9376220703125,42542100,0.0005251499291272942
2024-08-13 00:00:00+00:00,529.5047607421875,52333100,0.016311848742340495
2024-08-14 00:00:00+00:00,531.17529296875,42446900,0.003149929334443642
2024-08-15 00:00:00+00:00,540.2796630859375,60846800,0.016994814750777902
2024-08-16 00:00:00+00:00,541.4910278320312,44430700,0.002239597102405416
2024-08-19 00:00:00+00:00,546.66845703125,39121800,0.00951600999874844
2024-08-20 00:00:00+00:00,545.7794799804688,33732300,-0.0016274958593185758
2024-08-21 00:00:00+00:00,547.6551513671875,41514600,0.003430791695667201
2024-08-22 00:00:00+00:00,543.3568115234375,56121500,-0.0078795874463419
2024-08-23 00:00:00+00:00,549.1301879882812,50639400,0.010569334395826984
2024-08-26 00:00:00+00:00,547.8211669921875,35788600,-0.002386653904955314
2024-08-27 00:00:00+00:00,548.5733642578125,32693900,0.0013721290323900149
2024-08-28 00:00:00+00:00,545.3887939453125,41066000,-0.005822101403040916
2024-08-29 00:00:00+00:00,545.4376220703125,38715200,8.952501390816311e-05
2024-08-30 00:00:00+00:00,550.6444091796875,62700100,0.00950079670464906
2024-09-03 00:00:00+00:00,539.3125610351562,60600100,-0.020793951990048902
2024-09-04 00:00:00+00:00,538.2088012695312,47224900,-0.002048702123771822
2024-09-05 00:00:00+00:00,536.8997192382812,44264300,-0.0024352568196338385
2024-09-06 00:00:00+00:00,527.863525390625,68493800,-0.016973558840299413
2024-09-09 00:00:00+00:00,533.7736206054688,40445800,0.011134041968453353
2024-09-10 00:00:00+00:00,536.0986938476562,36394600,0.004346456808267727
2024-09-11 00:00:00+00:00,541.5985717773438,75248600,0.010206810117591064
2024-09-12 00:00:00+00:00,546.1605224609375,51819600,0.00838784516612747
2024-09-13 00:00:00+00:00,549.0130615234375,39310500,0.0052093029907823545
2024-09-16 00:00:00+00:00,549.8237915039062,36656100,0.0014756151021779278
2024-09-17 00:00:00+00:00,550.0484008789062,49321000,0.000408428142247504
2024-09-18 00:00:00+00:00,548.4171142578125,59044900,-0.0029701211332180113
2024-09-19 00:00:00+00:00,557.7755737304688,75315500,0.016920529043112722
2024-09-20 00:00:00+00:00,556.8114013671875,77503100,-0.0017300984585733826
2024-09-23 00:00:00+00:00,558.2027587890625,44116900,0.0024956779810614547
2024-09-24 00:00:00+00:00,559.7999877929688,46805700,0.0028572918902978113
2024-09-25 00:00:00+00:00,558.5653076171875,38428600,-0.0022080096413377467
2024-09-26 00:00:00+00:00,560.7798461914062,48336000,0.0039568518361695355
2024-09-27 00:00:00+00:00,559.9664306640625,42100900,-0.0014515607804652625
2024-09-30 00:00:00+00:00,562.21044921875,63557400,0.003999407911629924
2024-10-01 00:00:00+00:00,557.1738891601562,72668800,-0.008998864597382177
2024-10-02 00:00:00+00:00,557.4090576171875,38097800,0.00042198467364129805
2024-10-03 00:00:00+00:00,556.3899536132812,40846500,-0.0018299608421714036
2024-10-04 00:00:00+00:00,561.4461669921875,42939100,0.009046492180058027
2024-10-07 00:00:00+00:00,556.370361328125,49964700,-0.009081706026014151
2024-10-08 00:00:00+00:00,561.6323852539062,37398700,0.009413327109958642
2024-10-09 00:00:00+00:00,565.5223999023438,37912200,0.006902388463365834
2024-10-10 00:00:00+00:00,564.53271484375,44138100,-0.001751569987531797
2024-10-11 00:00:00+00:00,567.9132690429688,42268000,0.005970376139928544
2024-10-14 00:00:00+00:00,572.557861328125,36217200,0.008145086428294807
2024-10-15 00:00:00+00:00,568.1093139648438,54203600,-0.007799943775756974
2024-10-16 00:00:00+00:00,570.5785522460938,30725400,0.004336995633228163
2024-10-17 00:00:00+00:00,570.6275024414062,34393700,8.578677819207803e-05
2024-10-18 00:00:00+00:00,572.8224487304688,37416800,0.003839169318771763
2024-10-21 00:00:00+00:00,571.8817138671875,36439000,-0.001643630041374051
2024-10-22 00:00:00+00:00,571.577880859375,34183800,-0.0005314276365589883
2024-10-23 00:00:00+00:00,566.355224609375,49314600,-0.009179261761694422
2024-10-24 00:00:00+00:00,567.580078125,34979900,0.0021603595708732425
2024-10-25 00:00:00+00:00,567.3840942382812,47268200,-0.0003453569609313954
2024-10-28 00:00:00+00:00,569.1381225585938,30174700,0.003086661548734472
2024-10-29 00:00:00+00:00,570.0592651367188,42899700,0.001617178530827376
2024-10-30 00:00:00+00:00,568.3345947265625,41435800,-0.0030300088404782684
2024-10-31 00:00:00+00:00,557.193603515625,60182500,-0.01979755835950004
2024-11-01 00:00:00+00:00,559.545166015625,45667500,0.004211488021892728
2024-11-04 00:00:00+00:00,558.3399047851562,38217000,-0.0021563248834115547
2024-11-05 00:00:00+00:00,565.0912475585938,39478300,0.012019292924155881
2024-11-06 00:00:00+00:00,579.142578125,68182000,0.024561477968850064
2024-11-07 00:00:00+00:00,583.6205444335938,47233200,0.007702322786009814
2024-11-08 00:00:00+00:00,586.1488037109375,46444900,0.004322669623995072
2024-11-11 00:00:00+00:00,586.7072143554688,37586800,0.0009522237651059805
2024-11-12 00:00:00+00:00,584.8846435546875,43006100,-0.0031112750719250325
2024-11-13 00:00:00+00:00,585.1688842773438,47388600,0.0004858593585447453
2024-11-14 00:00:00+00:00,581.4060668945312,38904100,-0.0064510735955441555
2024-11-15 00:00:00+00:00,573.9591064453125,75988800,-0.012891272390424445
2024-11-18 00:00:00+00:00,576.3107299804688,37001700,0.004088826355325771
2024-11-19 00:00:00+00:00,578.41748046875,49412000,0.003648915488092873
2024-11-20 00:00:00+00:00,578.613525390625,50032600,0.000338875834369798
2024-11-21 00:00:00+00:00,581.7196655273438,46750300,0.005353889004630169
2024-11-22 00:00:00+00:00,583.5226440429688,38226400,0.0030946009077713224
2024-11-25 00:00:00+00:00,585.501953125,42441400,0.0033862606110790184
2024-11-26 00:00:00+00:00,588.55908203125,45621300,0.005207797080574187
2024-11-27 00:00:00+00:00,586.7757568359375,34000200,-0.0030345847070110607
2024-11-29 00:00:00+00:00,590.4208984375,30177400,0.006192938512433885
2024-12-02 00:00:00+00:00,591.479248046875,31746000,0.0017909294544124715
2024-12-03 00:00:00+00:00,591.75341796875,26906600,0.00046342521577770473
2024-12-04 00:00:00+00:00,595.427978515625,42787600,0.006190414189814256
2024-12-05 00:00:00+00:00,594.4481201171875,28762200,-0.0016469926928679725
2024-12-06 00:00:00+00:00,595.574951171875,31241500,0.0018937975551105272
2024-12-09 00:00:00+00:00,592.5079956054688,34742700,-0.005162875853526459
2024-12-10 00:00:00+00:00,590.665771484375,37234500,-0.0031140406608803893
2024-12-11 00:00:00+00:00,595.2320556640625,28677700,0.007701012080991039
2024-12-12 00:00:00+00:00,592.1650390625,31543800,-0.005165960799480725
2024-12-13 00:00:00+00:00,592.0475463867188,35904700,-0.0001984317302660415
2024-12-16 00:00:00+00:00,594.5755004882812,43695200,0.00426075986406593
2024-12-17 00:00:00+00:00,592.1258544921875,55773500,-0.004128502028305102
2024-12-18 00:00:00+00:00,574.4784545898438,108248700,-0.03025661064131427
2024-12-19 00:00:00+00:00,574.3020629882812,85919500,-0.00030709365322565676
2024-12-20 00:00:00+00:00,581.1998901367188,125716700,0.011939242625160041
2024-12-23 00:00:00+00:00,584.680419921875,57635800,0.005970664561118136
2024-12-24 00:00:00+00:00,591.1790771484375,33160100,0.011053571299224312
2024-12-26 00:00:00+00:00,591.2183837890625,41219100,6.648634141744888e-05
2024-12-27 00:00:00+00:00,584.9949951171875,64969300,-0.010582173029488507
2024-12-30 00:00:00+00:00,578.3192749023438,56578800,-0.011477196948838099
2024-12-31 00:00:00+00:00,576.21533203125,57052700,-0.0036446637241498506
2025-01-02 00:00:00+00:00,574.7994995117188,50204000,-0.0024601476798058125
2025-01-03 00:00:00+00:00,581.9864501953125,37888500,0.012425882521837194
2025-01-06 00:00:00+00:00,585.3390502929688,47679400,0.005744086485510305
2025-01-07 00:00:00+00:00,578.7223510742188,60393100,-0.011368421757193178
2025-01-08 00:00:00+00:00,579.5678100585938,47304700,0.0014598399656557185
2025-01-10 00:00:00+00:00,570.7193603515625,73105000,-0.015385069867613042
2025-01-13 00:00:00+00:00,571.6041870117188,47910100,0.0015491702664428082
2025-01-14 00:00:00+00:00,572.3908081054688,48420600,0.001375217935533869
2025-01-15 00:00:00+00:00,582.8025512695312,56900200,0.018026462881358663
2025-01-16 00:00:00+00:00,581.6817626953125,43319700,-0.0019249532292756927
2025-01-17 00:00:00+00:00,587.521728515625,58070600,0.00998973135235659
2025-01-21 00:00:00+00:00,592.899658203125,42532900,0.00911194418813655
2025-01-22 00:00:00+00:00,596.2326049804688,48196000,0.005605693510050777
2025-01-23 00:00:00+00:00,599.4868774414062,41152100,0.005443217316000488
2025-01-24 00:00:00+00:00,597.73681640625,34604700,-0.002923534324684772
2025-01-27 00:00:00+00:00,589.2815551757812,70361100,-0.014246458926308145
2025-01-28 00:00:00+00:00,594.344970703125,44433300,0.008555817741972439
2025-01-29 00:00:00+00:00,591.6805419921875,37177400,-0.00449304532617926
2025-01-30 00:00:00+00:00,594.8561401367188,39281300,0.005352730808165938
2025-01-31 00:00:00+00:00,591.6903076171875,66566900,-0.005336226049740629
2025-02-03 00:00:00+00:00,587.70849609375,65857200,-0.00675229895034307
2025-02-04 00:00:00+00:00,591.6510009765625,33457800,0.0066858656392535494
2025-02-05 00:00:00+00:00,594.0498657226562,30653100,0.004046329198996035
2025-02-06 00:00:00+00:00,596.114501953125,35771500,0.0034695011170228244
2025-02-07 00:00:00+00:00,590.6580810546875,50788500,-0.009195459053371586
2025-02-10 00:00:00+00:00,594.6693115234375,26048700,0.006768165160238897
2025-02-11 00:00:00+00:00,595.1216430664062,30056700,0.0007603546875463104
2025-02-12 00:00:00+00:00,593.2044067382812,45076100,-0.0032267877860412833
2025-02-13 00:00:00+00:00,599.4672241210938,40921300,0.010502261955576539
2025-02-14 00:00:00+00:00,599.4376831054688,26910400,-4.9279997859525275e-05
2025-02-18 00:00:00+00:00,601.1975708007812,26749000,0.00293159633618473
2025-02-19 00:00:00+00:00,602.6133422851562,31011100,0.0023521503613693965
2025-02-20 00:00:00+00:00,600.1063232421875,36554000,-0.004168922727060123
2025-02-21 00:00:00+00:00,589.842041015625,76519800,-0.017252070958461062
2025-02-24 00:00:00+00:00,587.1580200195312,50737200,-0.00456079101001374
2025-02-25 00:00:00+00:00,584.2379150390625,58266500,-0.004985694318821851
2025-02-26 00:00:00+00:00,584.5328369140625,43321600,0.0005046701943331124
2025-02-27 00:00:00+00:00,575.2025756835938,74196700,-0.01609067453879389
2025-02-28 00:00:00+00:00,584.178955078125,88744100,0.015485081527449984
2025-03-03 00:00:00+00:00,573.9441528320312,74249200,-0.017675268948049022
2025-03-04 00:00:00+00:00,567.1504516601562,109648200,-0.011907481495598895
2025-03-05 00:00:00+00:00,573.2460327148438,71230500,0.010690385651925656
2025-03-06 00:00:00+00:00,563.0703125,80094900,-0.01791049169546289
2025-03-07 00:00:00+00:00,566.2261962890625,81158800,0.005589129125759151
2025-03-10 00:00:00+00:00,551.1444702148438,99326600,-0.026996667272413812
2025-03-11 00:00:00+00:00,546.5629272460938,88102100,-0.008347524273322408
2025-03-12 00:00:00+00:00,549.4633178710938,69588200,0.00529256923951383
2025-03-13 00:00:00+00:00,542.138671875,74079400,-0.01342019526585469
2025-03-14 00:00:00+00:00,553.3369140625,62660300,0.020445242975871563
2025-03-17 00:00:00+00:00,557.6038818359375,49008700,0.007681757248935513
2025-03-18 00:00:00+00:00,551.5770874023438,66041400,-0.010867214480762116
2025-03-19 00:00:00+00:00,557.584228515625,66556000,0.010831967834690391
2025-03-20 00:00:00+00:00,555.971923828125,62958200,-0.0028957781981189925
2025-03-21 00:00:00+00:00,556.1553344726562,83763000,0.0003298375160307374
2025-03-24 00:00:00+00:00,566.1151733398438,58766800,0.017749910189169125
2025-03-25 00:00:00+00:00,567.47607421875,38355700,0.002401044531065827
2025-03-26 00:00:00+00:00,560.7013549804688,51848300,-0.012010168785888266
2025-03-27 00:00:00+00:00,559.2122802734375,42164200,-0.00265926860372378
2025-03-28 00:00:00+00:00,547.95068359375,71662700,-0.020343861653928184
2025-03-31 00:00:00+00:00,551.62890625,95328200,0.006690259458893106
2025-04-01 00:00:00+00:00,553.1869506835938,54609600,0.0028204618112056823
2025-04-02 00:00:00+00:00,556.6878051757812,76014500,0.006308578664988426
2025-04-03 00:00:00+00:00,529.2537231445312,125986000,-0.05053664464531158
2025-04-04 00:00:00+00:00,498.2696533203125,217965100,-0.06032654173402911
2025-04-07 00:00:00+00:00,497.38214111328125,256611400,-0.001782776764040478
2025-04-08 00:00:00+00:00,489.5917663574219,165816600,-0.015786712271728228
2025-04-09 00:00:00+00:00,541.0083618164062,241867300,0.09986282097331924
2025-04-10 00:00:00+00:00,517.3019409179688,162331200,-0.044808005930989415
2025-04-11 00:00:00+00:00,526.5321044921875,97866300,0.017685577889526977
2025-04-14 00:00:00+00:00,531.6401977539062,68034000,0.009654633614505052
2025-04-15 00:00:00+00:00,530.151123046875,56892900,-0.002804836796243976
2025-04-16 00:00:00+00:00,518.3668823242188,83484800,-0.02247884513446928
2025-04-17 00:00:00+00:00,519.1064453125,79868100,0.0014257004856924008
2025-04-21 00:00:00+00:00,506.7503356933594,69368100,-0.024090511302001048
2025-04-22 00:00:00+00:00,519.9348754882812,75948100,0.025685116511127353
2025-04-23 00:00:00+00:00,527.9915161132812,90590700,0.015376651323154154
2025-04-24 00:00:00+00:00,539.1051635742188,64150400,0.020830444939895523
2025-04-25 00:00:00+00:00,543.0004272460938,61119600,0.007199446209049066
2025-04-28 00:00:00+00:00,543.2074584960938,47613800,0.0003812000542889559
2025-04-29 00:00:00+00:00,546.6292114257812,47775100,0.0062794073051475035
2025-04-30 00:00:00+00:00,546.8462524414062,93101500,0.00039697464762060517
2025-05-01 00:00:00+00:00,550.7217407226562,63186100,0.007061985064770549
2025-05-02 00:00:00+00:00,558.8966674804688,60717300,0.014734929787140345
2025-05-05 00:00:00+00:00,555.6917114257812,38659200,-0.0057509389987245646
2025-05-06 00:00:00+00:00,551.047119140625,48264700,-0.008393343440716216
2025-05-07 00:00:00+00:00,553.3645629882812,55588000,0.004196709046927182
2025-05-08 00:00:00+00:00,557.2202758789062,65130800,0.006943599889265658
2025-05-09 00:00:00+00:00,556.5103759765625,37603400,-0.0012748145115739507
2025-05-12 00:00:00+00:00,574.9015502929688,78993600,0.032512993653282446
2025-05-13 00:00:00+00:00,578.6981201171875,67947200,0.006582150859953346
2025-05-14 00:00:00+00:00,579.4378051757812,66283500,0.0012773719267607985
2025-05-15 00:00:00+00:00,582.2678833007812,71268100,0.004872290377370024
2025-05-16 00:00:00+00:00,585.9559936523438,76052100,0.006314068180387681
2025-05-19 00:00:00+00:00,586.5969848632812,68168500,0.0010933259077134494
2025-05-20 00:00:00+00:00,584.6246948242188,60614500,-0.003367922465163679
2025-05-21 00:00:00+00:00,574.7733154296875,95197700,-0.016994365011937837
2025-05-22 00:00:00+00:00,575.0000610351562,70860400,0.0003944179140857305
2025-05-23 00:00:00+00:00,571.0753784179688,76029000,-0.006848934762274166
2025-05-27 00:00:00+00:00,582.9483642578125,72588500,0.020577401218805552
2025-05-28 00:00:00+00:00,579.5757446289062,68445500,-0.005802252297463494
2025-05-29 00:00:00+00:00,581.863525390625,69973300,0.003939566673301789
2025-05-30 00:00:00+00:00,581.2127685546875,90601200,-0.0011190270272600825
2025-06-02 00:00:00+00:00,584.4866943359375,61630500,0.0056171157210044296
2025-06-03 00:00:00+00:00,587.8197631835938,63606200,0.005686359240649595
2025-06-04 00:00:00+00:00,587.6619262695312,57314200,-0.00026854848770040476
2025-06-05 00:00:00+00:00,584.8218994140625,92278700,-0.004844471791619437
2025-06-06 00:00:00+00:00,590.8274536132812,66588700,0.010216662684454049
2025-06-09 00:00:00+00:00,591.3599243164062,53016400,0.0009008229136485706
2025-06-10 00:00:00+00:00,594.7128295898438,66247000,0.005653808661982898
2025-06-11 00:00:00+00:00,593.0166015625,73658200,-0.002856255197579159
2025-06-12 00:00:00+00:00,595.3734130859375,64129000,0.003966399219497322
2025-06-13 00:00:00+00:00,588.7171020507812,89506000,-0.01124302756622849
2025-06-16 00:00:00+00:00,594.318359375,79984100,0.009469368183272006
2025-06-17 00:00:00+00:00,589.23974609375,82209400,-0.008581994289928462
2025-06-18 00:00:00+00:00,589.1510009765625,76605000,-0.00015062086591550284
2025-06-20 00:00:00+00:00,587.7673950195312,94051400,-0.0023512362440002437
2025-06-23 00:00:00+00:00,593.572998046875,87426000,0.009828919420942845
2025-06-24 00:00:00+00:00,600.1304321289062,67735300,0.010986816119520414
2025-06-25 00:00:00+00:00,600.4667358398438,62114800,0.000560227408002968
2025-06-26 00:00:00+00:00,605.1646118164062,78548400,0.007793260788651785
2025-06-27 00:00:00+00:00,608.1713256835938,86258400,0.004956121266641941
2025-06-30 00:00:00+00:00,611.0791015625,92502500,0.004769785315288907
2025-07-01 00:00:00+00:00,610.8812255859375,70030100,-0.0003238664527740109
2025-07-02 00:00:00+00:00,613.6505737304688,66510400,0.004523121192111028
2025-07-03 00:00:00+00:00,618.4869995117188,51065800,0.007850504238325978
2025-07-07 00:00:00+00:00,613.8780517578125,74814500,-0.007479876580079352
2025-07-08 00:00:00+00:00,613.5418701171875,59024600,-0.000547785876764889
2025-07-09 00:00:00+00:00,617.220947265625,66113300,0.005978549327169769
2025-07-10 00:00:00+00:00,618.9617309570312,57529000,0.002816387695340711
2025-07-11 00:00:00+00:00,616.7857666015625,63670200,-0.003521701008814372
2025-07-14 00:00:00+00:00,617.9627685546875,51898500,0.0019064648000917212
2025-07-15 00:00:00+00:00,615.322021484375,74317300,-0.004282467646529195
2025-07-16 00:00:00+00:00,617.3792724609375,88987500,0.0033377962635928867
2025-07-17 00:00:00+00:00,621.1573486328125,68885700,0.006100890076443559
2025-07-18 00:00:00+00:00,620.7025146484375,65621600,-0.000732504557334665
2025-07-21 00:00:00+00:00,621.8794555664062,63375000,0.0018943478951733137
2025-07-22 00:00:00+00:00,621.9684448242188,60046300,0.0001430870413278501
2025-07-23 00:00:00+00:00,627.259765625,70511000,0.008471394418692447
2025-07-24 00:00:00+00:00,627.4674072265625,71307100,0.00033097490506409994
2025-07-25 00:00:00+00:00,630.1181030273438,56865400,0.004215537956781221
2025-07-28 00:00:00+00:00,629.9598999023438,54917100,-0.0002511005278458048
2025-07-29 00:00:00+00:00,628.2982788085938,60556300,-0.0026411464479572516
2025-07-30 00:00:00+00:00,627.5070190429688,80418900,-0.0012601632939269942
2025-07-31 00:00:00+00:00,625.1531372070312,103385200,-0.003758217413957386
2025-08-01 00:00:00+00:00,614.9066162109375,140103600,-0.016526226537602218
2025-08-04 00:00:00+00:00,624.2530517578125,73218000,0.015085405109181525
2025-08-05 00:00:00+00:00,621.0880737304688,68051400,-0.005082920296747279
2025-08-06 00:00:00+00:00,625.845458984375,64357500,0.007630572460438727
2025-08-07 00:00:00+00:00,625.3211669921875,74205800,-0.0008380850511677383
2025-08-08 00:00:00+00:00,630.197265625,64051600,0.007767505474040804
2025-08-11 00:00:00+00:00,628.9509887695312,58742300,-0.00197955603416075
2025-08-12 00:00:00+00:00,635.6468505859375,64730800,0.01058980836909497
2025-08-13 00:00:00+00:00,637.82275390625,60092800,0.003417286804688239
2025-08-14 00:00:00+00:00,637.882080078125,59327500,9.300924530087265e-05
2025-08-15 00:00:00+00:00,636.388671875,68592500,-0.0023439428152555583
2025-08-18 00:00:00+00:00,636.2501831054688,43804900,-0.00021764032983260864
2025-08-19 00:00:00+00:00,632.7984008789062,69750700,-0.005439966259085958
2025-08-20 00:00:00+00:00,631.1170043945312,88890300,-0.002660617109700641
2025-08-21 00:00:00+00:00,628.5850830078125,54805800,-0.0040198787023870254
2025-08-22 00:00:00+00:00,638.2381591796875,84083200,0.015240110357538828
2025-08-25 00:00:00+00:00,635.42919921875,51274300,-0.004410829085847295
2025-08-26 00:00:00+00:00,638.0897216796875,51581600,0.004178228195597486
2025-08-27 00:00:00+00:00,639.543701171875,48341100,0.002276052103625867
2025-08-28 00:00:00+00:00,641.8085327148438,61519500,0.0035350684092173997
2025-08-29 00:00:00+00:00,637.98095703125,74522200,-0.005981588576274999
2025-09-02 00:00:00+00:00,633.2533569335938,81983500,-0.007437844999217563
2025-09-03 00:00:00+00:00,636.685302734375,70820900,0.00540491326799287
2025-09-04 00:00:00+00:00,642.00634765625,65219200,0.008322687701407075
2025-09-05 00:00:00+00:00,640.1469116210938,85178900,-0.00290049153687074
2025-09-08 00:00:00+00:00,641.719482421875,63133100,0.0024535655150853598
2025-09-09 00:00:00+00:00,643.203125,66133900,0.002309311438526683
2025-09-10 00:00:00+00:00,645.0624389648438,78034500,0.002886540334312302
2025-09-11 00:00:00+00:00,650.4231567382812,69934400,0.00827604473377814
2025-09-12 00:00:00+00:00,650.20556640625,72780100,-0.0003345925400373844
2025-09-15 00:00:00+00:00,653.6671142578125,63772400,0.005309653366226374
2025-09-16 00:00:00+00:00,652.76708984375,61169000,-0.0013778337303519087
2025-09-17 00:00:00+00:00,651.9561767578125,101952200,-0.001243042430699064
2025-09-18 00:00:00+00:00,655.0023803710938,90459200,0.004661523676907058
2025-09-19 00:00:00+00:00,658.2465209960938,97945600,0.004940643347549601
2025-09-22 00:00:00+00:00,661.3607177734375,69452200,0.004719893112429032
2025-09-23 00:00:00+00:00,657.7605590820312,81708900,-0.005458433114998444
2025-09-24 00:00:00+00:00,655.6678466796875,68082200,-0.0031866436938144398
2025-09-25 00:00:00+00:00,652.6429443359375,89622100,-0.0046241424508109445
2025-09-26 00:00:00+00:00,656.3818969726562,69179200,0.005712592590631297
2025-09-29 00:00:00+00:00,658.2266845703125,73499000,0.0028065978489793704
2025-09-30 00:00:00+00:00,660.7060546875,86288000,0.0037596656203880132
2025-10-01 00:00:00+00:00,662.9574584960938,72545400,0.0034017799195840766
2025-10-02 00:00:00+00:00,663.7210693359375,56896000,0.0011511619554406625
2025-10-03 00:00:00+00:00,663.7113037109375,70494400,-1.4713555580661802e-05
2025-10-06 00:00:00+00:00,666.0914916992188,54623300,0.0035797646662827694
2025-10-07 00:00:00+00:00,663.6220092773438,72020100,-0.003714311780944407
2025-10-08 00:00:00+00:00,667.5791625976562,60702200,0.0059452546462897245
2025-10-09 00:00:00+00:00,665.6452026367188,66501900,-0.002901179078111572
2025-10-10 00:00:00+00:00,647.6542358398438,159422600,-0.027399832538963102
2025-10-13 00:00:00+00:00,657.5919189453125,79560500,0.015227587680655873
2025-10-14 00:00:00+00:00,656.78857421875,88779600,-0.0012223931057610573
2025-10-15 00:00:00+00:00,659.7044067382812,81702600,0.004429704266786335
2025-10-16 00:00:00+00:00,655.211669921875,110563300,-0.0068335225027077754
2025-10-17 00:00:00+00:00,658.9308471679688,96500900,0.005660249367837144
2025-10-20 00:00:00+00:00,665.7840576171875,60493400,0.010346787167762106
2025-10-21 00:00:00+00:00,665.7741088867188,56249000,-1.4942990429156014e-05
2025-10-22 00:00:00+00:00,662.312744140625,80564000,-0.0052125696080209645
2025-10-23 00:00:00+00:00,666.2402954101562,65604500,0.005912541831996953
2025-10-24 00:00:00+00:00,671.6851806640625,74356500,0.008139340211438471
2025-10-27 00:00:00+00:00,679.6094970703125,63339800,0.011728614603400918
2025-10-28 00:00:00+00:00,681.41455078125,61738100,0.0026524950416700003
2025-10-29 00:00:00+00:00,681.7418212890625,85657100,0.00048016576939499743
2025-10-30 00:00:00+00:00,674.2440185546875,76335800,-0.011058934288291149
2025-10-31 00:00:00+00:00,676.4556884765625,87164100,0.0032748535991825116
2025-11-03 00:00:00+00:00,677.7251586914062,57315000,0.001874890771598795
2025-11-04 00:00:00+00:00,669.691650390625,78427000,-0.011924451941663715
2025-11-05 00:00:00+00:00,672.012451171875,74402400,0.0034594857288829657
2025-11-06 00:00:00+00:00,664.80224609375,85035300,-0.010787246744836403
2025-11-07 00:00:00+00:00,665.4567260742188,100592400,0.0009839889028669835
2025-11-10 00:00:00+00:00,675.8406982421875,75842900,0.015483783745324687
2025-11-11 00:00:00+00:00,677.387939453125,58953400,0.0022867412676202815
2025-11-12 00:00:00+00:00,677.7647705078125,62312500,0.0005561455349355046
2025-11-13 00:00:00+00:00,666.5180053710938,103457800,-0.016733127522772336
2025-11-14 00:00:00+00:00,666.4088134765625,96846700,-0.00016383779399072634
2025-11-17 00:00:00+00:00,660.2003173828125,90456100,-0.00936001611387412
2025-11-18 00:00:00+00:00,654.65625,114467500,-0.008433011441929867
2025-11-19 00:00:00+00:00,657.185302734375,94703000,0.0038557337390654808
2025-11-20 00:00:00+00:00,647.1683349609375,165293500,-0.015359584109870688
2025-11-21 00:00:00+00:00,653.6148681640625,123956200,0.009911853052476355
2025-11-24 00:00:00+00:00,663.2351684570312,80437900,0.014611339452438529
2025-11-25 00:00:00+00:00,669.4735107421875,81077100,0.009361967767598688
2025-11-26 00:00:00+00:00,674.09521484375,71879600,0.006879770632920697
2025-11-28 00:00:00+00:00,677.7747192382812,49212000,0.005443590966696786
2025-12-01 00:00:00+00:00,674.6803588867188,61201200,-0.004575923889866952
2025-12-02 00:00:00+00:00,675.9299926757812,62953800,0.001850473223761602
2025-12-03 00:00:00+00:00,678.2706298828125,57238500,0.0034568578671407297
2025-12-04 00:00:00+00:00,678.7665405273438,61970300,0.0007308726355028201
2025-12-05 00:00:00+00:00,680.0557861328125,79241000,0.0018975931835084833
2025-12-08 00:00:00+00:00,678.0127563476562,55231500,-0.0030087308003297914
2025-12-09 00:00:00+00:00,677.4276123046875,58310100,-0.0008634006967059875
2025-12-10 00:00:00+00:00,681.9203491210938,85671300,0.006610159139183051
2025-12-11 00:00:00+00:00,683.5072021484375,86173700,0.0023243323899324697
2025-12-12 00:00:00+00:00,676.1581420898438,113160300,-0.010810206581406788
2025-12-15 00:00:00+00:00,675.1365966796875,90811000,-0.001511950835671096
2025-12-16 00:00:00+00:00,673.2918701171875,122030600,-0.0027361150535985287
2025-12-17 00:00:00+00:00,665.8832397460938,110625200,-0.011064581322954193
2025-12-18 00:00:00+00:00,670.9114990234375,108650100,0.007522894645792734
2025-12-19 00:00:00+00:00,676.9923095703125,103599500,0.009022679156543787
2025-12-22 00:00:00+00:00,681.2098388671875,69556700,0.00621047884157309
2025-12-23 00:00:00+00:00,684.3233032226562,64840000,0.004560079363435816
2025-12-24 00:00:00+00:00,686.7305297851562,39445600,0.003511501850767283
2025-12-26 00:00:00+00:00,686.660888671875,41613300,-0.00010141480775991423
2025-12-29 00:00:00+00:00,684.2138671875,62559500,-0.003570018446780222
2025-12-30 00:00:00+00:00,683.3782958984375,47160700,-0.001221959902357149
2025-12-31 00:00:00+00:00,678.3152465820312,74144800,-0.007436434837780548
2026-01-02 00:00:00+00:00,679.55859375,89377200,0.0018313152201985445
2026-01-05 00:00:00+00:00,684.0845947265625,71927200,0.006638125918191552
2026-01-06 00:00:00+00:00,688.1529541015625,69273800,0.005929543756599755
2026-01-07 00:00:00+00:00,685.9347534179688,75588300,-0.0032286186657920035
2026-01-08 00:00:00+00:00,685.8651123046875,64019200,-0.00010153246851990349
2026-01-09 00:00:00+00:00,690.4010009765625,80125500,0.006591610519991714
2026-01-12 00:00:00+00:00,691.4852294921875,63976000,0.0015692011602722827
2026-01-13 00:00:00+00:00,690.1026000976562,78309700,-0.0020015084477309304
2026-01-14 00:00:00+00:00,686.7105712890625,94676700,-0.004927372488885677
2026-01-15 00:00:00+00:00,688.5806884765625,77862000,0.002719596051916529
2026-01-16 00:00:00+00:00,688.0037231445312,79289200,-0.0008382564279319575
2026-01-20 00:00:00+00:00,673.9981689453125,111623300,-0.020566855255717744
2026-01-21 00:00:00+00:00,681.77685546875,127844500,0.011475018699616915
2026-01-22 00:00:00+00:00,685.3379516601562,77112200,0.005209663778086045
2026-01-23 00:00:00+00:00,685.5865478515625,63059600,0.00036266941646986676
2026-01-26 00:00:00+00:00,689.068115234375,60473800,0.00506538103059215
2026-01-27 00:00:00+00:00,691.8134765625,55506100,0.003976249609777937
2026-01-28 00:00:00+00:00,691.7438354492188,61172200,-0.00010066964734378686
2026-01-29 00:00:00+00:00,690.3711547851562,97486200,-0.001986348639724907
2026-01-30 00:00:00+00:00,688.3121337890625,101835100,-0.002986940574398427
2026-02-02 00:00:00+00:00,691.73388671875,79286500,0.004958907008599522
2026-02-03 00:00:00+00:00,685.885009765625,107904600,-0.00849133546493203
2026-02-04 00:00:00+00:00,682.5626831054688,105204600,-0.004855623207264491
2026-02-05 00:00:00+00:00,674.0379638671875,113610800,-0.012567930681256348
2026-02-06 00:00:00+00:00,686.96923828125,89127600,0.01900307879815714
2026-02-09 00:00:00+00:00,690.2816162109375,73885200,0.0048101394245550514
2026-02-10 00:00:00+00:00,688.4613037109375,65185700,-0.0026405409324224806
2026-02-11 00:00:00+00:00,688.3021850585938,76353900,-0.00023114885650317492
2026-02-12 00:00:00+00:00,677.668701171875,118829000,-0.015569436795382833
2026-02-13 00:00:00+00:00,678.1461181640625,96267500,0.0007042510601164912
2026-02-17 00:00:00+00:00,679.2402954101562,81354700,0.0016121827537749706
2026-02-18 00:00:00+00:00,682.662109375,73570300,0.005025060758005965
2026-02-19 00:00:00+00:00,680.8616943359375,58649400,-0.002640828242968268
2026-02-20 00:00:00+00:00,685.7855834960938,100034000,0.007205824861526998
2026-02-23 00:00:00+00:00,678.7827758789062,90558100,-0.010263859697353819
2026-02-24 00:00:00+00:00,683.7164916992188,73798700,0.007242187209707843
2026-02-25 00:00:00+00:00,689.4859008789062,56369500,0.0084029028181233
2026-02-26 00:00:00+00:00,685.6561889648438,71671000,-0.005569928872744709
2026-02-27 00:00:00+00:00,682.3637084960938,83308900,-0.004813507218789428
2026-03-02 00:00:00+00:00,682.7516479492188,87477200,0.0005683614380813482
2026-03-03 00:00:00+00:00,676.7337036132812,105003100,-0.008853326204464676
2026-03-04 00:00:00+00:00,681.50830078125,79182200,0.0070305833857426895
2026-03-05 00:00:00+00:00,677.7084350585938,106606500,-0.005591272564328495
2026-03-06 00:00:00+00:00,668.8256225585938,100687000,-0.013193786382772557
2026-03-09 00:00:00+00:00,674.6845092773438,102667700,0.008721815668318755
2026-03-10 00:00:00+00:00,673.6002807617188,81505300,-0.0016083082110627642
2026-03-11 00:00:00+00:00,672.7548217773438,68441700,-0.0012559228897518618
2026-03-12 00:00:00+00:00,662.5390625,108882200,-0.015301438459733196
2026-03-13 00:00:00+00:00,658.7890014648438,97200200,-0.005676215023587526
2026-03-16 00:00:00+00:00,665.493408203125,82023100,0.010125429394262926
2026-03-17 00:00:00+00:00,667.2440185546875,87128000,0.0026270911632708125
2026-03-18 00:00:00+00:00,657.9335327148438,82062600,-0.014051911808400095
2026-03-19 00:00:00+00:00,656.3121337890625,111272500,-0.0024674226283852175
2026-03-20 00:00:00+00:00,646.9034423828125,163617500,-0.01443944509538709
2026-03-23 00:00:00+00:00,653.6959228515625,134802700,0.010445249178190171
2026-03-24 00:00:00+00:00,651.5015869140625,96457500,-0.0033624612191459923
2026-03-25 00:00:00+00:00,655.1322021484375,90653800,0.005557218263225205
2026-03-26 00:00:00+00:00,643.432373046875,96494400,-0.018020121487025215
2026-03-27 00:00:00+00:00,632.4606323242188,103649400,-0.017198951843375027
2026-03-30 00:00:00+00:00,630.3460693359375,99275900,-0.0033489923071651985
2026-03-31 00:00:00+00:00,648.6688842773438,152534100,0.028653407820692582
2026-04-01 00:00:00+00:00,653.5562744140625,97841500,0.007506248903134024
2026-04-02 00:00:00+00:00,654.144775390625,68358700,0.0009000543608632609
2026-04-06 00:00:00+00:00,657.23681640625,39105800,0.00471570863127598
2026-04-07 00:00:00+00:00,657.5260009765625,69980400,0.00043990379276420265
2026-04-08 00:00:00+00:00,674.27294921875,93606100,0.02515068962018007
2026-04-09 00:00:00+00:00,678.162841796875,57134400,0.005752440641581351
2026-04-10 00:00:00+00:00,677.7140502929688,42253500,-0.000661994496571573
2026-04-13 00:00:00+00:00,684.3369750976562,54185800,0.00972500571340668
2026-04-14 00:00:00+00:00,692.675537109375,63480500,0.012111239170364246
2026-04-15 00:00:00+00:00,698.1414184570312,58240400,0.007859998349511583
2026-04-16 00:00:00+00:00,699.8569946289062,49972400,0.0024543333053888188
2026-04-17 00:00:00+00:00,708.3152465820312,70661900,0.012013237341879625
2026-04-20 00:00:00+00:00,706.8988037109375,43546800,-0.0020017372548961723
2026-04-21 00:00:00+00:00,702.2708129882812,58941400,-0.006568417750443915
2026-04-22 00:00:00+00:00,709.3825073242188,42518500,0.010075780503951338
2026-04-23 00:00:00+00:00,706.6295776367188,56174000,-0.0038882904816336587
2026-04-24 00:00:00+00:00,712.10546875,45182000,0.00771943756437638
2026-04-27 00:00:00+00:00,713.332275390625,33135900,0.0017213055408080294
2026-04-28 00:00:00+00:00,709.8612060546875,43117400,-0.0048778697536611924
2026-04-29 00:00:00+00:00,709.7515258789062,41859200,-0.0001545212627813887
2026-04-30 00:00:00+00:00,716.8132934570312,67240900,0.009900461815238022
2026-05-01 00:00:00+00:00,718.7982177734375,43049800,0.002765268411019866
2026-05-04 00:00:00+00:00,716.1649780273438,51950600,-0.003670118801040342
2026-05-05 00:00:00+00:00,721.9102172851562,36933200,0.007990221711526798
2026-05-06 00:00:00+00:00,731.9443359375,53288900,0.013803688898871048
2026-05-07 00:00:00+00:00,729.7001342773438,51724600,-0.003070792479857851
2026-05-08 00:00:00+00:00,735.724609375,47227100,0.008222201875465084
2026-05-11 00:00:00+00:00,737.4002685546875,44024000,0.002274973327095926
2026-05-12 00:00:00+00:00,736.2831420898438,54185300,-0.0015161013155970994
2026-05-13 00:00:00+00:00,740.4025268554688,44200200,0.0055792448425891535
2026-05-14 00:00:00+00:00,746.2474975585938,45307600,0.007863317827570018
2026-05-15 00:00:00+00:00,737.2706298828125,60410800,-0.012102281834028297
2026-05-18 00:00:00+00:00,736.751953125,47843900,-0.0007037568965346505
2026-05-19 00:00:00+00:00,731.8446044921875,54255900,-0.006683070135583305
2026-05-20 00:00:00+00:00,739.3452758789062,45768000,0.010196829759483024
2026-05-21 00:00:00+00:00,740.8114624023438,43332200,0.001981123978379707
2026-05-22 00:00:00+00:00,743.7239990234375,41762000,0.003923840734942977
2026-05-26 00:00:00+00:00,748.6613159179688,41123600,0.006616702614766452
2026-05-27 00:00:00+00:00,748.5316162109375,42106300,-0.00017325717290322425
2026-05-28 00:00:00+00:00,752.6609497070312,41562600,0.005501418012009892
2026-05-29 00:00:00+00:00,754.5361328125,55075700,0.0024883063996868804
