timestamp,h_L2,h_L3,difference_L2_minus_L3,absolute_error,squared_error,delta_h_L2,delta_h_L3,delta_difference
2018-03-15 00:00:00+00:00,-8.967876594851237,-9.959700826359944,0.9918242315087067,0.9918242315087067,0.9837153062078366,,,
2018-03-16 00:00:00+00:00,-8.856912377217688,-9.966018811206846,1.109106433989158,1.109106433989158,1.2301170819161467,0.11096421763354947,-0.006317984846901936,0.1172822024804514
2018-03-19 00:00:00+00:00,-8.629380006804485,-9.656461294276216,1.0270812874717308,1.0270812874717308,1.054895971074588,0.2275323704132024,0.3095575169306297,-0.08202514651742732
2018-03-20 00:00:00+00:00,-8.663911491842166,-9.676879500826349,1.012968008984183,1.012968008984183,1.02610418722538,-0.034531485037680554,-0.020418206550132822,-0.014113278487547731
2018-03-21 00:00:00+00:00,-8.645997179966558,-9.629880709426216,0.9838835294596571,0.9838835294596571,0.9680267995419919,0.017914311875607325,0.0469987914001333,-0.029084479524525975
2018-03-22 00:00:00+00:00,-8.474967425793679,-9.15945264845082,0.6844852226571412,0.6844852226571412,0.46852002003599613,0.17102975417287958,0.47042806097539547,-0.2993983068025159
2018-03-23 00:00:00+00:00,-7.9570660874911665,-8.84730113204962,0.8902350445584544,0.8902350445584544,0.7925184345599933,0.5179013383025124,0.3121515164011992,0.2057498219013132
2018-03-26 00:00:00+00:00,-8.279337096671323,-9.182545192191936,0.903208095520613,0.903208095520613,0.8157848638139727,-0.32227100918015683,-0.33524406014231545,0.012973050962158617
2018-03-27 00:00:00+00:00,-8.07210200930432,-8.930287145035695,0.8581851357313752,0.8581851357313752,0.7364817271902789,0.20723508736700325,0.252258047156241,-0.04502295978923776
2018-03-28 00:00:00+00:00,-8.076343470018983,-8.893716544184484,0.8173730741655003,0.8173730741655003,0.6680987423707605,-0.004241460714663248,0.036570600851211665,-0.04081206156587491
2018-03-29 00:00:00+00:00,-8.18642199978043,-9.055783566394556,0.8693615666141259,0.8693615666141259,0.7557895335057673,-0.11007852976144683,-0.1620670222100724,0.05198849244862558
2018-04-02 00:00:00+00:00,-7.982063505377173,-8.757071850908412,0.7750083455312389,0.7750083455312389,0.6006379356430681,0.20435849440325704,0.29871171548614406,-0.09435322108288702
2018-04-03 00:00:00+00:00,-8.100307471716928,-8.911115964441692,0.8108084927247639,0.8108084927247639,0.6574104118746035,-0.11824396633975454,-0.15404411353327951,0.03580014719352498
2018-04-04 00:00:00+00:00,-8.300660480257172,-9.048181799306237,0.7475213190490653,0.7475213190490653,0.5587881224328545,-0.20035300854024385,-0.13706583486454527,-0.06328717367569858
2018-04-05 00:00:00+00:00,-8.22455714135024,-9.154800693023072,0.9302435516728309,0.9302435516728309,0.8653530654288828,0.07610333890693077,-0.10661889371683486,0.18272223262376563
2018-04-06 00:00:00+00:00,-8.102965307151118,-8.82918026881939,0.7262149616682727,0.7262149616682727,0.5273881705508507,0.12159183419912267,0.32562042420368087,-0.2040285900045582
2018-04-09 00:00:00+00:00,-8.18154968192152,-8.89215852497124,0.7106088430497195,0.7106088430497195,0.5049649278204609,-0.07858437477040248,-0.06297825615184927,-0.01560611861855321
2018-04-10 00:00:00+00:00,-8.335067408152117,-9.092912173337837,0.7578447651857196,0.7578447651857196,0.5743286881193985,-0.15351772623059645,-0.2007536483665966,0.04723592213600014
2018-04-11 00:00:00+00:00,-8.360922378994822,-9.018641205571305,0.6577188265764828,0.6577188265764828,0.4325940548331455,-0.025854970842704716,0.07427096776653208,-0.1001259386092368
2018-04-12 00:00:00+00:00,-8.398280620228727,-9.128625089973186,0.730344469744459,0.730344469744459,0.5334030444863149,-0.037358241233905076,-0.10998388440188123,0.07262564316797615
2018-04-13 00:00:00+00:00,-8.41985647920114,-9.085325584405972,0.6654691052048314,0.6654691052048314,0.44284912998211895,-0.021575858972413542,0.04329950556721407,-0.06487536453962761
2018-04-16 00:00:00+00:00,-8.532523051789925,-9.197886182474193,0.665363130684268,0.665363130684268,0.4427080956739703,-0.11266657258878432,-0.11256059806822094,-0.00010597452056337886
2018-04-17 00:00:00+00:00,-8.667707832189498,-9.351130435872124,0.6834226036826259,0.6834226036826259,0.4670664552243395,-0.13518478039957316,-0.15324425339793102,0.01805947299835786
2018-04-18 00:00:00+00:00,-8.701796102021682,-9.357461886197385,0.655665784175703,0.655665784175703,0.42989762053873953,-0.034088269832183826,-0.0063314503252609455,-0.02775681950692288
2018-04-19 00:00:00+00:00,-8.606570259289,-9.26366692083086,0.6570966615418588,0.6570966615418588,0.4317760226094561,0.09522584273268109,0.09379496536652532,0.0014308773661557694
2018-04-20 00:00:00+00:00,-8.508499281553139,-9.130750688640289,0.6222514070871501,0.6222514070871501,0.3871968136219382,0.09807097773586193,0.13291623219057058,-0.03484525445470865
2018-04-23 00:00:00+00:00,-8.535086668851362,-9.126910867410457,0.5918241985590953,0.5918241985590953,0.3502558820001154,-0.026587387298222964,0.0038398212298318413,-0.030427208528054805
2018-04-24 00:00:00+00:00,-8.3677878991856,-8.933312077971543,0.5655241787859424,0.5655241787859424,0.31981759679151456,0.16729876966576107,0.19359878943891395,-0.026300019773152883
2018-04-25 00:00:00+00:00,-8.436041114029095,-8.966431609371995,0.5303904953428997,0.5303904953428997,0.2813140775500865,-0.06825321484349445,-0.03311953140045176,-0.035133683443042685
2018-04-26 00:00:00+00:00,-8.543129392348462,-9.099520683105382,0.5563912907569204,0.5563912907569204,0.3095712684301519,-0.10708827831936674,-0.1330890737333874,0.026000795414020672
2018-04-27 00:00:00+00:00,-8.539292637690824,-9.111411900340306,0.5721192626494815,0.5721192626494815,0.32732045069458643,0.0038367546576374423,-0.011891217234923701,0.015727971892561143
2018-04-30 00:00:00+00:00,-8.451804979291465,-9.00155463823596,0.5497496589444957,0.5497496589444957,0.3022246875095893,0.08748765839935935,0.10985726210434521,-0.022369603704985863
2018-05-01 00:00:00+00:00,-8.403029048903909,-9.025495615344871,0.6224665664409628,0.6224665664409628,0.3874646263368015,0.04877593038755634,-0.023940977108910744,0.07271690749646709
2018-05-02 00:00:00+00:00,-8.385536133099082,-8.93472369183858,0.5491875587394972,0.5491875587394972,0.3016069746742487,0.01749291580482648,0.09077192350629204,-0.07327900770146556
2018-05-03 00:00:00+00:00,-8.389538995397652,-8.9076912692102,0.5181522738125484,0.5181522738125484,0.2684817788571141,-0.0040028622985701645,0.027032422628378683,-0.031035284926948847
2018-05-04 00:00:00+00:00,-8.555304276350848,-9.072772200889023,0.5174679245381757,0.5174679245381757,0.2677730529258471,-0.16576528095319532,-0.16508093167882265,-0.0006843492743726642
2018-05-07 00:00:00+00:00,-8.583319191343243,-9.118532024982535,0.5352128336392923,0.5352128336392923,0.28645277729220076,-0.02801491499239539,-0.04575982409351198,0.01774490910111659
2018-05-08 00:00:00+00:00,-8.597423083023427,-9.1170143712489,0.5195912882254721,0.5195912882254721,0.2699751067998056,-0.014103891680184333,0.001517653733635882,-0.015621545413820215
2018-05-09 00:00:00+00:00,-8.733035280360896,-9.251033366132578,0.5179980857716817,0.5179980857716817,0.2683220168631265,-0.1356121973374691,-0.13401899488367874,-0.0015932024537903544
2018-05-10 00:00:00+00:00,-8.858128834588308,-9.387486487472191,0.529357652883883,0.529357652883883,0.2802195246667336,-0.12509355422741208,-0.1364531213396134,0.011359567112201319
2018-05-11 00:00:00+00:00,-8.875067766138216,-9.43056905712734,0.5555012909891239,0.5555012909891239,0.30858168429058336,-0.01693893154990711,-0.043082569655148006,0.026143638105240896
2018-05-14 00:00:00+00:00,-8.915484012483057,-9.431642996934578,0.5161589844515202,0.5161589844515202,0.2664200972300247,-0.040416246344841866,-0.0010739398072381334,-0.03934230653760373
2018-05-15 00:00:00+00:00,-8.792939021849527,-9.311053243076596,0.5181142212270693,0.5181142212270693,0.2684423462377325,0.1225449906335303,0.12058975385798121,0.0019552367755490963
2018-05-16 00:00:00+00:00,-8.886745889107715,-9.3714523457909,0.4847064566831847,0.4847064566831847,0.234940349150368,-0.09380686725818776,-0.060399102714303154,-0.03340776454388461
2018-05-17 00:00:00+00:00,-8.877828301569876,-9.352216664912724,0.4743883633428485,0.4743883633428485,0.22504431927510646,0.008917587537839111,0.019235680878175287,-0.010318093340336176
2018-05-18 00:00:00+00:00,-8.822649835295204,-9.307186157332604,0.4845363220373997,0.4845363220373997,0.23477544737353073,0.05517846627467193,0.04503050758012073,0.010147958694551207
2018-05-21 00:00:00+00:00,-8.945720476003327,-9.418524646671374,0.4728041706680468,0.4728041706680468,0.22354378380109954,-0.12307064070812324,-0.11133848933877033,-0.011732151369352906
2018-05-22 00:00:00+00:00,-8.89214127273004,-9.366428325559603,0.4742870528295633,0.4742870528295633,0.22494820848175295,0.053579203273287135,0.05209632111177065,0.0014828821615164856
2018-05-23 00:00:00+00:00,-8.921164928509139,-9.40458927339855,0.48342434488941066,0.48342434488941066,0.23369909723175586,-0.029023655779099045,-0.03816094783894641,0.009137292059847368
2018-05-24 00:00:00+00:00,-8.926800480251446,-9.364963691667011,0.43816321141556536,0.43816321141556536,0.1919869998380014,-0.005635551742306788,0.03962558173153852,-0.045261133473845305
2018-05-25 00:00:00+00:00,-8.885355806821307,-9.321340332440284,0.43598452561897716,0.43598452561897716,0.19008250657920456,0.04144467343013858,0.04362335922672678,-0.002178685796588198
2018-05-29 00:00:00+00:00,-8.718332270332352,-9.136109564358188,0.41777729402583574,0.41777729402583574,0.17453786740354962,0.16702353648895496,0.18523076808209638,-0.018207231593141415
2018-05-30 00:00:00+00:00,-8.874013935820091,-9.322838342722688,0.44882440690259706,0.44882440690259706,0.201443348231468,-0.1556816654877391,-0.18672877836450041,0.031047112876761318
2018-05-31 00:00:00+00:00,-8.811995589318176,-9.2220651471481,0.4100695578299245,0.4100695578299245,0.1681570422588298,0.06201834650191529,0.10077319557458786,-0.03875484907267257
2018-06-01 00:00:00+00:00,-8.957289574376874,-9.363855658191277,0.4065660838144023,0.4065660838144023,0.1652959805081796,-0.14529398505869828,-0.14179051104317608,-0.003503474015522201
2018-06-04 00:00:00+00:00,-9.004567061305746,-9.433741442815244,0.4291743815094975,0.4291743815094975,0.18419064974405971,-0.04727748692887168,-0.06988578462396688,0.022608297695095203
2018-06-05 00:00:00+00:00,-9.038408358870948,-9.438922992298451,0.4005146334275036,0.4005146334275036,0.16041197158956758,-0.0338412975652016,-0.005181549483207704,-0.028659748081993897
2018-06-06 00:00:00+00:00,-9.149384732500696,-9.569631196754305,0.42024646425360856,0.42024646425360856,0.1766070907176595,-0.11097637362974844,-0.1307082044558534,0.019731830826104968
2018-06-07 00:00:00+00:00,-9.151161052482072,-9.55846656783869,0.40730551535661874,0.40730551535661874,0.1658977828399208,-0.0017763199813760622,0.011164628915613761,-0.012940948896989823
2018-06-08 00:00:00+00:00,-9.184352589872963,-9.60118856245456,0.41683597258159644,0.41683597258159644,0.1737522280380454,-0.03319153739089131,-0.04272199461586901,0.009530457224977695
2018-06-11 00:00:00+00:00,-9.218552356129424,-9.615166907287602,0.39661455115817823,0.39661455115817823,0.15730310219040317,-0.03419976625646015,-0.013978344833041945,-0.020221421423418207
2018-06-12 00:00:00+00:00,-9.234423007440968,-9.62836566129238,0.39394265385141125,0.39394265385141125,0.15519081452349281,-0.015870651311544748,-0.013198754004777769,-0.0026718973067669793
2018-06-13 00:00:00+00:00,-9.158297188046362,-9.5599835600826,0.401686372036238,0.401686372036238,0.16135194147963502,0.07612581939460661,0.06838210120977983,0.0077437181848267755
2018-06-14 00:00:00+00:00,-9.194123101786774,-9.595039353635622,0.40091625184884805,0.40091625184884805,0.16073384099652896,-0.03582591374041222,-0.03505579355302224,-0.0007701201873899777
2018-06-15 00:00:00+00:00,-9.070002475465548,-9.562508860065645,0.4925063846000963,0.4925063846000963,0.242562538871858,0.12412062632122556,0.03253049356997728,0.09159013275124828
2018-06-18 00:00:00+00:00,-8.997112799880698,-9.517198397479133,0.5200855975984346,0.5200855975984346,0.2704890288293209,0.07288967558485027,0.045310462586511946,0.02757921299833832
2018-06-19 00:00:00+00:00,-9.011950248518968,-9.442903252326174,0.4309530038072058,0.4309530038072058,0.18572049149045353,-0.014837448638269635,0.07429514515295921,-0.08913259379122884
2018-06-20 00:00:00+00:00,-9.05487108425921,-9.464155498993078,0.4092844147338681,0.4092844147338681,0.16751373214404497,-0.04292083574024197,-0.021252246666904284,-0.021668589073337685
2018-06-21 00:00:00+00:00,-8.929789047307676,-9.351544812975906,0.42175576566823025,0.42175576566823025,0.17787792587439516,0.1250820369515342,0.11261068601717206,0.012471350934362135
2018-06-22 00:00:00+00:00,-8.942798842940167,-9.374987399267102,0.43218855632693476,0.43218855632693476,0.18678694821996006,-0.013009795632491716,-0.02344258629119622,0.010432790658704505
2018-06-25 00:00:00+00:00,-8.767637828573873,-9.149730049405113,0.3820922208312396,0.3820922208312396,0.1459944652197488,0.17516101436629405,0.2252573498619892,-0.05009633549569514
2018-06-26 00:00:00+00:00,-8.813396190872883,-9.179374328055385,0.36597813718250194,0.36597813718250194,0.1339399968955742,-0.04575836229900965,-0.02964427865027197,-0.016114083648737676
2018-06-27 00:00:00+00:00,-8.719822950540053,-9.056000362847795,0.3361774123077428,0.3361774123077428,0.11301525254593009,0.09357324033283021,0.12337396520758936,-0.029800724874759155
2018-06-28 00:00:00+00:00,-8.782892243857995,-9.1333965476119,0.3505043037539046,0.3505043037539046,0.12285326695000943,-0.06306929331794286,-0.0773961847641047,0.014326891446161838
2018-06-29 00:00:00+00:00,-8.785193530149416,-9.152069090180236,0.3668755600308202,0.3668755600308202,0.13459767654792798,-0.0023012862914200127,-0.018672542568335615,0.016371256276915602
2018-07-02 00:00:00+00:00,-8.821242421361958,-9.180626432691382,0.3593840113294231,0.3593840113294231,0.12915686759922693,-0.036048891212542955,-0.028557342511145833,-0.007491548701397122
2018-07-03 00:00:00+00:00,-8.746094226176051,-9.126669346189088,0.3805751200130363,0.3805751200130363,0.14483742197293697,0.07514819518590699,0.053957086502293805,0.02119110868361318
2018-07-05 00:00:00+00:00,-8.853653329441261,-9.24002695574678,0.3863736263055184,0.3863736263055184,0.1492845791044764,-0.1075591032652099,-0.11335760955769203,0.005798506292482131
2018-07-06 00:00:00+00:00,-8.999969710343946,-9.362654535487025,0.362684825143079,0.362684825143079,0.1315402823890658,-0.14631638090268417,-0.12262757974024474,-0.023688801162439432
2018-07-09 00:00:00+00:00,-9.15327390395131,-9.499736130970636,0.34646222701932494,0.34646222701932494,0.12003607475119026,-0.15330419360736514,-0.1370815954836111,-0.01622259812375404
2018-07-10 00:00:00+00:00,-9.140762717697172,-9.552938313319192,0.41217559562202055,0.41217559562202055,0.1698887216263674,0.012511186254139162,-0.05320218234855645,0.06571336860269561
2018-07-11 00:00:00+00:00,-9.075762602826542,-9.415574166903133,0.33981156407659086,0.33981156407659086,0.11547189908017902,0.06500011487062984,0.13736414641605954,-0.0723640315454297
2018-07-12 00:00:00+00:00,-9.20273657279354,-9.556538716593495,0.353802143799955,0.353802143799955,0.12517595695744405,-0.12697396996699872,-0.14096454969036287,0.01399057972336415
2018-07-13 00:00:00+00:00,-9.210370097753795,-9.5613107780114,0.3509406802576045,0.3509406802576045,0.1231593610596702,-0.007633524960255045,-0.004772061417904538,-0.0028614635423505064
2018-07-16 00:00:00+00:00,-9.170618869390614,-9.536491278770482,0.3658724093798682,0.3658724093798682,0.13386261994542986,0.03975122836318157,0.024819499240917864,0.014931729122263704
2018-07-17 00:00:00+00:00,-9.26552442376118,-9.597883487178295,0.3323590634171154,0.3323590634171154,0.11046254703550214,-0.09490555437056614,-0.06139220840781334,-0.033513345962752794
2018-07-18 00:00:00+00:00,-9.271091413300514,-9.625689151304895,0.3545977380043812,0.3545977380043812,0.12573955579782378,-0.0055669895393339885,-0.027805664126599794,0.022238674587265805
2018-07-19 00:00:00+00:00,-9.210967508191622,-9.546863074297612,0.3358955661059895,0.3358955661059895,0.11282583132966315,0.06012390510889176,0.0788260770072835,-0.01870217189839174
2018-07-20 00:00:00+00:00,-9.202645260051424,-9.51809103492856,0.3154457748771353,0.3154457748771353,0.09950603688783634,0.008322248140197885,0.028772039369052038,-0.020449791228854153
2018-07-23 00:00:00+00:00,-9.25449168185835,-9.541699244870918,0.28720756301256856,0.28720756301256856,0.08248818425161854,-0.05184642180692478,-0.023608209942358016,-0.028238211864566765
2018-07-24 00:00:00+00:00,-9.264863085558256,-9.62025636603154,0.3553932804732849,0.3553932804732849,0.12630438380556294,-0.010371403699906523,-0.07855712116062286,0.06818571746071633
2018-07-25 00:00:00+00:00,-9.359951217806222,-9.76355419927995,0.4036029814737283,0.4036029814737283,0.16289536665448268,-0.09508813224796597,-0.1432978332484094,0.04820970100044342
2018-07-26 00:00:00+00:00,-9.395873349750202,-9.704752864558117,0.30887951480791465,0.30887951480791465,0.09540655466797276,-0.03592213194398042,0.05880133472183324,-0.09472346666581366
2018-07-27 00:00:00+00:00,-9.241837072388432,-9.564719546276624,0.3228824738881926,0.3228824738881926,0.10425309194415937,0.1540362773617705,0.14003331828149257,0.014002959080277932
2018-07-30 00:00:00+00:00,-9.180881466397343,-9.463403597446346,0.2825221310490029,0.2825221310490029,0.07981875453246998,0.06095560599108829,0.10131594883027795,-0.040360342839189656
2018-07-31 00:00:00+00:00,-9.229286916379325,-9.53833390221014,0.3090469858308147,0.3090469858308147,0.09551003945111178,-0.04840544998198126,-0.07493030476379303,0.02652485478181177
2018-08-01 00:00:00+00:00,-9.204743367777033,-9.500618580910736,0.29587521313370324,0.29587521313370324,0.08754214174691431,0.02454354860229202,0.03771532129940347,-0.01317177269711145
2018-08-02 00:00:00+00:00,-9.285534741929576,-9.585202390665648,0.2996676487360723,0.2996676487360723,0.08980069969900603,-0.08079137415254323,-0.08458380975491231,0.003792435602369082
2018-08-03 00:00:00+00:00,-9.343697048180616,-9.651662199149271,0.3079651509686556,0.3079651509686556,0.09484253421114684,-0.05816230625103991,-0.0664598084836232,0.008297502232583298
2018-08-06 00:00:00+00:00,-9.399331155140164,-9.708118040469271,0.30878688532910736,0.30878688532910736,0.0953493405512513,-0.05563410695954829,-0.05645584132000003,0.0008217343604517424
2018-08-07 00:00:00+00:00,-9.447362787538989,-9.758549648470565,0.311186860931576,0.311186860931576,0.09683726241644802,-0.0480316323988248,-0.050431608001293426,0.002399975602468629
2018-08-08 00:00:00+00:00,-9.411641062661506,-9.737580409055,0.3259393463934952,0.3259393463934952,0.10623645752741885,0.03572172487748304,0.020969239415563834,0.014752485461919207
2018-08-09 00:00:00+00:00,-9.441370670750125,-9.698937782650535,0.2575671119004106,0.2575671119004106,0.06634081713271864,-0.02972960808861913,0.038642626404465474,-0.0683722344930846
2018-08-10 00:00:00+00:00,-9.296811486821907,-9.560825826954266,0.26401434013235914,0.26401434013235914,0.06970357179552503,0.14455918392821765,0.1381119556962691,0.006447228231948543
2018-08-13 00:00:00+00:00,-9.226699273810272,-9.485868945230472,0.2591696714201994,0.2591696714201994,0.06716891858405413,0.07011221301163495,0.07495688172379467,-0.0048446687121597165
2018-08-14 00:00:00+00:00,-9.304023066242722,-9.585745597881871,0.28172253163914895,0.28172253163914895,0.07936758483317129,-0.07732379243245013,-0.09987665265139967,0.022552860218949533
2018-08-15 00:00:00+00:00,-9.176535247055394,-9.442925679878728,0.26639043282333397,0.26639043282333397,0.0709638626998032,0.1274878191873281,0.1428199180031431,-0.015332098815814987
2018-08-16 00:00:00+00:00,-9.292414817131704,-9.56941835841406,0.2770035412823564,0.2770035412823564,0.07673096188296612,-0.11587957007630934,-0.12649267853533175,0.010613108459022413
2018-08-17 00:00:00+00:00,-9.335574556002474,-9.622136119004486,0.28656156300201197,0.28656156300201197,0.08211752939015607,-0.04315973887077007,-0.052717760590425655,0.009558021719655585
2018-08-20 00:00:00+00:00,-9.364478942734484,-9.650608981455983,0.2861300387214989,0.2861300387214989,0.08187039905876646,-0.02890438673201068,-0.028472862451497605,-0.0004315242805130737
2018-08-21 00:00:00+00:00,-9.305965297625765,-9.682853919426586,0.3768886218008216,0.3768886218008216,0.14204503324292275,0.058513645108719814,-0.032244937970602905,0.09075858307932272
2018-08-22 00:00:00+00:00,-9.38788044327136,-9.660402930901704,0.2725224876303436,0.2725224876303436,0.07426850626423077,-0.08191514564559554,0.022450988524882476,-0.10436613417047802
2018-08-23 00:00:00+00:00,-9.35173497963789,-9.62494232492008,0.2732073452821897,0.2732073452821897,0.07464225351614162,0.0361454636334706,0.03546060598162448,0.0006848576518461158
2018-08-24 00:00:00+00:00,-9.452981452103293,-9.723443606038858,0.27046215393556494,0.27046215393556494,0.07314977671146523,-0.10124647246540341,-0.09850128111877865,-0.0027451913466247646
2018-08-27 00:00:00+00:00,-9.60261107576213,-9.861001220935972,0.2583901451738413,0.2583901451738413,0.06676546712295878,-0.14962962365883747,-0.13755761489711382,-0.012072008761723652
2018-08-28 00:00:00+00:00,-9.596368477222752,-9.855984778973532,0.2596163017507802,0.2596163017507802,0.06740062413475216,0.006242598539378363,0.005016441962439444,0.0012261565769389193
2018-08-29 00:00:00+00:00,-9.648932185989764,-9.950336230025222,0.30140404403545773,0.30140404403545773,0.09084439776092815,-0.05256370876701233,-0.09435145105168985,0.04178774228467752
2018-08-30 00:00:00+00:00,-9.548713056353913,-9.8472006751045,0.2984876187505865,0.2984876187505865,0.08909485854739548,0.10021912963585144,0.10313555492072268,-0.002916425284871238
2018-08-31 00:00:00+00:00,-9.598187409842268,-9.833312695008503,0.23512528516623554,0.23512528516623554,0.055283899724503587,-0.04947435348835505,0.0138879800959959,-0.06336233358435095
2018-09-04 00:00:00+00:00,-9.523844350694771,-9.784356232166871,0.2605118814720999,0.2605118814720999,0.06786644038813343,0.0743430591474965,0.04895646284163213,0.025386596305864373
2018-09-05 00:00:00+00:00,-9.43880758297552,-9.718135217910122,0.279327634934603,0.279327634934603,0.07802392763815884,0.08503676771925228,0.0662210142567492,0.018815753462503082
2018-09-06 00:00:00+00:00,-9.381920790969676,-9.64884424551604,0.26692345454636346,0.26692345454636346,0.07124813058696455,0.05688679200584268,0.06929097239408222,-0.012404180388239539
2018-09-07 00:00:00+00:00,-9.349197516456508,-9.602432599872945,0.2532350834164365,0.2532350834164365,0.06412800747292957,0.03272327451316848,0.04641164564309541,-0.013688371129926935
2018-09-10 00:00:00+00:00,-9.388427167943066,-9.62371321264598,0.2352860447029137,0.2352860447029137,0.0553595228319415,-0.03922965148655777,-0.021280612773034946,-0.017949038713522825
2018-09-11 00:00:00+00:00,-9.442185335067602,-9.67309566704976,0.23091033198215705,0.23091033198215705,0.05331958141610998,-0.05375816712453663,-0.049382454403779974,-0.004375712720756653
2018-09-12 00:00:00+00:00,-9.413870880951292,-9.666405407205255,0.2525345262539638,0.2525345262539638,0.06377368695031392,0.028314454116310728,0.0066902598445039985,0.02162419427180673
2018-09-13 00:00:00+00:00,-9.514703152540037,-9.764468995694545,0.249765843154508,0.249765843154508,0.06238297640668229,-0.10083227158874486,-0.09806358848928909,-0.002768683099455771
2018-09-14 00:00:00+00:00,-9.508679798288403,-9.754853340890374,0.2461735426019711,0.2461735426019711,0.060601413077204486,0.0060233542516332506,0.009615654804170148,-0.003592300552536898
2018-09-17 00:00:00+00:00,-9.33104778449337,-9.63945088916745,0.30840310467408116,0.30840310467408116,0.09511247497261226,0.17763201379503357,0.11540245172292352,0.062229562072110056
2018-09-18 00:00:00+00:00,-9.493995934593311,-9.727709303406048,0.23371336881273663,0.23371336881273663,0.05462193876179826,-0.16294815009994146,-0.08825841423859693,-0.07468973586134453
2018-09-19 00:00:00+00:00,-9.510142458956482,-9.73579288745739,0.22565042850090755,0.22565042850090755,0.050918115882643195,-0.016146524363170656,-0.008083584051341575,-0.008062940311829081
2018-09-20 00:00:00+00:00,-9.646246672899933,-9.878011123965686,0.23176445106575372,0.23176445106575372,0.05371476077781015,-0.13610421394345096,-0.14221823650829712,0.006114022564846167
2018-09-21 00:00:00+00:00,-9.474337956550157,-9.844009895052322,0.3696719385021652,0.3696719385021652,0.1366573421159486,0.17190871634977611,0.034001228913364656,0.13790748743641146
2018-09-24 00:00:00+00:00,-9.440223230910382,-9.762229654882402,0.3220064239720202,0.3220064239720202,0.10368813707924841,0.03411472563977469,0.0817802401699197,-0.047665514530145
2018-09-25 00:00:00+00:00,-9.421957346034263,-9.73131333703565,0.3093559910013859,0.3093559910013859,0.09570112916844954,0.018265884876118577,0.03091631784675286,-0.012650432970634284
2018-09-26 00:00:00+00:00,-9.350887227580868,-9.661735528473054,0.31084830089218585,0.31084830089218585,0.09662666616755891,0.07107011845339528,0.06957780856259532,0.0014923098907999588
2018-09-27 00:00:00+00:00,-9.393244938975416,-9.70228205693761,0.3090371179621947,0.3090371179621947,0.09550394027837943,-0.04235771139454769,-0.04054652846455653,-0.001811182929991162
2018-09-28 00:00:00+00:00,-9.393576308477709,-9.692482747905776,0.2989064394280678,0.2989064394280678,0.08934505953156519,-0.00033136950229284423,0.009799309031834014,-0.010130678534126858
2018-10-01 00:00:00+00:00,-9.428779019143697,-9.745940101268827,0.3171610821251303,0.3171610821251303,0.10059115201478364,-0.035202710665988235,-0.053457353363050686,0.01825464269706245
2018-10-02 00:00:00+00:00,-9.415700964692771,-9.722132727895016,0.3064317632022444,0.3064317632022444,0.0939004254992364,0.013078054450925691,0.023807373373811558,-0.010729318922885867
2018-10-03 00:00:00+00:00,-9.387708629317288,-9.7204487404357,0.3327401111184116,0.3327401111184116,0.11071598154709292,0.02799233537548318,0.001683987459315972,0.026308347916167207
2018-10-04 00:00:00+00:00,-9.294333548995724,-9.559198547615788,0.2648649986200642,0.2648649986200642,0.0701534674940066,0.0933750803215645,0.16125019281991193,-0.06787511249834743
2018-10-05 00:00:00+00:00,-9.188854581726204,-9.451651062039495,0.26279648031329117,0.26279648031329117,0.06906199006505404,0.10547896726951933,0.10754748557629235,-0.002068518306773015
2018-10-08 00:00:00+00:00,-9.098150977591157,-9.444519873813402,0.34636889622224487,0.34636889622224487,0.11997141227021624,0.0907036041350473,0.007131188226093599,0.0835724159089537
2018-10-09 00:00:00+00:00,-9.15788961903766,-9.413309464468476,0.25541984543081675,0.25541984543081675,0.06523929743990232,-0.05973864144650243,0.031210409344925694,-0.09094905079142812
2018-10-10 00:00:00+00:00,-8.542480334567877,-8.88174213676247,0.3392618021945939,0.3392618021945939,0.11509857042832376,0.6154092844697825,0.5315673277060053,0.08384195676377715
2018-10-11 00:00:00+00:00,-8.470566379261008,-8.604735399209781,0.13416901994877328,0.13416901994877328,0.018001325914014325,0.07191395530686862,0.27700673755268923,-0.20509278224582062
2018-10-12 00:00:00+00:00,-8.532792853168935,-8.761566770525096,0.22877391735616115,0.22877391735616115,0.05233750526248365,-0.062226473907927016,-0.15683137131531488,0.09460489740738787
2018-10-15 00:00:00+00:00,-8.479622998660792,-8.69899218925821,0.21936919059741733,0.21936919059741733,0.04812284178336601,0.05316985450814293,0.06257458126688675,-0.00940472675874382
2018-10-16 00:00:00+00:00,-8.738283254429328,-8.951420303131654,0.21313704870232542,0.21313704870232542,0.045427401529537434,-0.258660255768536,-0.2524281138734441,-0.006232141895091914
2018-10-17 00:00:00+00:00,-8.700699146431447,-8.954835884600902,0.25413673816945526,0.25413673816945526,0.06458548168741025,0.03758410799788159,-0.0034155814692482522,0.04099968946712984
2018-10-18 00:00:00+00:00,-8.485664156994883,-8.766821555294017,0.28115739829913444,0.28115739829913444,0.07904948261833812,0.21503498943656396,0.18801432930688478,0.027020660129679186
2018-10-19 00:00:00+00:00,-8.523257936447024,-8.76425286454626,0.2409949280992354,0.2409949280992354,0.05807855536955564,-0.03759377945214126,0.0025686907477577847,-0.04016247019989905
2018-10-22 00:00:00+00:00,-8.47794322639785,-8.714960588522988,0.23701736212513858,0.23701736212513858,0.05617722994875907,0.04531471004917442,0.04929227602327124,-0.0039775659740968194
2018-10-23 00:00:00+00:00,-8.464879693844653,-8.660680678509479,0.19580098466482632,0.19580098466482632,0.03833802559571555,0.013063532553196922,0.05427991001350918,-0.04121637746031226
2018-10-24 00:00:00+00:00,-8.13291842402519,-8.320527364981464,0.18760894095627378,0.18760894095627378,0.035197114726734625,0.3319612698194625,0.34015331352801503,-0.008192043708552532
2018-10-25 00:00:00+00:00,-8.195079591957743,-8.499195550115276,0.30411595815753323,0.30411595815753323,0.0924865160060745,-0.062161167932552885,-0.17866818513381233,0.11650701720125944
2018-10-26 00:00:00+00:00,-8.185713576807316,-8.32290014282245,0.13718656601513324,0.13718656601513324,0.01882015389502451,0.009366015150426676,0.17629540729282667,-0.1669293921424
2018-10-29 00:00:00+00:00,-8.101492822748247,-8.280116632705365,0.17862380995711824,0.17862380995711824,0.03190646548359669,0.08422075405906959,0.04278351011708459,0.041437243941985
2018-10-30 00:00:00+00:00,-8.271352786965563,-8.427399530858958,0.1560467438933948,0.1560467438933948,0.024350586279730746,-0.16985996421731642,-0.14728289815359297,-0.02257706606372345
2018-10-31 00:00:00+00:00,-8.378872941921733,-8.542257714877882,0.1633847729561495,0.1633847729561495,0.026694584033932524,-0.10752015495616973,-0.11485818401892445,0.007338029062754714
2018-11-01 00:00:00+00:00,-8.472169673644117,-8.661390248680275,0.18922057503615797,0.18922057503615797,0.035804426017014286,-0.09329673172238451,-0.11913253380239297,0.025835802080008463
2018-11-02 00:00:00+00:00,-8.434630119330423,-8.600022237251398,0.16539211792097497,0.16539211792097497,0.02735455267038569,0.03753955431369427,0.06136801142887727,-0.023828457115183
2018-11-05 00:00:00+00:00,-8.519039920306962,-8.666214473580075,0.14717455327311235,0.14717455327311235,0.021660349131140184,-0.08440980097653927,-0.06619223632867666,-0.018217564647862616
2018-11-06 00:00:00+00:00,-8.581549763247292,-8.74255773591218,0.16100797266488875,0.16100797266488875,0.025923567261657565,-0.06250984294032946,-0.07634326233210587,0.013833419391776403
2018-11-07 00:00:00+00:00,-8.777416312791424,-8.994541818981268,0.21712550618984494,0.21712550618984494,0.047143485438196395,-0.19586654954413163,-0.2519840830690878,0.05611753352495619
2018-11-08 00:00:00+00:00,-8.819972681342135,-8.970899497071535,0.1509268157294006,0.1509268157294006,0.02277890370621644,-0.0425563685507111,0.023642321909733255,-0.06619869046044435
2018-11-09 00:00:00+00:00,-8.690525410437699,-8.843097627722814,0.15257221728511539,0.15257221728511539,0.02327828148729646,0.12944727090443564,0.12780186934872084,0.0016454015557147983
2018-11-12 00:00:00+00:00,-8.477558256585025,-8.613914805425196,0.1363565488401708,0.1363565488401708,0.01859310841160188,0.21296715385267362,0.22918282229761822,-0.016215668444944598
2018-11-13 00:00:00+00:00,-8.51338647461159,-8.599405443895211,0.08601896928362152,0.08601896928362152,0.007399263076616622,-0.03582821802656433,0.014509361529984943,-0.05033757955654927
2018-11-14 00:00:00+00:00,-8.36079973969316,-8.530913793287215,0.1701140535940553,0.1701140535940553,0.028938791230201117,0.15258673491842956,0.06849165060799578,0.08409508431043378
2018-11-15 00:00:00+00:00,-8.488834603253812,-8.647432521912664,0.15859791865885242,0.15859791865885242,0.02515329980291997,-0.12803486356065186,-0.11651872862544899,-0.01151613493520287
2018-11-16 00:00:00+00:00,-8.555765432766094,-8.681982860602183,0.1262174278360888,0.1262174278360888,0.015930839089558283,-0.06693082951228213,-0.03455033868951851,-0.03238049082276362
2018-11-19 00:00:00+00:00,-8.356055108561097,-8.493437659184016,0.1373825506229185,0.1373825506229185,0.01887396521565876,0.19971032420499668,0.188545201418167,0.011165122786829684
2018-11-20 00:00:00+00:00,-8.148691060942332,-8.308075837463615,0.1593847765212839,0.1593847765212839,0.025403506986739616,0.20736404761876592,0.1853618217204005,0.022002225898365424
2018-11-21 00:00:00+00:00,-8.223500199885757,-8.350311977580507,0.1268117776947495,0.1268117776947495,0.016081226962102565,-0.07480913894342578,-0.04223614011689136,-0.032572998826534416
2018-11-23 00:00:00+00:00,-8.149118570908964,-8.295414230021043,0.14629565911207898,0.14629565911207898,0.021402419875037618,0.07438162897679312,0.05489774755946364,0.019483881417329485
2018-11-26 00:00:00+00:00,-8.280831162962818,-8.455773675504666,0.17494251254184867,0.17494251254184867,0.03060488269445488,-0.13171259205385333,-0.16035944548362302,0.028646853429769692
2018-11-27 00:00:00+00:00,-8.314967877988357,-8.498059900092846,0.18309202210448916,0.18309202210448916,0.03352268855831075,-0.03413671502553939,-0.04228622458817988,0.008149509562640489
2018-11-28 00:00:00+00:00,-8.600708318909582,-8.741531078549938,0.14082275964035595,0.14082275964035595,0.019831049632725466,-0.2857404409212254,-0.2434711784570922,-0.042269262464133206
2018-11-29 00:00:00+00:00,-8.611845585214455,-8.72018182033547,0.10833623512101553,0.10833623512101553,0.01173673984019596,-0.011137266304872995,0.021349258214467426,-0.03248652451934042
2018-11-30 00:00:00+00:00,-8.683438065436437,-8.79500921632528,0.1115711508888424,0.1115711508888424,0.012448121710660837,-0.07159248022198206,-0.07482739598980892,0.0032349157678268625
2018-12-03 00:00:00+00:00,-8.828544904829991,-8.956377814942405,0.1278329101124136,0.1278329101124136,0.016341252907808416,-0.14510683939355395,-0.16136859861712516,0.016261759223571204
2018-12-04 00:00:00+00:00,-8.455928276751127,-8.528961764095122,0.07303348734399506,0.07303348734399506,0.005333890273625487,0.3726166280788643,0.42741605084728285,-0.05479942276841854
2018-12-06 00:00:00+00:00,-8.417904669599723,-8.52021244489317,0.10230777529344692,0.10230777529344692,0.010466880885494429,0.03802360715140374,0.008749319201951877,0.02927428794945186
2018-12-07 00:00:00+00:00,-8.244663478710558,-8.281301007519971,0.036637528809412956,0.036637528809412956,0.0013423085172605644,0.1732411908891649,0.23891143737319886,-0.06567024648403397
2018-12-10 00:00:00+00:00,-8.207490041671491,-8.309446681012501,0.10195663934100985,0.10195663934100985,0.010395156305712756,0.03717343703906728,-0.02814567349252961,0.06531911053159689
2018-12-11 00:00:00+00:00,-8.228570253321877,-8.3217390998295,0.09316884650762347,0.09316884650762347,0.008680433959561102,-0.02108021165038565,-0.012292418816999273,-0.008787792833386376
2018-12-12 00:00:00+00:00,-8.31140155901009,-8.379395727459045,0.0679941684489549,0.0679941684489549,0.004623206943064853,-0.08283130568821306,-0.05765662762954449,-0.025174678058668576
2018-12-13 00:00:00+00:00,-8.27859786782742,-8.385319727721452,0.10672185989403182,0.10672185989403182,0.011389555379241358,0.03280369118266968,-0.005924000262407247,0.03872769144507693
2018-12-14 00:00:00+00:00,-8.101914142077035,-8.211910036548932,0.10999589447189706,0.10999589447189706,0.012099096800672714,0.17668372575038482,0.1734096911725196,0.003274034577865237
2018-12-17 00:00:00+00:00,-8.04765391793141,-8.045244818945465,-0.0024090989859448797,0.0024090989859448797,5.803757924080647e-06,0.05426022414562581,0.16666521760346775,-0.11240499345784194
2018-12-18 00:00:00+00:00,-7.934899497994152,-8.049647473628927,0.11474797563477424,0.11474797563477424,0.013167097912278741,0.11275441993725721,-0.004402654683461904,0.11715707462071911
2018-12-19 00:00:00+00:00,-7.848473432621513,-7.9379641978743,0.08949076525278699,0.08949076525278699,0.008008597065529427,0.0864260653726392,0.11168327575462644,-0.02525721038198725
2018-12-20 00:00:00+00:00,-7.776044723237474,-7.824004685270186,0.0479599620327118,0.0479599620327118,0.0023001579581791573,0.072428709384039,0.11395951260411419,-0.041530803220075185
2018-12-21 00:00:00+00:00,-7.5391797993918654,-7.68667217059652,0.1474923712046543,0.1474923712046543,0.02175399956357154,0.23686492384560864,0.13733251467366614,0.0995324091719425
2018-12-24 00:00:00+00:00,-7.337728956144113,-7.518966329834123,0.1812373736900108,0.1812373736900108,0.03284698562205262,0.20145084324775286,0.16770584076239636,0.0337450024853565
2018-12-26 00:00:00+00:00,-7.693613391894606,-7.852554626102535,0.15894123420792905,0.15894123420792905,0.025262315931539756,-0.3558844357504931,-0.33358829626841136,-0.022296139482081756
2018-12-27 00:00:00+00:00,-7.57946396738998,-7.92584704616239,0.34638307877241026,0.34638307877241026,0.11998123725985377,0.11414942450462551,-0.0732924200598557,0.1874418445644812
2018-12-28 00:00:00+00:00,-7.790444422277268,-7.930704686174354,0.140260263897086,0.140260263897086,0.01967294162848021,-0.210980454887288,-0.00485764001196376,-0.20612281487532425
2018-12-31 00:00:00+00:00,-7.887221768205465,-8.013729328393337,0.12650756018787224,0.12650756018787224,0.016004162784688115,-0.09677734592819665,-0.08302464221898287,-0.013752703709213776
2019-01-02 00:00:00+00:00,-7.7930118918047455,-8.036063506788892,0.24305161498414662,0.24305161498414662,0.059074087546401845,0.09420987640071932,-0.02233417839555507,0.11654405479627439
2019-01-03 00:00:00+00:00,-7.733574251271078,-7.850745784142069,0.11717153287099169,0.11717153287099169,0.013729168115337887,0.059437640533667846,0.18531772264682278,-0.12588008211315493
2019-01-04 00:00:00+00:00,-8.008242146287934,-8.114043636773252,0.10580149048531773,0.10580149048531773,0.011193955388914777,-0.2746678950168562,-0.2632978526311822,-0.011370042385673962
2019-01-07 00:00:00+00:00,-8.09276422599458,-8.193911479892863,0.10114725389828294,0.10114725389828294,0.010230766971163714,-0.08452207970664638,-0.07986784311961159,-0.004654236587034788
2019-01-08 00:00:00+00:00,-8.201635518233006,-8.288836772678495,0.08720125444548898,0.08720125444548898,0.007604058776866912,-0.10887129223842607,-0.09492529278563211,-0.013945999452793956
2019-01-09 00:00:00+00:00,-8.217337933846581,-8.342788309704284,0.12545037585770302,0.12545037585770302,0.015737796802838957,-0.01570241561357477,-0.05395153702578881,0.03824912141221404
2019-01-10 00:00:00+00:00,-8.284494136186328,-8.386273223466983,0.10177908728065432,0.10177908728065432,0.01035898260768305,-0.0671562023397474,-0.043484913762698696,-0.0236712885770487
2019-01-11 00:00:00+00:00,-8.30480941141202,-8.39920007073917,0.09439065932714996,0.09439065932714996,0.008909596568214082,-0.02031527522569121,-0.012926847272186848,-0.007388427953504362
2019-01-14 00:00:00+00:00,-8.27416694728328,-8.34781277826772,0.07364583098443944,0.07364583098443944,0.00542370842138862,0.030642464128739277,0.0513872924714498,-0.02074482834271052
2019-01-15 00:00:00+00:00,-8.395347851757094,-8.467026404404924,0.07167855264783007,0.07167855264783007,0.005137814909687748,-0.12118090447381391,-0.11921362613720454,-0.0019672783366093682
2019-01-16 00:00:00+00:00,-8.44375224018443,-8.49974237213094,0.05599013194651015,0.05599013194651015,0.003134894875387616,-0.04840438842733619,-0.03271596772601626,-0.015688420701319927
2019-01-17 00:00:00+00:00,-8.513001840394034,-8.585725684555818,0.0727238441617839,0.0727238441617839,0.0052887575096674305,-0.06924960020960391,-0.08598331242487767,0.016733712215273755
2019-01-18 00:00:00+00:00,-8.694696033557467,-8.735230812318633,0.040534778761166734,0.040534778761166734,0.0016430682892167338,-0.18169419316343216,-0.149505127762815,-0.03218906540061717
2019-01-22 00:00:00+00:00,-8.493269625600034,-8.581019197949365,0.08774957234933112,0.08774957234933112,0.007699987447490496,0.20142640795743283,0.15421161436926845,0.04721479358816438
2019-01-23 00:00:00+00:00,-8.51559314277358,-8.610086343483916,0.0944932007103354,0.0944932007103354,0.00892896498048373,-0.022323517173546747,-0.02906714553455103,0.0067436283610042835
2019-01-24 00:00:00+00:00,-8.545440158207281,-8.621999019654172,0.07655886144689106,0.07655886144689106,0.005861259266044262,-0.02984701543370072,-0.011912676170256375,-0.017934339263444343
2019-01-25 00:00:00+00:00,-8.66813931718014,-8.72075493190701,0.05261561472686971,0.05261561472686971,0.0027684029130863887,-0.12269915897285877,-0.09875591225283742,-0.02394324672002135
2019-01-28 00:00:00+00:00,-8.54380917430054,-8.637005018753309,0.09319584445276874,0.09319584445276874,0.008685465423264666,0.1243301428796002,0.08374991315370117,0.04058022972589903
2019-01-29 00:00:00+00:00,-8.590033403059278,-8.627986466426313,0.03795306336703419,0.03795306336703419,0.0014404350189421125,-0.04622422875873866,0.009018552326995888,-0.05524278108573455
2019-01-30 00:00:00+00:00,-8.785094175196905,-8.807386265402844,0.02229209020593892,0.02229209020593892,0.0004969372857497179,-0.19506077213762651,-0.17939979897653124,-0.01566097316109527
2019-01-31 00:00:00+00:00,-8.871619855112002,-8.91627567846846,0.04465582335645912,0.04465582335645912,0.00199414255964328,-0.08652567991509663,-0.10888941306561684,0.022363733150520204
2019-02-01 00:00:00+00:00,-8.87726842962735,-8.924054912332739,0.04678648270538943,0.04678648270538943,0.0021889749639417044,-0.005648574515348059,-0.007779233864278368,0.0021306593489303083
2019-02-04 00:00:00+00:00,-8.94996971447091,-9.015312288223706,0.06534257375279573,0.06534257375279573,0.004269651944639549,-0.07270128484356064,-0.09125737589096694,0.018556091047406298
2019-02-05 00:00:00+00:00,-8.993653625043496,-9.071448649348245,0.0777950243047485,0.0777950243047485,0.006052065806576409,-0.043683910572585916,-0.05613636112453868,0.012452450551952765
2019-02-06 00:00:00+00:00,-8.998366812564646,-9.052517584819917,0.05415077225527121,0.05415077225527121,0.0029323061358422498,-0.0047131875211494645,0.018931064528327823,-0.023644252049477288
2019-02-07 00:00:00+00:00,-8.840867428256885,-8.92136888266623,0.08050145440934386,0.08050145440934386,0.006480484162019668,0.15749938430776034,0.13114870215368768,0.026350682154072658
2019-02-08 00:00:00+00:00,-8.890451645660129,-8.938533104423579,0.04808145876345016,0.04808145876345016,0.002311826676821358,-0.04958421740324326,-0.01716422175734955,-0.03241999564589371
2019-02-11 00:00:00+00:00,-8.898318022694543,-8.94697716239856,0.04865913970401792,0.04865913970401792,0.002367711876735133,-0.007866377034414285,-0.008444057974982044,0.0005776809405677596
2019-02-12 00:00:00+00:00,-9.089714382696272,-9.11357412649038,0.023859743794108823,0.023859743794108823,0.0005692873739205145,-0.191396360001729,-0.1665969640918199,-0.024799395909909094
2019-02-13 00:00:00+00:00,-9.109891882476507,-9.157723902038716,0.04783201956220928,0.04783201956220928,0.0022879020953995716,-0.02017749978023531,-0.04414977554833577,0.02397227576810046
2019-02-14 00:00:00+00:00,-9.067802626672371,-9.123649892998408,0.05584726632603676,0.05584726632603676,0.0031189171560912794,0.04208925580413592,0.03407400904030844,0.008015246763827477
2019-02-15 00:00:00+00:00,-9.20288589481179,-9.275234094367608,0.07234819955581884,0.07234819955581884,0.005234261978968585,-0.13508326813941807,-0.15158420136920014,0.016500933229782078
2019-02-19 00:00:00+00:00,-9.259405199804494,-9.297491790280478,0.038086590475984394,0.038086590475984394,0.0014505883740853452,-0.05651930499270463,-0.02225769591287019,-0.03426160907983444
2019-02-20 00:00:00+00:00,-9.29986520056361,-9.324054003078908,0.024188802515297425,0.024188802515297425,0.000585098167124059,-0.04046000075911671,-0.02656221279842974,-0.01389778796068697
2019-02-21 00:00:00+00:00,-9.22798793697633,-9.263522572004394,0.03553463502806409,0.03553463502806409,0.0012627102865777192,0.07187726358728064,0.060531431074513975,0.011345832512766663
2019-02-22 00:00:00+00:00,-9.336709023575573,-9.353272987861876,0.0165639642863038,0.0165639642863038,0.0002743649128779478,-0.10872108659924251,-0.08975041585748222,-0.018970670741760287
2019-02-25 00:00:00+00:00,-9.390561323866908,-9.369402344345536,-0.021158979521372245,0.021158979521372245,0.00044770241438585003,-0.05385230029133581,-0.016129356483659762,-0.037722943807676046
2019-02-26 00:00:00+00:00,-9.288684976593906,-9.352284961573634,0.06359998497972796,0.06359998497972796,0.004044958089421622,0.10187634727300221,0.017117382771902,0.08475896450110021
2019-02-27 00:00:00+00:00,-9.316568075643346,-9.340080419625068,0.02351234398172153,0.02351234398172153,0.0005528303195147966,-0.027883099049439863,0.012204541948566572,-0.040087640998006435
2019-02-28 00:00:00+00:00,-9.260398257812996,-9.305549072874795,0.045150815061798966,0.045150815061798966,0.0020385961007447725,0.0561698178303498,0.03453134675027236,0.021638471080077437
2019-03-01 00:00:00+00:00,-9.375681130741642,-9.397240501082493,0.021559370340851203,0.021559370340851203,0.0004648064494939745,-0.11528287292864547,-0.09169142820769771,-0.023591444720947763
2019-03-04 00:00:00+00:00,-9.275507197692107,-9.332063753663816,0.05655655597170828,0.05655655597170828,0.0031986440233809713,0.10017393304953437,0.0651767474186773,0.034997185630857075
2019-03-05 00:00:00+00:00,-9.245397204005608,-9.3056798418732,0.06028263786759247,0.06028263786759247,0.0036339964282752937,0.030109993686499692,0.0263839117906155,0.0037260818958841924
2019-03-06 00:00:00+00:00,-9.134099415506505,-9.207086222751611,0.07298680724510653,0.07298680724510653,0.005327074031834336,0.11129778849910288,0.09859361912158882,0.012704169377514063
2019-03-07 00:00:00+00:00,-9.073532858368411,-9.080378648172786,0.006845789804375002,0.006845789804375002,4.686483804568473e-05,0.06056655713809356,0.1267075745788251,-0.06614101744073153
2019-03-08 00:00:00+00:00,-9.022644957476134,-9.051769780527763,0.02912482305162989,0.02912482305162989,0.0008482553177887517,0.05088790089227757,0.028608867645022684,0.022279033247254887
2019-03-11 00:00:00+00:00,-9.25145479845988,-9.24766857627094,-0.0037862221889408687,0.0037862221889408687,1.4335478464028183e-05,-0.22880984098374668,-0.19589879574317592,-0.03291104524057076
2019-03-12 00:00:00+00:00,-9.23965846727007,-9.30061578835919,0.06095732108911989,0.06095732108911989,0.0037157949943620603,0.01179633118981016,-0.052947212088250595,0.06474354327806076
2019-03-13 00:00:00+00:00,-9.376878117981148,-9.397905889529872,0.021027771548723706,0.021027771548723706,0.0004421671763053142,-0.1372196507110779,-0.09729010117068171,-0.03992954954039618
2019-03-14 00:00:00+00:00,-9.338239351117164,-9.381353972985824,0.04311462186866066,0.04311462186866066,0.0018588706188775923,0.038638766863984486,0.01655191654404753,0.022086850319936957
2019-03-15 00:00:00+00:00,-9.326358330819314,-9.454619838584655,0.12826150776534107,0.12826150776534107,0.016451014374238647,0.011881020297849432,-0.07326586559883097,0.0851468858966804
2019-03-18 00:00:00+00:00,-9.411507089188294,-9.507722410913477,0.09621532172518243,0.09621532172518243,0.009257388134680362,-0.08514875836898028,-0.05310257232882165,-0.03204618604015863
2019-03-19 00:00:00+00:00,-9.362995629713604,-9.503834237073985,0.14083860736038112,0.14083860736038112,0.0198355133232116,0.04851145947469071,0.0038881738394920262,0.044623285635198684
2019-03-20 00:00:00+00:00,-9.316290547129263,-9.444315026500188,0.1280244793709251,0.1280244793709251,0.016390267318196424,0.046705082584340474,0.0595192105737965,-0.012814127989456026
2019-03-21 00:00:00+00:00,-9.51156396119495,-9.6234550844006,0.11189112320565009,0.11189112320565009,0.012519623452221969,-0.19527341406568688,-0.17914005790041188,-0.016133356165275003
2019-03-22 00:00:00+00:00,-9.137738633337916,-9.261153220768003,0.12341458743008715,0.12341458743008715,0.015231160390538626,0.37382532785703404,0.362301863632597,0.011523464224437063
2019-03-25 00:00:00+00:00,-9.157713337865651,-9.245914374085377,0.08820103621972564,0.08820103621972564,0.007779422790233354,-0.0199747045277352,0.015238846682626317,-0.035213551210361516
2019-03-26 00:00:00+00:00,-9.225851582924887,-9.35384736509618,0.12799578217129337,0.12799578217129337,0.016382920253641183,-0.06813824505923627,-0.107932991010804,0.039794745951567734
2019-03-27 00:00:00+00:00,-9.160035240562706,-9.265347825504566,0.10531258494185991,0.10531258494185991,0.01109074054713646,0.06581634236218115,0.0884995395916146,-0.02268319722943346
2019-03-28 00:00:00+00:00,-9.24368512507948,-9.318791513357487,0.07510638827800697,0.07510638827800697,0.005640969560166744,-0.08364988451677391,-0.053443687852920974,-0.030206196663852936
2019-03-29 00:00:00+00:00,-9.294993982295296,-9.411846720944748,0.11685273864945245,0.11685273864945245,0.013654562529877238,-0.05130885721581535,-0.09305520758726082,0.04174635037144547
2019-04-01 00:00:00+00:00,-9.494230491621964,-9.597679657964676,0.10344916634271151,0.10344916634271151,0.010701730017001995,-0.1992365093266688,-0.18583293701992787,-0.01340357230674094
2019-04-02 00:00:00+00:00,-9.455792567580229,-9.596668677991063,0.1408761104108347,0.1408761104108347,0.019846078484485687,0.03843792404173563,0.0010109799736124359,0.03742694406812319
2019-04-03 00:00:00+00:00,-9.519058425292489,-9.615018945463056,0.09596052017056778,0.09596052017056778,0.009208421431405945,-0.06326585771225979,-0.018350267471992865,-0.04491559024026692
2019-04-04 00:00:00+00:00,-9.533801771235996,-9.65272217172619,0.11892040049019315,0.11892040049019315,0.01414206165274793,-0.01474334594350779,-0.03770322626313316,0.02295988031962537
2019-04-05 00:00:00+00:00,-9.638946058194527,-9.730665834994786,0.09171977680025911,0.09171977680025911,0.00841251745628935,-0.10514428695853084,-0.07794366326859681,-0.027200623689934034
2019-04-08 00:00:00+00:00,-9.617713409576826,-9.73294354474409,0.11523013516726444,0.11523013516726444,0.013277984050666032,0.021232648617701244,-0.00227770974930408,0.023510358367005324
2019-04-09 00:00:00+00:00,-9.495728234593106,-9.622327349738493,0.12659911514538713,0.12659911514538713,0.01602733595559499,0.12198517498372041,0.11061619500559772,0.011368979978122695
2019-04-10 00:00:00+00:00,-9.586695667411476,-9.6737469717622,0.08705130435072483,0.08705130435072483,0.007577929589162524,-0.0909674328183705,-0.0514196220237082,-0.0395478107946623
2019-04-11 00:00:00+00:00,-9.557383529217198,-9.657389737246753,0.10000620802955495,0.10000620802955495,0.010001241644450622,0.029312138194278248,0.016357234515448127,0.01295490367883012
2019-04-12 00:00:00+00:00,-9.661548120623088,-9.770729186719548,0.10918106609645939,0.10918106609645939,0.011920505193959433,-0.1041645914058904,-0.11333944947279484,0.009174858066904434
2019-04-15 00:00:00+00:00,-9.63428322542174,-9.74489106255044,0.11060783712870048,0.11060783712870048,0.012234093634289133,0.027264895201348338,0.025838124169107246,0.001426771032241092
2019-04-16 00:00:00+00:00,-9.63971825060028,-9.74493038788465,0.1052121372843704,0.1052121372843704,0.011069593831945205,-0.005435025178540442,-3.932533421036055e-05,-0.005395699844330082
2019-04-17 00:00:00+00:00,-9.568675314352657,-9.6852233749,0.11654806054734301,0.11654806054734301,0.013583450417347133,0.0710429362476237,0.05970701298465109,0.011335923262972614
2019-04-18 00:00:00+00:00,-9.601910091950678,-9.710549798884806,0.10863970693412739,0.10863970693412739,0.011802585922733087,-0.033234777598021736,-0.025326423984806112,-0.007908353613215624
2019-04-22 00:00:00+00:00,-9.610382254498637,-9.71494803735263,0.10456578285399232,0.10456578285399232,0.010934002943868273,-0.008472162547958462,-0.00439823846782339,-0.004073924080135072
2019-04-23 00:00:00+00:00,-9.77968276718864,-9.8726503468122,0.09296757962355962,0.09296757962355962,0.008642970861062896,-0.169300512690004,-0.1577023094595713,-0.011598203230432702
2019-04-24 00:00:00+00:00,-9.715242087161386,-9.812006152823752,0.0967640656623665,0.0967640656623665,0.009363284403510776,0.06444068002725523,0.060644193988448336,0.00379648603880689
2019-04-25 00:00:00+00:00,-9.641597792021509,-9.785865256011745,0.1442674639902357,0.1442674639902357,0.020813101166173957,0.0736442951398768,0.026140896812007597,0.047503398327869206
2019-04-26 00:00:00+00:00,-9.679016882561992,-9.863729760825528,0.18471287826353588,0.18471287826353588,0.03411884739639983,-0.037419090540483424,-0.0778645048137836,0.04044541427330017
2019-04-29 00:00:00+00:00,-9.737148109894658,-9.880783081083178,0.1436349711885203,0.1436349711885203,0.02063100494832706,-0.05813122733266596,-0.017053320257650384,-0.041077907075015574
2019-04-30 00:00:00+00:00,-9.821593336975791,-9.876028670781468,0.05443533380567622,0.05443533380567622,0.0029632055665353967,-0.08444522708113311,0.004754410301710976,-0.08919963738284409
2019-05-01 00:00:00+00:00,-9.550809235691728,-9.705918890483474,0.15510965479174565,0.15510965479174565,0.024059005009614505,0.27078410128406283,0.1701097802979934,0.10067432098606943
2019-05-02 00:00:00+00:00,-9.538932453688918,-9.653313160055916,0.11438070636699749,0.11438070636699749,0.013082945989013299,0.01187678200281006,0.05260573042755823,-0.04072894842474817
2019-05-03 00:00:00+00:00,-9.711118306081266,-9.821583094315791,0.1104647882345251,0.1104647882345251,0.012202469439698476,-0.17218585239234763,-0.16826993425987524,-0.003915918132472385
2019-05-06 00:00:00+00:00,-9.522828799832885,-9.725087830419694,0.20225903058680927,0.20225903058680927,0.04090871545391585,0.18828950624838114,0.09649526389609697,0.09179424235228417
2019-05-07 00:00:00+00:00,-9.274844974734435,-9.39203792817712,0.1171929534426841,0.1171929534426841,0.013734188336619123,0.24798382509844963,0.3330499022425748,-0.08506607714412517
2019-05-08 00:00:00+00:00,-9.250098632536046,-9.363501027307166,0.11340239477111957,0.11340239477111957,0.012860103139824849,0.024746342198389115,0.02853690086995364,-0.0037905586715645256
2019-05-09 00:00:00+00:00,-9.207286682922229,-9.309660337008523,0.10237365408629451,0.10237365408629451,0.010480365050980284,0.04281194961381729,0.05384069029864236,-0.011028740684825067
2019-05-10 00:00:00+00:00,-9.278264439085234,-9.3826669228945,0.10440248380926676,0.10440248380926676,0.010899878625544207,-0.07097775616300517,-0.07300658588597742,0.0020288297229722474
2019-05-13 00:00:00+00:00,-8.788685966687392,-8.967640345458365,0.17895437877097287,0.17895437877097287,0.032024669681304824,0.4895784723978416,0.41502657743613547,0.07455189496170611
2019-05-14 00:00:00+00:00,-8.966856490977065,-9.086256992207904,0.11940050123083878,0.11940050123083878,0.014256479694175534,-0.17817052428967273,-0.11861664674953865,-0.05955387754013408
2019-05-15 00:00:00+00:00,-9.019647744496202,-9.166279783503349,0.14663203900714628,0.14663203900714628,0.021500954863393266,-0.05279125351913727,-0.08002279129544476,0.02723153777630749
2019-05-16 00:00:00+00:00,-9.175649534679978,-9.297071570058904,0.12142203537892549,0.12142203537892549,0.014743310675561032,-0.15600179018377602,-0.13079178655555523,-0.02521000362822079
2019-05-17 00:00:00+00:00,-9.060491639064256,-9.192701900313208,0.13221026124895197,0.13221026124895197,0.01747955317951613,0.11515789561572198,0.1043696697456955,0.01078822587002648
2019-05-20 00:00:00+00:00,-8.994672508258725,-9.092944589878616,0.09827208161989098,0.09827208161989098,0.009657402025906515,0.06581913080553115,0.09975731043459213,-0.03393817962906098
2019-05-21 00:00:00+00:00,-9.085207624431218,-9.216773051043631,0.1315654266124131,0.1315654266124131,0.01730946147970626,-0.09053511617249299,-0.12382846116501511,0.03329334499252212
2019-05-22 00:00:00+00:00,-9.017749984535987,-9.168120413424898,0.15037042888891072,0.15037042888891072,0.022611265884234958,0.06745763989523113,0.04865263761873351,0.018805002276497618
2019-05-23 00:00:00+00:00,-8.859396693303932,-8.988164703157477,0.12876800985354464,0.12876800985354464,0.01658120036164257,0.15835329123205533,0.1799557102674214,-0.021602419035366083
2019-05-24 00:00:00+00:00,-8.89457192784993,-9.018638447655466,0.1240665198055364,0.1240665198055364,0.015392501336657555,-0.03517523454599747,-0.03047374449798923,-0.004701490048008239
2019-05-28 00:00:00+00:00,-8.773360449840556,-8.893343778454454,0.11998332861389827,0.11998332861389827,0.014395999145270698,0.12121147800937315,0.1252946692010113,-0.004083191191638136
2019-05-29 00:00:00+00:00,-8.675212468871797,-8.810448275259905,0.13523580638810806,0.13523580638810806,0.01828872332944185,0.09814798096875954,0.08289550319454975,0.015252477774209794
2019-05-30 00:00:00+00:00,-8.611258736227377,-8.84666380029838,0.2354050640710028,0.2354050640710028,0.05541554419027294,0.0639537326444195,-0.03621552503847525,0.10016925768289475
2019-05-31 00:00:00+00:00,-8.560554710551482,-8.68223404667134,0.1216793361198576,0.1216793361198576,0.01480586083856928,0.050704025675894826,0.16442975362704004,-0.11372572795114522
2019-06-03 00:00:00+00:00,-8.563411605017674,-8.65840978154467,0.09499817652699605,0.09499817652699605,0.009024653543454303,-0.0028568944661913065,0.02382426512667024,-0.026681159592861547
2019-06-04 00:00:00+00:00,-8.824758855146579,-8.904732592106084,0.07997373695950571,0.07997373695950571,0.00639579860326821,-0.2613472501289049,-0.24632281056141458,-0.015024439567490333
2019-06-05 00:00:00+00:00,-8.877894339233665,-9.01587996987804,0.13798563064437452,0.13798563064437452,0.01904003426432575,-0.05313548408708613,-0.11114737777195494,0.05801189368486881
2019-06-06 00:00:00+00:00,-8.986659807252384,-9.10282694282405,0.11616713557166669,0.11616713557166669,0.01349480338692599,-0.10876546801871889,-0.08694697294601106,-0.021818495072707833
2019-06-07 00:00:00+00:00,-9.144847991183362,-9.240850885628555,0.09600289444519383,0.09600289444519383,0.009216555741855028,-0.158188183930978,-0.13802394280450514,-0.02016424112647286
2019-06-10 00:00:00+00:00,-9.195206997632065,-9.305917485447008,0.11071048781494319,0.11071048781494319,0.012256812112222685,-0.05035900644870317,-0.06506659981845253,0.014707593369749361
2019-06-11 00:00:00+00:00,-9.18650828044534,-9.297565330962836,0.11105705051749659,0.11105705051749659,0.01233366846964579,0.008698717186724991,0.008352154484171592,0.00034656270255339905
2019-06-12 00:00:00+00:00,-9.184014229413435,-9.265870320288007,0.08185609087457202,0.08185609087457202,0.006700419613266192,0.002494051031904476,0.03169501067482905,-0.029200959642924573
2019-06-13 00:00:00+00:00,-9.214334047338836,-9.32439236100281,0.11005831366397345,0.11005831366397345,0.012112832406557566,-0.030319817925400727,-0.05852204071480216,0.028202222789401432
2019-06-14 00:00:00+00:00,-9.200808773357084,-9.302212795545806,0.10140402218872246,0.10140402218872246,0.010282775716050917,0.013525273981752406,0.022179565457003392,-0.008654291475250986
2019-06-17 00:00:00+00:00,-9.214006810708993,-9.303540867123536,0.08953405641454282,0.08953405641454282,0.008016347258042535,-0.013198037351909164,-0.0013280715777295171,-0.011869965774179647
2019-06-18 00:00:00+00:00,-9.385474936775488,-9.459955114474674,0.07448017769918636,0.07448017769918636,0.005547296870102377,-0.17146812606649497,-0.1564142473511385,-0.015053878715356461
2019-06-19 00:00:00+00:00,-9.451241622267688,-9.490334761358,0.03909313909031198,0.03909313909031198,0.0015282735239344786,-0.06576668549219988,-0.030379646883325506,-0.03538703860887438
2019-06-20 00:00:00+00:00,-9.54100488178704,-9.6437589792398,0.10275409745275965,0.10275409745275965,0.010558404543331228,-0.08976325951935316,-0.15342421788180083,0.06366095836244767
2019-06-21 00:00:00+00:00,-9.382871022252028,-9.60649530571276,0.22362428346073315,0.22362428346073315,0.05000782015332633,0.15813385953501324,0.03726367352703974,0.1208701860079735
2019-06-24 00:00:00+00:00,-9.400488417136623,-9.574548934129115,0.17406051699249225,0.17406051699249225,0.030297063575693686,-0.017617394884595683,0.03194637158364522,-0.0495637664682409
2019-06-25 00:00:00+00:00,-9.286050412885151,-9.390934592866966,0.10488417998181454,0.10488417998181454,0.011000691210457665,0.11443800425147188,0.1836143412621496,-0.06917633701067771
2019-06-26 00:00:00+00:00,-9.189921930313128,-9.368756919229108,0.17883498891598038,0.17883498891598038,0.03198195326057882,0.09612848257202344,0.02217767363785761,0.07395080893416583
2019-06-27 00:00:00+00:00,-9.286280972008266,-9.41958604366122,0.1333050716529538,0.1333050716529538,0.017770242128399148,-0.09635904169513765,-0.05082912443211107,-0.045529917263026576
2019-06-28 00:00:00+00:00,-9.39577049665733,-9.497046535418376,0.1012760387610463,0.1012760387610463,0.010256836027128952,-0.1094895246490637,-0.07746049175715619,-0.032029032891907505
2019-07-01 00:00:00+00:00,-9.439366369612245,-9.642861864600942,0.20349549498869735,0.20349549498869735,0.04141041648069495,-0.04359587295491529,-0.14581532918256634,0.10221945622765105
2019-07-02 00:00:00+00:00,-9.514512682327451,-9.679812723491237,0.1653000411637855,0.1653000411637855,0.02732410360874918,-0.07514631271520678,-0.036950858890294924,-0.03819545382491185
2019-07-03 00:00:00+00:00,-9.638920291496392,-9.816848072581903,0.17792778108551133,0.17792778108551133,0.031658295282013645,-0.12440760916894078,-0.1370353490906666,0.012627739921725833
2019-07-05 00:00:00+00:00,-9.576210526597224,-9.780172382088631,0.2039618554914071,0.2039618554914071,0.04160043849549763,0.06270976489916791,0.03667569049327213,0.02603407440589578
2019-07-08 00:00:00+00:00,-9.465164766402715,-9.65902537100956,0.1938606046068454,0.1938606046068454,0.037581934018531646,0.11104576019450896,0.12114701107907067,-0.010101250884561708
2019-07-09 00:00:00+00:00,-9.492331664194378,-9.67107718347229,0.17874551927791238,0.17874551927791238,0.031949960661930545,-0.027166897791662592,-0.012051812462729572,-0.01511508532893302
2019-07-10 00:00:00+00:00,-9.577359425400283,-9.748330888258506,0.17097146285822262,0.17097146285822262,0.029231241111880597,-0.0850277612059056,-0.07725370478621585,-0.007774056419689757
2019-07-11 00:00:00+00:00,-9.620750254316237,-9.78083378634362,0.16008353202738412,0.16008353202738412,0.02562673722636252,-0.04339082891595325,-0.03250289808511475,-0.0108879308308385
2019-07-12 00:00:00+00:00,-9.668206276890825,-9.855064068610828,0.18685779172000316,0.18685779172000316,0.03491583432647608,-0.04745602257458792,-0.07423028226720696,0.02677425969261904
2019-07-15 00:00:00+00:00,-9.65659097693353,-9.84708069249239,0.1904897155588614,0.1904897155588614,0.03628633173369593,0.011615299957295377,0.007983376118437135,0.003631923838858242
2019-07-16 00:00:00+00:00,-9.590698045307091,-9.767102034536984,0.1764039892298932,0.1764039892298932,0.031118367416220274,0.06589293162643806,0.07997865795540626,-0.014085726328968207
2019-07-17 00:00:00+00:00,-9.422762376150397,-9.621259730755796,0.19849735460539897,0.19849735460539897,0.039401199785341505,0.16793566915669444,0.14584230378118868,0.02209336537550577
2019-07-18 00:00:00+00:00,-9.530869727053764,-9.677170127923596,0.14630040086983165,0.14630040086983165,0.021403807294673435,-0.1081073509033672,-0.055910397167799886,-0.05219695373556732
2019-07-19 00:00:00+00:00,-9.34949538663863,-9.56227049078058,0.21277510414195078,0.21277510414195078,0.045273244942618,0.18137434041513423,0.1148996371430151,0.06647470327211913
2019-07-22 00:00:00+00:00,-9.43448126231782,-9.596261650426763,0.16178038810894257,0.16178038810894257,0.026172893976680087,-0.08498587567919103,-0.03399115964618282,-0.0509947160330082
2019-07-23 00:00:00+00:00,-9.52661215941664,-9.713848042723544,0.18723588330690433,0.18723588330690433,0.03505727599771669,-0.09213089709881928,-0.11758639229678103,0.025455495197961753
2019-07-24 00:00:00+00:00,-9.612954601465056,-9.790710146131664,0.17775554466660815,0.17775554466660815,0.03159703365972252,-0.08634244204841579,-0.07686210340811961,-0.009480338640296182
2019-07-25 00:00:00+00:00,-9.504363823029838,-9.682989512060034,0.1786256890301967,0.1786256890301967,0.03190713678151254,0.10859077843521803,0.10772063407162946,0.0008701443635885653
2019-07-26 00:00:00+00:00,-9.590064701313098,-9.796215136015803,0.206150434702705,0.206150434702705,0.042498001728114236,-0.08570087828326045,-0.11322562395576874,0.02752474567250829
2019-07-29 00:00:00+00:00,-9.603639469457,-9.746666757752656,0.1430272882956558,0.1430272882956558,0.02045680519720864,-0.01357476814390246,0.04954837826314673,-0.06312314640704919
2019-07-30 00:00:00+00:00,-9.533317999011173,-9.686731075533322,0.15341307652214908,0.15341307652214908,0.02353557204799077,0.07032147044582793,0.05993568221933465,0.010385788226493275
2019-07-31 00:00:00+00:00,-9.2599307386434,-9.469637913473578,0.20970717483017864,0.20970717483017864,0.043977099175255115,0.27338726036777317,0.2170931620597436,0.05629409830802956
2019-08-01 00:00:00+00:00,-9.106203424667363,-9.315401935941082,0.20919851127371913,0.20919851127371913,0.043764017119140394,0.15372731397603623,0.15423597753249574,-0.0005086635564595099
2019-08-02 00:00:00+00:00,-9.040906566862464,-9.193140763216382,0.152234196353918,0.152234196353918,0.023175250539523257,0.06529685780489913,0.12226117272470027,-0.05696431491980114
2019-08-05 00:00:00+00:00,-8.27055018950955,-8.743691735000077,0.47314154549052745,0.47314154549052745,0.22386292206916486,0.7703563773529147,0.4494490282163053,0.32090734913660945
2019-08-06 00:00:00+00:00,-8.592488100531186,-8.910862997560255,0.3183748970290683,0.3183748970290683,0.10136257505826984,-0.32193791102163694,-0.16717126256017778,-0.15476664846145916
2019-08-07 00:00:00+00:00,-8.62038597833545,-8.920096438566704,0.29971046023125325,0.29971046023125325,0.08982635997202963,-0.027897877804264226,-0.009233441006449183,-0.018664436797815043
2019-08-08 00:00:00+00:00,-8.872022207858894,-9.169890803372724,0.2978685955138296,0.2978685955138296,0.08872570019338143,-0.25163622952344333,-0.2497943648060197,-0.0018418647174236469
2019-08-09 00:00:00+00:00,-8.821830023341672,-9.068692321435272,0.24686229809359972,0.24686229809359972,0.060940994220053286,0.05019218451722196,0.10119848193745185,-0.051006297420229885
2019-08-12 00:00:00+00:00,-8.646559627187884,-8.899523251038268,0.25296362385038407,0.25296362385038407,0.0639905949915186,0.17527039615378825,0.1691690703970039,0.006101325756784348
2019-08-13 00:00:00+00:00,-8.854131613765844,-9.09655035032423,0.24241873655838653,0.24241873655838653,0.05876684383456441,-0.2075719865779604,-0.19702709928596285,-0.01054488729199754
2019-08-14 00:00:00+00:00,-8.520756423450944,-8.676850741245127,0.15609431779418337,0.15609431779418337,0.02436543604763151,0.33337519031490004,0.4196996090791032,-0.08632441876420316
2019-08-15 00:00:00+00:00,-8.511763420273867,-8.711874445197877,0.20011102492400923,0.20011102492400923,0.040044422296137444,0.00899300317707663,-0.03502370395274923,0.04401670712982586
2019-08-16 00:00:00+00:00,-8.660966173636655,-8.885266800649857,0.22430062701320175,0.22430062701320175,0.05031077127851545,-0.149202753362788,-0.1733923554519805,0.02418960208919252
2019-08-19 00:00:00+00:00,-8.78773251980207,-9.037736601891636,0.2500040820895659,0.2500040820895659,0.06250204106144641,-0.1267663461654145,-0.15246980124177867,0.02570345507636418
2019-08-20 00:00:00+00:00,-8.705574771662954,-8.933321234518923,0.22774646285596845,0.22774646285596845,0.051868451343405016,0.08215774813911558,0.10441536737271306,-0.02225761923359748
2019-08-21 00:00:00+00:00,-8.861933488480185,-9.038890027775448,0.17695653929526323,0.17695653929526323,0.031313616799356035,-0.15635871681723046,-0.10556879325652524,-0.05078992356070522
2019-08-22 00:00:00+00:00,-8.807619063014796,-9.034466152581478,0.22684708956668231,0.22684708956668231,0.05145960204487439,0.054314425465388894,0.004423875193969806,0.04989055027141909
2019-08-23 00:00:00+00:00,-8.479521191549317,-8.682407964303067,0.20288677275375022,0.20288677275375022,0.04116304255843188,0.328097871465479,0.35205818827841107,-0.023960316812932092
2019-08-26 00:00:00+00:00,-8.597808446033582,-8.812337968784504,0.2145295227509223,0.2145295227509223,0.046022916131738485,-0.11828725448426525,-0.12993000448143732,0.011642749997172075
2019-08-27 00:00:00+00:00,-8.593965900823052,-8.767922562343218,0.1739566615201653,0.1739566615201653,0.030260920087241364,0.0038425452105297353,0.04441540644128672,-0.040572861230756985
2019-08-28 00:00:00+00:00,-8.643079783543891,-8.854883585461707,0.21180380191781545,0.21180380191781545,0.0448608505068412,-0.04911388272083883,-0.08696102311848897,0.037847140397650136
2019-08-29 00:00:00+00:00,-8.813135734829691,-9.014416541108917,0.2012808062792253,0.2012808062792253,0.04051396297641502,-0.17005595128579998,-0.15953295564720982,-0.01052299563859016
2019-08-30 00:00:00+00:00,-8.82076080378393,-9.008594128178224,0.187833324394294,0.187833324394294,0.03528135775301208,-0.007625068954238756,0.005822412930692522,-0.013447481884931278
2019-09-03 00:00:00+00:00,-8.699568096231632,-8.930531529103046,0.2309634328714143,0.2309634328714143,0.0533441073237483,0.12119270755229827,0.07806259907517799,0.04313010847712029
2019-09-04 00:00:00+00:00,-8.881408083272383,-9.076887447992023,0.19547936471964,0.19547936471964,0.03821218203119404,-0.18183998704075144,-0.14635591888897714,-0.035484068151774295
2019-09-05 00:00:00+00:00,-9.062096552961773,-9.252423665691731,0.19032711272995861,0.19032711272995861,0.036224409840122374,-0.18068846968938956,-0.17553621769970817,-0.005152251989681389
2019-09-06 00:00:00+00:00,-9.098165155015886,-9.260342460566331,0.16217730555044518,0.16217730555044518,0.026301478435602457,-0.03606860205411344,-0.00791879487460001,-0.02814980717951343
2019-09-09 00:00:00+00:00,-9.085032608521283,-9.26412010394104,0.17908749541975766,0.17908749541975766,0.03207233101572172,0.013132546494603048,-0.0037776433747094273,0.016910189869312475
2019-09-10 00:00:00+00:00,-9.056564589780994,-9.2566520017635,0.20008741198250668,0.20008741198250668,0.040034972433857355,0.02846801874028948,0.007468102177540459,0.02099991656274902
2019-09-11 00:00:00+00:00,-9.258510767308394,-9.35986694248857,0.10135617518017526,0.10135617518017526,0.010273074247154375,-0.2019461775274003,-0.10321494072506887,-0.09873123680233142
2019-09-12 00:00:00+00:00,-9.23672852646027,-9.409286172786269,0.17255764632599835,0.17255764632599835,0.02977614130556833,0.021782240848123635,-0.04941923029769946,0.07120147114582309
2019-09-13 00:00:00+00:00,-9.21336812777105,-9.392086811984496,0.17871868421344672,0.17871868421344672,0.03194036808698569,0.023360398689220574,0.0171993608017722,0.006161037887448373
2019-09-16 00:00:00+00:00,-9.160275326771178,-9.336044080215704,0.17576875344452603,0.17576875344452603,0.03089465468744258,0.053092800999872125,0.05604273176879282,-0.0029499307689206944
2019-09-17 00:00:00+00:00,-9.17324418058087,-9.370638529315412,0.19739434873454265,0.19739434873454265,0.03896452891233424,-0.012968853809692149,-0.03459444909970877,0.02162559529001662
2019-09-18 00:00:00+00:00,-9.16935718992618,-9.374485009356295,0.20512781943011582,0.20512781943011582,0.042077422304154205,0.0038869906546903366,-0.003846480040882838,0.007733470695573175
2019-09-19 00:00:00+00:00,-9.18689767597321,-9.367636551529428,0.1807388755562176,0.1807388755562176,0.03266654113732591,-0.017540486047030512,0.006848457826867715,-0.024388943873898228
2019-09-20 00:00:00+00:00,-8.993672726580542,-9.286415220680016,0.2927424940994747,0.2927424940994747,0.08569816785158099,0.19322494939266832,0.08122133084941119,0.11200361854325713
2019-09-23 00:00:00+00:00,-9.046618474225118,-9.278536769133954,0.23191829490883542,0.23191829490883542,0.053786095513421554,-0.05294574764457671,0.007878451546062593,-0.060824199190639305
2019-09-24 00:00:00+00:00,-8.93104349426535,-9.154155993907947,0.22311249964259794,0.22311249964259794,0.04977918749676827,0.11557497995976895,0.12438077522600643,-0.008805795266237482
2019-09-25 00:00:00+00:00,-8.98089268948696,-9.236680091068983,0.2557874015820225,0.2557874015820225,0.06542719480808286,-0.04984919522161135,-0.08252409716103593,0.03267490193942457
2019-09-26 00:00:00+00:00,-8.948354800186843,-9.202065239439634,0.25371043925279047,0.25371043925279047,0.06436898698584388,0.032537889300117584,0.03461485162934963,-0.002076962329232046
2019-09-27 00:00:00+00:00,-8.896900171809062,-9.119804226940852,0.22290405513179046,0.22290405513179046,0.04968621779419628,0.051454628377781475,0.08226101249878148,-0.030806384121000008
2019-09-30 00:00:00+00:00,-8.973411144493364,-9.183547076057271,0.21013593156390797,0.21013593156390797,0.04415710973423142,-0.07651097268430185,-0.06374284911641936,-0.012768123567882483
2019-10-01 00:00:00+00:00,-8.797448571958636,-9.006741901460115,0.20929332950147916,0.20929332950147916,0.04380369777381473,0.17596257253472736,0.17680517459715617,-0.00084260206242881
2019-10-02 00:00:00+00:00,-8.53792187728601,-8.76929617651974,0.23137429923372999,0.23137429923372999,0.05353406634589963,0.25952669467262623,0.2374457249403754,0.02208096973225082
2019-10-03 00:00:00+00:00,-8.630388240874336,-8.869835438408282,0.23944719753394672,0.23944719753394672,0.0573349604068609,-0.0924663635883256,-0.10053926188854234,0.008072898300216735
2019-10-04 00:00:00+00:00,-8.816352085639469,-9.039648141195409,0.2232960555559398,0.2232960555559398,0.049861128426841345,-0.1859638447651335,-0.16981270278712657,-0.016151141978006933
2019-10-07 00:00:00+00:00,-8.757994187112066,-8.980769964144823,0.22277577703275675,0.22277577703275675,0.04962904683254855,0.058357898527402696,0.058878177050585734,-0.0005202785231830376
2019-10-08 00:00:00+00:00,-8.56318156656012,-8.775424411212827,0.2122428446527067,0.2122428446527067,0.045047025106272995,0.19481262055194648,0.20534555293199652,-0.010532932380050042
2019-10-09 00:00:00+00:00,-8.597969389321978,-8.89152938344463,0.293559994122651,0.293559994122651,0.08617747014929089,-0.03478782276185832,-0.1161049722318026,0.08131714946994428
2019-10-10 00:00:00+00:00,-8.803441337398041,-8.978438818732545,0.1749974813345041,0.1749974813345041,0.03062411847342011,-0.20547194807606317,-0.08690943528791628,-0.11856251278814689
2019-10-11 00:00:00+00:00,-8.915729506122856,-9.114753504384565,0.19902399826170836,0.19902399826170836,0.03961055188407649,-0.11228816872481495,-0.1363146856520192,0.024026516927204256
2019-10-14 00:00:00+00:00,-8.919841803344285,-9.09761552414806,0.17777372080377418,0.17777372080377418,0.03160349580841825,-0.004112297221428918,0.017137980236505257,-0.021250277457934175
2019-10-15 00:00:00+00:00,-9.02348702544349,-9.233882399582564,0.2103953741390736,0.2103953741390736,0.04426621345912076,-0.10364522209920501,-0.13626687543450444,0.03262165333529943
2019-10-16 00:00:00+00:00,-8.991594479267903,-9.206485770313485,0.21489129104558202,0.21489129104558202,0.04617826696723704,0.031892546175587455,0.027396629269079043,0.004495916906508413
2019-10-17 00:00:00+00:00,-9.034818339072288,-9.246910052363512,0.21209171329122434,0.21209171329122434,0.044982894846806905,-0.043223859804385256,-0.04042428205002757,-0.002799577754357685
2019-10-18 00:00:00+00:00,-8.976505316057098,-9.177378130213873,0.20087281415677438,0.20087281415677438,0.04034988746726202,0.05831302301518981,0.06953192214963977,-0.011218899134449956
2019-10-21 00:00:00+00:00,-9.07350025803908,-9.272986348903707,0.1994860908646281,0.1994860908646281,0.039794700448450654,-0.09699494198198089,-0.0956082186898346,-0.0013867232921462858
2019-10-22 00:00:00+00:00,-8.999029952651323,-9.219120506923788,0.22009055427246516,0.22009055427246516,0.04843985207996093,0.07447030538775579,0.05386584197991873,0.02060446340783706
2019-10-23 00:00:00+00:00,-9.037175180662542,-9.2590250719982,0.22184989133565836,0.22184989133565836,0.04921737428564342,-0.03814522801121889,-0.03990456507441209,0.0017593370631932004
2019-10-24 00:00:00+00:00,-9.0522405723084,-9.279886860551908,0.22764628824350908,0.22764628824350908,0.05182283255104682,-0.015065391645856963,-0.020861788553707683,0.0057963969078507205
2019-10-25 00:00:00+00:00,-9.149995043274178,-9.338139425614342,0.18814438234016428,0.18814438234016428,0.03539830860616192,-0.0977544709657785,-0.0582525650624337,-0.03950190590334479
2019-10-28 00:00:00+00:00,-9.236346577144491,-9.421350632214018,0.18500405506952688,0.18500405506952688,0.034226500392168534,-0.0863515338703138,-0.0832112065996764,-0.0031403272706373997
2019-10-29 00:00:00+00:00,-9.214705919791546,-9.409890555633885,0.19518463584233814,0.19518463584233814,0.03809704206890615,0.02164065735294507,0.011460076580133816,0.010180580772811254
2019-10-30 00:00:00+00:00,-9.279165192528646,-9.453393239576314,0.17422804704766826,0.17422804704766826,0.030355412378044504,-0.06445927273709984,-0.043502683942429954,-0.020956588794669884
2019-10-31 00:00:00+00:00,-9.202451323061965,-9.401824773924364,0.19937345086239944,0.19937345086239944,0.0397497729087816,0.07671386946668157,0.05156846565195039,0.025145403814731182
2019-11-01 00:00:00+00:00,-9.35128321009936,-9.545209586606706,0.19392637650734557,0.19392637650734557,0.03760743950526875,-0.14883188703739592,-0.14338481268234204,-0.005447074355053871
2019-11-04 00:00:00+00:00,-9.44400053474802,-9.60626969410774,0.1622691593597203,0.1622691593597203,0.026331280079310303,-0.09271732464865856,-0.0610601075010333,-0.03165721714762526
2019-11-05 00:00:00+00:00,-9.374152017700364,-9.57645527117295,0.2023032534725857,0.2023032534725857,0.04092660636559326,0.06984851704765482,0.02981442293478942,0.040034094112865404
2019-11-06 00:00:00+00:00,-9.38167855751237,-9.571106945318354,0.18942838780598414,0.18942838780598414,0.03588311410677432,-0.00752653981200524,0.005348325854596325,-0.012874865666601565
2019-11-07 00:00:00+00:00,-9.446778135765744,-9.623780975963433,0.17700284019768908,0.17700284019768908,0.03133000543804866,-0.06509957825337409,-0.05267403064507903,-0.012425547608295062
2019-11-08 00:00:00+00:00,-9.465003345141287,-9.658150210348555,0.1931468652072681,0.1931468652072681,0.03730571153939459,-0.018225209375543727,-0.03436923438512274,0.01614402500957901
2019-11-11 00:00:00+00:00,-9.421391960760578,-9.612016116906116,0.19062415614553707,0.19062415614553707,0.036337568906198096,0.043611384380708884,0.046134093442439905,-0.002522709061731021
2019-11-12 00:00:00+00:00,-9.45961302293396,-9.63990019272893,0.18028716979497084,0.18028716979497084,0.032503463592680644,-0.03822106217338117,-0.027884075822814935,-0.010336986350566235
2019-11-13 00:00:00+00:00,-9.456936198779603,-9.635254835467334,0.17831863668773096,0.17831863668773096,0.03179753619017099,0.0026768241543564386,0.004645357261596317,-0.001968533107239878
2019-11-14 00:00:00+00:00,-9.479109240666988,-9.651281936421876,0.17217269575488814,0.17217269575488814,0.029643437163505277,-0.02217304188738467,-0.01602710095454185,-0.006145940932842819
2019-11-15 00:00:00+00:00,-9.582784043369182,-9.77293797890653,0.1901539355373476,0.1901539355373476,0.03615851920034175,-0.10367480270219431,-0.12165604248465378,0.01798123978245947
2019-11-18 00:00:00+00:00,-9.580778758463952,-9.77420800597867,0.19342924751471813,0.19342924751471813,0.03741487379411009,0.0020052849052305532,-0.0012700270721399676,0.003275311977370521
2019-11-19 00:00:00+00:00,-9.52269366592942,-9.75544214568351,0.23274847975408974,0.23274847975408974,0.05417185482783992,0.05808509253453131,0.018765860295159698,0.039319232239371615
2019-11-20 00:00:00+00:00,-9.453139793380332,-9.67061302419017,0.21747323080983705,0.21747323080983705,0.04729460611886866,0.06955387254908807,0.08482912149334076,-0.015275248944252695
2019-11-21 00:00:00+00:00,-9.44560547169316,-9.62960533745235,0.18399986575919058,0.18399986575919058,0.03385595059940016,0.007534321687172607,0.04100768673781907,-0.033473365050646464
2019-11-22 00:00:00+00:00,-9.472936748120045,-9.659605040559534,0.18666829243948868,0.18666829243948868,0.034845051402274466,-0.027331276426885154,-0.02999970310718325,0.002668426680298097
2019-11-25 00:00:00+00:00,-9.605115667848136,-9.7910581897815,0.1859425219333648,0.1859425219333648,0.03457462146293985,-0.1321789197280907,-0.13145314922196683,-0.0007257705061238795
2019-11-26 00:00:00+00:00,-9.663420976518845,-9.82214686910916,0.158725892590315,0.158725892590315,0.025193908978592215,-0.058305308670709266,-0.031088679327659463,-0.027216629343049803
2019-11-27 00:00:00+00:00,-9.66008286364074,-9.896980816441024,0.23689795280028392,0.23689795280028392,0.05612064004096555,0.003338112878104482,-0.07483394733186444,0.07817206020996892
2019-11-29 00:00:00+00:00,-9.649807203523958,-9.804289345316128,0.15448214179217068,0.15448214179217068,0.023864732132696326,0.010275660116782603,0.09269147112489584,-0.08241581100811324
2019-12-02 00:00:00+00:00,-9.4486592027481,-9.621502594157173,0.17284339140907257,0.17284339140907257,0.02987483795378986,0.20114800077585748,0.1827867511589556,0.018361249616901887
2019-12-03 00:00:00+00:00,-9.321268539935176,-9.489498071304222,0.16822953136904673,0.16822953136904673,0.028301175224649075,0.12739066281292466,0.1320045228529505,-0.004613860040025841
2019-12-04 00:00:00+00:00,-9.40059241201548,-9.585954032248186,0.18536162023270641,0.18536162023270641,0.03435893025529407,-0.07932387208030356,-0.09645596094396325,0.01713208886365969
2019-12-05 00:00:00+00:00,-9.444231770162164,-9.608331858756342,0.16410008859417857,0.16410008859417857,0.026928839076617257,-0.043639358146684515,-0.022377826508156673,-0.021261531638527842
2019-12-06 00:00:00+00:00,-9.598944802734966,-9.761850512789788,0.16290571005482235,0.16290571005482235,0.026538270368465847,-0.15471303257280233,-0.1535186540334461,-0.0011943785393562223
2019-12-09 00:00:00+00:00,-9.50533313508688,-9.6878493830131,0.18251624792621968,0.18251624792621968,0.03331218075706529,0.09361166764808537,0.07400112977668805,0.019610537871397327
2019-12-10 00:00:00+00:00,-9.492657017332531,-9.655511915315785,0.16285489798325337,0.16285489798325337,0.02652171779713586,0.012676117754349292,0.0323374676973156,-0.01966134994296631
2019-12-11 00:00:00+00:00,-9.55517839213381,-9.69682964247174,0.14165125033793124,0.14165125033793124,0.020065076722299267,-0.06252137480127828,-0.04131772715595616,-0.02120364764532212
2019-12-12 00:00:00+00:00,-9.627429674893332,-9.846417723250054,0.2189880483567226,0.2189880483567226,0.04795576532308627,-0.07225128275952208,-0.14958808077831343,0.07733679801879134
2019-12-13 00:00:00+00:00,-9.683532438836986,-9.8439767835978,0.1604443447608137,0.1604443447608137,0.02574238776572685,-0.05610276394365421,0.00244093965225467,-0.05854370359590888
2019-12-16 00:00:00+00:00,-9.79974198967229,-9.967832695744068,0.16809070607177823,0.16809070607177823,0.028254485467708944,-0.11620955083530404,-0.12385591214626857,0.007646361310964522
2019-12-17 00:00:00+00:00,-9.785386754153087,-9.955490543732274,0.17010378957918704,0.17010378957918704,0.02893529922920034,0.01435523551920248,0.012342152011793672,0.0020130835074088083
2019-12-18 00:00:00+00:00,-9.793929895539089,-9.940027356082965,0.14609746054387607,0.14609746054387607,0.021344467977369424,-0.008543141386001096,0.015463187649309873,-0.02400632903531097
2019-12-19 00:00:00+00:00,-9.870924292661618,-10.010267955225626,0.13934366256400743,0.13934366256400743,0.019416656296751968,-0.07699439712252953,-0.0702405991426609,-0.0067537979798686365
2019-12-20 00:00:00+00:00,-9.848207726028557,-10.088364733534789,0.24015700750623203,0.24015700750623203,0.05767538825434839,0.02271656663306132,-0.07809677830916328,0.1008133449422246
2019-12-23 00:00:00+00:00,-9.853329259117176,-10.103567848589131,0.2502385894719552,0.2502385894719552,0.06261935166091373,-0.005121533088619401,-0.015203115054342575,0.010081581965723174
2019-12-24 00:00:00+00:00,-9.821459038048667,-10.08433055225852,0.2628715142098521,0.2628715142098521,0.06910143298298048,0.0318702210685089,0.019237296330611997,0.0126329247378969
2019-12-26 00:00:00+00:00,-9.922848326465031,-10.185701394723058,0.26285306825802657,0.26285306825802657,0.06909173549265878,-0.10138928841636385,-0.10137084246453831,-1.8445951825540874e-05
2019-12-27 00:00:00+00:00,-9.870718454424471,-10.15799423295068,0.2872757785262081,0.2872757785262081,0.08252737292783897,0.05212987204055963,0.027707161772378086,0.024422710268181547
2019-12-30 00:00:00+00:00,-9.767443678030352,-10.00624824944862,0.2388045714182674,0.2388045714182674,0.057027623330262366,0.10327477639411953,0.15174598350206026,-0.04847120710794073
2019-12-31 00:00:00+00:00,-9.819187156173646,-10.04153972559297,0.2223525694193249,0.2223525694193249,0.0494406651273757,-0.05174347814329394,-0.035291476144351464,-0.016452001998942478
2020-01-02 00:00:00+00:00,-9.986681740285734,-10.230459542138911,0.24377780185317732,0.24377780185317732,0.059427616676366986,-0.16749458411208806,-0.18891981654594048,0.021425232433852415
2020-01-03 00:00:00+00:00,-9.790864097772005,-10.02153970029753,0.2306756025255261,0.2306756025255261,0.0532112336005145,0.19581764251372924,0.20891984184138046,-0.01310219932765122
2020-01-06 00:00:00+00:00,-9.81493854264956,-10.0874112312461,0.2724726885965403,0.2724726885965403,0.07424136603102721,-0.024074444877555834,-0.06587153094857001,0.04179708607101418
2020-01-07 00:00:00+00:00,-9.543236432540398,-10.00358001172156,0.46034357918116164,0.46034357918116164,0.21191621089332244,0.2717021101091621,0.08383121952454076,0.18787089058462136
2020-01-08 00:00:00+00:00,-9.867405659471697,-10.102071755713236,0.2346660962415399,0.2346660962415399,0.05506817672524366,-0.3241692269312981,-0.09849174399167637,-0.22567748293962175
2020-01-09 00:00:00+00:00,-9.96499579998014,-10.237417583027163,0.27242178304702236,0.27242178304702236,0.07421362787851891,-0.09759014050844428,-0.13534582731392675,0.03775568680548247
2020-01-10 00:00:00+00:00,-9.850382720045122,-10.14365326387998,0.29327054383485773,0.29327054383485773,0.08600761188119321,0.1146130799350189,0.09376431914718353,0.020848760787835374
2020-01-13 00:00:00+00:00,-10.022223270722606,-10.283571577645867,0.26134830692326183,0.26134830692326183,0.06830293753165546,-0.1718405506774836,-0.1399183137658877,-0.0319222369115959
2020-01-14 00:00:00+00:00,-9.90042280625229,-10.221194599841793,0.32077179358950225,0.32077179358950225,0.10289454356262624,0.121800464470315,0.062376977804074585,0.05942348666624042
2020-01-15 00:00:00+00:00,-10.00334127890442,-10.253648973580676,0.25030769467625547,0.25030769467625547,0.06265394201414153,-0.10291847265212972,-0.032454373738882936,-0.07046409891324679
2020-01-16 00:00:00+00:00,-10.150435998369378,-10.435529603939072,0.28509360556969376,0.28509360556969376,0.08127836393672812,-0.1470947194649579,-0.1818806303583962,0.0347859108934383
2020-01-17 00:00:00+00:00,-10.16322837802714,-10.492142441810476,0.3289140637833352,0.3289140637833352,0.1081844613544679,-0.012792379657762254,-0.0566128378714037,0.043820458213641444
2020-01-21 00:00:00+00:00,-10.171287130284073,-10.408436714397345,0.23714958411327203,0.23714958411327203,0.05623992524509788,-0.008058752256932422,0.08370572741313076,-0.09176447967006318
2020-01-22 00:00:00+00:00,-10.045833311896777,-10.384681344740772,0.3388480328439947,0.3388480328439947,0.1148179893622449,0.12545381838729597,0.023755369656573322,0.10169844873072265
2020-01-23 00:00:00+00:00,-10.135684878672343,-10.388578292588289,0.25289341391594533,0.25289341391594533,0.06395507880206165,-0.08985156677556638,-0.0038969478475170405,-0.08595461892804934
2020-01-24 00:00:00+00:00,-9.810504790751208,-10.125459385885383,0.314954595134175,0.314954595134175,0.0991963969961321,0.32518008792113484,0.26311890670290516,0.06206118121822968
2020-01-27 00:00:00+00:00,-9.51152965624394,-9.729423523083856,0.21789386683991552,0.21789386683991552,0.047477737206450835,0.298975134507268,0.39603586280152747,-0.09706072829425949
2020-01-28 00:00:00+00:00,-9.66196313532534,-9.916201869152175,0.2542387338268348,0.2542387338268348,0.06463733377787216,-0.15043347908139992,-0.18677834606831922,0.0363448669869193
2020-01-29 00:00:00+00:00,-9.643578171094733,-9.882904670157783,0.2393264990630506,0.2393264990630506,0.05727717315377635,0.018384964230607537,0.03329719899439176,-0.014912234763784227
2020-01-30 00:00:00+00:00,-9.723033766137585,-9.934364038131411,0.2113302719938268,0.2113302719938268,0.04466048386098482,-0.07945559504285171,-0.051459367973627934,-0.027996227069223778
2020-01-31 00:00:00+00:00,-9.318145169903843,-9.530632120996636,0.21248695109279225,0.21248695109279225,0.04515070438471069,0.4048885962337412,0.40373191713477574,0.0011566790989654407
2020-02-03 00:00:00+00:00,-9.388127291575744,-9.650115941483568,0.2619886499078241,0.2619886499078241,0.06863805268052443,-0.06998212167190054,-0.1194838204869324,0.04950169881503186
2020-02-04 00:00:00+00:00,-9.66494934465012,-9.91703043858707,0.25208109393694933,0.25208109393694933,0.06354487792044908,-0.27682205307437613,-0.26691449710350135,-0.009907555970874782
2020-02-05 00:00:00+00:00,-9.894068037154298,-10.141670899181614,0.24760286202731585,0.24760286202731585,0.06130717728411801,-0.22911869250417816,-0.22464046059454468,-0.004478231909633479
2020-02-06 00:00:00+00:00,-9.976495120226684,-10.19958952596642,0.2230944057397366,0.2230944057397366,0.04977111387236622,-0.08242708307238544,-0.05791862678480619,-0.02450845628757925
2020-02-07 00:00:00+00:00,-9.769090151616249,-10.04863089210604,0.27954074048979116,0.27954074048979116,0.07814302559358077,0.2074049686104349,0.15095863386038033,0.05644633475005456
2020-02-10 00:00:00+00:00,-9.83329153503476,-10.196277412312854,0.36298587727809384,0.36298587727809384,0.1317587471033474,-0.06420138341851178,-0.14764652020681446,0.08344513678830268
2020-02-11 00:00:00+00:00,-9.987403954421715,-10.21595472513746,0.22855077071574392,0.22855077071574392,0.05223545479476055,-0.15411241938695497,-0.019677312824605053,-0.13443510656234992
2020-02-12 00:00:00+00:00,-10.003338012729326,-10.349629117668096,0.3462911049387696,0.3462911049387696,0.11991752935971392,-0.015934058307610854,-0.1336743925306365,0.11774033422302566
2020-02-13 00:00:00+00:00,-10.044444923461802,-10.296328670655663,0.25188374719386175,0.25188374719386175,0.06344542210042126,-0.0411069107324753,0.05330044701243253,-0.09440735774490783
2020-02-14 00:00:00+00:00,-10.065720934317486,-10.312519513087112,0.24679857876962608,0.24679857876962608,0.060909538482707325,-0.021276010855684646,-0.01619084243144897,-0.005085168424235675
2020-02-18 00:00:00+00:00,-10.027651168586267,-10.222015725658784,0.19436455707251632,0.19436455707251632,0.037777581045995455,0.03806976573121901,0.09050378742832876,-0.052434021697109756
2020-02-19 00:00:00+00:00,-10.10411042626921,-10.315729773948096,0.21161934767888546,0.21161934767888546,0.044782748312037005,-0.07645925768294326,-0.0937140482893124,0.01725479060636914
2020-02-20 00:00:00+00:00,-9.808665001677555,-10.18580112715414,0.3771361254765839,0.3771361254765839,0.14223165713948965,0.2954454245916551,0.12992864679395666,0.16551677779769847
2020-02-21 00:00:00+00:00,-9.685995074866788,-9.916087527441867,0.2300924525750787,0.2300924525750787,0.05294253673201484,0.12266992681076694,0.26971359971227216,-0.14704367290150522
2020-02-24 00:00:00+00:00,-9.078422043798238,-9.193552550722629,0.11513050692439109,0.11513050692439109,0.013255033624667263,0.6075730310685508,0.7225349767192384,-0.11496194565068762
2020-02-25 00:00:00+00:00,-8.661424340007319,-8.740550836471725,0.07912649646440606,0.07912649646440606,0.006261002442731665,0.41699770379091916,0.4530017142509042,-0.036004010459985025
2020-02-26 00:00:00+00:00,-8.482572776815136,-8.701728118671825,0.2191553418566894,0.2191553418566894,0.048029063864322395,0.17885156319218254,0.03882271779989921,0.14002884539228333
2020-02-27 00:00:00+00:00,-7.996782197836285,-8.179828655665911,0.1830464578296267,0.1830464578296267,0.0335060057239733,0.48579057897885125,0.5218994630059139,-0.03610888402706269
2020-02-28 00:00:00+00:00,-8.069482230183466,-8.154399974482176,0.08491774429871057,0.08491774429871057,0.007211023296781192,-0.07270003234718114,0.02542868118373498,-0.09812871353091612
2020-03-02 00:00:00+00:00,-8.377731243234232,-8.536811585690096,0.159080342455864,0.159080342455864,0.025306555355874966,-0.3082490130507658,-0.3824116112079192,0.07416259815715343
2020-03-03 00:00:00+00:00,-8.067202739077198,-8.237128388139656,0.1699256490624581,0.1699256490624581,0.02887472620929767,0.31052850415703404,0.29968319755043993,0.010845306606594107
2020-03-04 00:00:00+00:00,-8.427420510238845,-8.622910595765616,0.19549008552677094,0.19549008552677094,0.038216373539264215,-0.360217771161647,-0.3857822076259598,0.025564436464312834
2020-03-05 00:00:00+00:00,-8.153070944066844,-8.256207575677953,0.10313663161110931,0.10313663161110931,0.010637164780085672,0.2743495661720008,0.3667030200876624,-0.09235345391566163
2020-03-06 00:00:00+00:00,-7.932160082373199,-8.113897393200425,0.18173731082722622,0.18173731082722622,0.03302845014671184,0.22091086169364527,0.14231018247752836,0.07860067921611691
2020-03-09 00:00:00+00:00,-7.498608681174075,-7.43047196015937,-0.06813672101470569,0.06813672101470569,0.004642612750635836,0.4335514011991233,0.6834254330410552,-0.2498740318419319
2020-03-10 00:00:00+00:00,-7.593147069515045,-7.758601349237973,0.16545427972292792,0.16545427972292792,0.027375118678632876,-0.09453838834097006,-0.3281293890786037,0.23359100073763361
2020-03-11 00:00:00+00:00,-7.418092330747501,-7.41686822663308,-0.0012241041144207543,0.0012241041144207543,1.498430882941819e-06,0.1750547387675443,0.34173312260489297,-0.16667838383734868
2020-03-12 00:00:00+00:00,-6.665436091806819,-6.828543954141725,0.1631078623349067,0.1631078623349067,0.026604174755462878,0.7526562389406823,0.5883242724913549,0.16433196644932746
2020-03-13 00:00:00+00:00,-7.12951302584198,-7.226165155272224,0.09665212943024404,0.09665212943024404,0.009341634123400645,-0.4640769340351616,-0.3976212011304989,-0.06645573290466267
2020-03-16 00:00:00+00:00,-6.622123281281312,-6.61051357824012,-0.011609703041192354,0.011609703041192354,0.000134785204704671,0.5073897445606681,0.6156515770321045,-0.10826183247143639
2020-03-17 00:00:00+00:00,-6.62037694580815,-6.852709859565498,0.23233291375734755,0.23233291375734755,0.053978582814979095,0.0017463354731619418,-0.24219628132537796,0.2439426167985399
2020-03-18 00:00:00+00:00,-6.715508937585226,-6.641429783223192,-0.0740791543620345,0.0740791543620345,0.005487721110994134,-0.09513199177707587,0.21128007634230617,-0.30641206811938204
2020-03-19 00:00:00+00:00,-6.580814746829813,-6.678712154465212,0.09789740763539889,0.09789740763539889,0.009583902421731457,0.1346941907554129,-0.037282371242020496,0.17197656199743339
2020-03-20 00:00:00+00:00,-6.420901410101268,-6.5219993371567,0.10109792705543175,0.10109792705543175,0.010220790854905399,0.15991333672854502,0.15671281730851216,0.0032005194200328546
2020-03-23 00:00:00+00:00,-6.4468018476707565,-6.451089787480348,0.004287939809591634,0.004287939809591634,1.838642781068074e-05,-0.025900437569488233,0.07090954967635188,-0.09680998724584011
2020-03-24 00:00:00+00:00,-6.774779876079528,-6.806544292108006,0.03176441602847824,0.03176441602847824,0.0010089781256302451,-0.3279780284087712,-0.3554545046276578,0.027476476218886603
2020-03-25 00:00:00+00:00,-6.89759287244144,-6.89994514260525,0.0023522701638096777,0.0023522701638096777,5.533174923549208e-06,-0.12281299636191267,-0.09340085049724411,-0.02941214586466856
2020-03-26 00:00:00+00:00,-7.258547296293355,-7.1918244803366775,-0.06672281595667773,0.06672281595667773,0.004451934169188688,-0.3609544238519149,-0.2918793377314275,-0.0690750861204874
2020-03-27 00:00:00+00:00,-7.033098793925254,-7.0511442262806,0.01804543235534606,0.01804543235534606,0.0003256376288913704,0.225448502368101,0.1406802540560772,0.08476824831202379
2020-03-30 00:00:00+00:00,-7.260948365376212,-7.237053324979732,-0.023895040396479494,0.023895040396479494,0.0005709729555493869,-0.22784957145095763,-0.18590909869913208,-0.04194047275182555
2020-03-31 00:00:00+00:00,-7.224785501705558,-7.176480742786067,-0.04830475891949071,0.04830475891949071,0.002333349734270117,0.03616286367065413,0.06057258219366535,-0.024409718523011215
2020-04-01 00:00:00+00:00,-6.9755215334797445,-6.952230842086867,-0.023290691392877427,0.023290691392877427,0.0005424563055582547,0.24926396822581331,0.22424990069920003,0.02501406752661328
2020-04-02 00:00:00+00:00,-7.077359245473799,-7.087422536689705,0.010063291215906212,0.010063291215906212,0.00010126983009613512,-0.10183771199405456,-0.1351916946028382,0.03335398260878364
2020-04-03 00:00:00+00:00,-7.052659041696481,-7.036704869129297,-0.015954172567184344,0.015954172567184344,0.0002545356223034975,0.024700203777317853,0.05071766756040841,-0.026017463783090555
2020-04-06 00:00:00+00:00,-7.473565080760886,-7.387303053195495,-0.08626202756539048,0.08626202756539048,0.007441137399692186,-0.4209060390644046,-0.35059818406619847,-0.07030785499820613
2020-04-07 00:00:00+00:00,-7.464059956113257,-7.414393475779202,-0.04966648033405452,0.04966648033405452,0.0024667592687730245,0.009505124647628982,-0.027090422583706975,0.036595547231335956
2020-04-08 00:00:00+00:00,-7.73294865744522,-7.634808625011781,-0.09814003243343983,0.09814003243343983,0.009631465966036621,-0.26888870133196363,-0.22041514923257832,-0.04847355209938531
2020-04-09 00:00:00+00:00,-7.865087454625386,-7.75501217164704,-0.11007528297834579,0.11007528297834579,0.012116567922762903,-0.13213879718016575,-0.12020354663525978,-0.011935250544905962
2020-04-13 00:00:00+00:00,-7.82666241980279,-7.7062379225741555,-0.12042449722863413,0.12042449722863413,0.014502059532769309,0.038425034822596515,0.04877424907288486,-0.010349214250288341
2020-04-14 00:00:00+00:00,-8.02787475284301,-7.926939085532927,-0.10093566731008252,0.10093566731008252,0.010188008935331661,-0.20121233304022024,-0.22070116295877185,0.01948882991855161
2020-04-15 00:00:00+00:00,-7.79796134326486,-7.77429852613353,-0.02366281713133045,0.02366281713133045,0.0005599289145907858,0.22991340957814987,0.1526405593993978,0.07727285017875207
2020-04-16 00:00:00+00:00,-8.151218395781402,-7.825806327901631,-0.32541206787977117,0.32541206787977117,0.1058930139217888,-0.3532570525165424,-0.05150780176810166,-0.3017492507484407
2020-04-17 00:00:00+00:00,-8.13701435437499,-8.039682533692064,-0.09733182068292656,0.09733182068292656,0.00947348331745337,0.01420404140641196,-0.21387620579043265,0.2280802471968446
2020-04-20 00:00:00+00:00,-8.090813399410253,-7.906576191847085,-0.18423720756316797,0.18423720756316797,0.03394334865067384,0.046200954964737306,0.13310634184497872,-0.08690538688024141
2020-04-21 00:00:00+00:00,-7.762292096640188,-7.683604363816859,-0.07868773282332864,0.07868773282332864,0.006191759296875551,0.3285213027700653,0.22297182803022597,0.10554947473983933
2020-04-22 00:00:00+00:00,-7.88882276661088,-7.853107704686544,-0.0357150619243356,0.0357150619243356,0.0012755656482591265,-0.12653066997069207,-0.1695033408696851,0.04297267089899304
2020-04-23 00:00:00+00:00,-7.88348550927553,-7.868353316897823,-0.015132192377707021,0.015132192377707021,0.00022898324615593446,0.005337257335350287,-0.015245612211278292,0.02058286954662858
2020-04-24 00:00:00+00:00,-8.075904928247162,-7.988847464744714,-0.08705746350244858,0.08705746350244858,0.007579001951480167,-0.19241941897163262,-0.12049414784689105,-0.07192527112474156
2020-04-27 00:00:00+00:00,-8.210198846795386,-8.118182742522755,-0.09201610427263063,0.09201610427263063,0.008466963445511632,-0.1342939185482237,-0.12933527777804166,-0.004958640770182043
2020-04-28 00:00:00+00:00,-8.237391600706246,-8.091221204499721,-0.14617039620652506,0.14617039620652506,0.021365784727172515,-0.02719275391086029,0.026961538023034137,-0.05415429193389443
2020-04-29 00:00:00+00:00,-8.501753566370835,-8.322876622645511,-0.17887694372532437,0.17887694372532437,0.03199696099651286,-0.26436196566458925,-0.23165541814578994,-0.03270654751879931
2020-04-30 00:00:00+00:00,-8.298266606779682,-8.244017029976233,-0.054249576803449884,0.054249576803449884,0.002943016583353408,0.20348695959115304,0.07885959266927856,0.12462736692187448
2020-05-01 00:00:00+00:00,-8.074433214834366,-8.010004872666817,-0.06442834216754889,0.06442834216754889,0.004151011274458758,0.22383339194531615,0.23401215730941516,-0.010178765364099007
2020-05-04 00:00:00+00:00,-8.115018042737386,-8.046306441429053,-0.06871160130833331,0.06871160130833331,0.004721284154355352,-0.04058482790301987,-0.03630156876223545,-0.004283259140784423
2020-05-05 00:00:00+00:00,-8.244085146136744,-8.135903392815969,-0.10818175332077473,0.10818175332077473,0.011703291751556955,-0.12906710339935756,-0.08959695138691615,-0.03947015201244142
2020-05-06 00:00:00+00:00,-8.140243804684381,-8.089399731912902,-0.050844072771479176,0.050844072771479176,0.0025851197359914703,0.10384134145236246,0.0465036609030669,0.057337680549295555
2020-05-07 00:00:00+00:00,-8.346153560089135,-8.203772004928464,-0.14238155516067152,0.14238155516067152,0.020272507249971348,-0.20590975540475398,-0.11437227301556163,-0.09153748238919235
2020-05-08 00:00:00+00:00,-8.492627864995848,-8.362171382849331,-0.13045648214651706,0.13045648214651706,0.017018893734044523,-0.14647430490671276,-0.15839937792086722,0.011925073014154464
2020-05-11 00:00:00+00:00,-8.448688233250804,-8.373614295945554,-0.07507393730525003,0.07507393730525003,0.005636096062512612,0.04393963174504378,-0.01144291309622325,0.055382544841267034
2020-05-12 00:00:00+00:00,-8.127700074480998,-8.186858053516419,0.05915797903542064,0.05915797903542064,0.0034996664835552677,0.320988158769806,0.18675624242913536,0.13423191634067067
2020-05-13 00:00:00+00:00,-8.099508046041318,-8.040187399935789,-0.05932064610552956,0.05932064610552956,0.0035189390543774795,0.028192028439679717,0.14667065358062992,-0.1184786251409502
2020-05-14 00:00:00+00:00,-8.23340208513623,-8.15190490083925,-0.08149718429698005,0.08149718429698005,0.006641791048335932,-0.13389403909491193,-0.11171750090346144,-0.02217653819145049
2020-05-15 00:00:00+00:00,-8.247666246942797,-8.204075595924541,-0.04359065101825621,0.04359065101825621,0.0019001448561954011,-0.014264161806567088,-0.05217069508529093,0.03790653327872384
2020-05-18 00:00:00+00:00,-8.592992629732478,-8.48419117477024,-0.10880145496223825,0.10880145496223825,0.011837756601899958,-0.34532638278968086,-0.2801155788456988,-0.06521080394398204
2020-05-19 00:00:00+00:00,-8.488412047756022,-8.38579931533721,-0.10261273241881241,0.10261273241881241,0.010529372854454795,0.1045805819764567,0.09839185943303086,0.00618872254342584
2020-05-20 00:00:00+00:00,-8.646104053992278,-8.5599977843314,-0.08610626966087764,0.08610626966087764,0.007414289674911778,-0.1576920062362568,-0.17419846899419156,0.01650646275793477
2020-05-21 00:00:00+00:00,-8.60057416675095,-8.492775796388543,-0.10779837036240814,0.10779837036240814,0.011620488652790913,0.04552988724132767,0.06722198794285816,-0.021692100701530492
2020-05-22 00:00:00+00:00,-8.625384281274748,-8.520094767605185,-0.10528951366956285,0.10528951366956285,0.011085881688773062,-0.02481011452379711,-0.027318971216642396,0.002508856692845285
2020-05-26 00:00:00+00:00,-8.774707332645685,-8.65568749365979,-0.11901983898589386,0.11901983898589386,0.014165722072228099,-0.1493230513709367,-0.1355927260546057,-0.013730325316331005
2020-05-27 00:00:00+00:00,-8.99811505532111,-8.826602331557588,-0.1715127237635219,0.1715127237635219,0.029416614412782167,-0.2234077226754252,-0.17091483789779716,-0.052492884777628035
2020-05-28 00:00:00+00:00,-8.917772944380312,-8.807063390299001,-0.11070955408131056,0.11070955408131056,0.012256605364882628,0.0803421109407978,0.019538941258586462,0.06080316968221133
2020-05-29 00:00:00+00:00,-9.057331441821129,-8.864025509722767,-0.19330593209836167,0.19330593209836167,0.037367183384416414,-0.1395584974408166,-0.0569621194237655,-0.08259637801705111
2020-06-01 00:00:00+00:00,-8.97195639475761,-8.916568584734913,-0.05538781002269744,0.05538781002269744,0.0030678094991104226,0.0853750470635184,-0.052543075012145835,0.13791812207566423
2020-06-02 00:00:00+00:00,-9.189852308809346,-9.023350869932868,-0.1665014388764785,0.1665014388764785,0.027722729147937705,-0.21789591405173603,-0.10678228519795496,-0.11111362885378107
2020-06-03 00:00:00+00:00,-9.377280234067143,-9.201120258400078,-0.17615997566706554,0.17615997566706554,0.03103233702702112,-0.18742792525779706,-0.17776938846721002,-0.009658536790587036
2020-06-04 00:00:00+00:00,-9.288724680693877,-9.159628904710791,-0.1290957759830853,0.1290957759830853,0.016665719376674944,0.0885555533732667,0.04149135368928647,0.047064199683980235
2020-06-05 00:00:00+00:00,-9.690173420356516,-9.521575058529123,-0.1685983618273923,0.1685983618273923,0.02842540761088029,-0.40144873966263894,-0.36194615381833195,-0.03950258584430699
2020-06-08 00:00:00+00:00,-9.909373904460786,-9.72010616112069,-0.18926774334009622,0.18926774334009622,0.035822278669052535,-0.2192004841042703,-0.19853110259156637,-0.02066938151270392
2020-06-09 00:00:00+00:00,-9.848595738319668,-9.565768011637402,-0.28282772668226563,0.28282772668226563,0.07999152298025836,0.06077816614111775,0.15433814948328717,-0.09355998334216942
2020-06-10 00:00:00+00:00,-9.470732308008396,-9.458077856035093,-0.012654451973302727,0.012654451973302727,0.0001601351547446253,0.37786343031127245,0.10769015560230955,0.2701732747089629
2020-06-11 00:00:00+00:00,-8.657842231156858,-8.459994724157754,-0.19784750699910347,0.19784750699910347,0.0391436360257603,0.8128900768515379,0.9980831318773387,-0.18519305502580075
2020-06-12 00:00:00+00:00,-8.698551096270194,-8.58916631387491,-0.10938478239528315,0.10938478239528315,0.011965030619663447,-0.040708865113336046,-0.12917158971715637,0.08846272460382032
2020-06-15 00:00:00+00:00,-8.953746222157267,-8.696273687933965,-0.25747253422330196,0.25747253422330196,0.0662921058793694,-0.2551951258870737,-0.1071073740590549,-0.1480877518280188
2020-06-16 00:00:00+00:00,-9.121060081725012,-8.919082653896584,-0.2019774278284281,0.2019774278284281,0.04079488135218788,-0.16731385956774503,-0.2228089659626189,0.05549510639487387
2020-06-17 00:00:00+00:00,-8.951403300000063,-8.867528845230769,-0.083874454769294,0.083874454769294,0.0070349241628463455,0.16965678172494947,0.05155380866581538,0.11810297305913409
2020-06-18 00:00:00+00:00,-9.063620979313804,-8.874693682807083,-0.18892729650672102,0.18892729650672102,0.03569352336533848,-0.1122176793137406,-0.007164837576313587,-0.10505284173742702
2020-06-19 00:00:00+00:00,-8.858770142660934,-8.805371800152436,-0.05339834250849762,0.05339834250849762,0.002851382982654824,0.20485083665287007,0.06932188265464667,0.1355289539982234
2020-06-22 00:00:00+00:00,-9.01829389241752,-8.88583207930219,-0.132461813115329,0.132461813115329,0.01754613193380035,-0.1595237497565858,-0.0804602791497544,-0.07906347060683139
2020-06-23 00:00:00+00:00,-8.964542784868582,-8.945616506659093,-0.018926278209489666,0.018926278209489666,0.00035820400686300337,0.05375110754893697,-0.05978442735690237,0.11353553490583934
2020-06-24 00:00:00+00:00,-8.623952151041447,-8.612499086706844,-0.011453064334602914,0.011453064334602914,0.00013117268265255328,0.3405906338271354,0.33311741995224864,0.007473213874886753
2020-06-25 00:00:00+00:00,-8.769457381052993,-8.735488368256206,-0.03396901279678666,0.03396901279678666,0.0011538938303882558,-0.1455052300115458,-0.12298928154936206,-0.022515948462183744
2020-06-26 00:00:00+00:00,-8.480736237294515,-8.4596161410388,-0.021120096255714316,0.021120096255714316,0.00044605846585063784,0.2887211437584778,0.27587222721740545,0.012848916541072342
2020-06-29 00:00:00+00:00,-8.610311405548897,-8.61607151116204,0.005760105613143551,0.005760105613143551,3.317881667456785e-05,-0.12957516825438198,-0.15645537012323985,0.026880201868857867
2020-06-30 00:00:00+00:00,-8.792630991709666,-8.761898128605193,-0.03073286310447365,0.03073286310447365,0.0009445088745983179,-0.18231958616076938,-0.14582661744315217,-0.0364929687176172
2020-07-01 00:00:00+00:00,-8.882785003776643,-8.848262974728534,-0.03452202904810875,0.03452202904810875,0.0011917704895984642,-0.09015401206697682,-0.08636484612334172,-0.0037891659436350977
2020-07-02 00:00:00+00:00,-8.991239748381457,-8.918623293531594,-0.07261645484986268,0.07261645484986268,0.0052731495149621445,-0.10845474460481341,-0.07036031880305949,-0.03809442580175393
2020-07-06 00:00:00+00:00,-9.215254219568708,-9.115782737898614,-0.09947148167009345,0.09947148167009345,0.009894575665643737,-0.22401447118725137,-0.1971594443670206,-0.026855026820230776
2020-07-07 00:00:00+00:00,-9.029862487188046,-8.96835417645097,-0.06150831073707508,0.06150831073707508,0.003783272289728585,0.18539173238066198,0.1474285614476436,0.037963170933018375
2020-07-08 00:00:00+00:00,-9.152948187657014,-9.068898998152765,-0.084049189504249,0.084049189504249,0.00706426625632116,-0.12308570046896783,-0.10054482170179391,-0.022540878767173922
2020-07-09 00:00:00+00:00,-8.980912401128318,-8.989640695578009,0.008728294449690921,0.008728294449690921,7.618312400050534e-05,0.17203578652869567,0.07925830257475575,0.09277748395393992
2020-07-10 00:00:00+00:00,-9.17949754693672,-9.12449064250468,-0.05500690443203915,0.05500690443203915,0.0030257595351954884,-0.19858514580840136,-0.1348499469266713,-0.06373519888173007
2020-07-13 00:00:00+00:00,-9.064544731252449,-8.999905963269834,-0.06463876798261481,0.06463876798261481,0.00417817032631031,0.11495281568427096,0.12458467923484662,-0.009631863550575659
2020-07-14 00:00:00+00:00,-9.3171129454924,-9.171402416682662,-0.14571052880973845,0.14571052880973845,0.021231558206013617,-0.2525682142399521,-0.1714964534128285,-0.08107176082712364
2020-07-15 00:00:00+00:00,-9.35298753581684,-9.301385538594843,-0.05160199722199721,0.05160199722199721,0.0026627661172990078,-0.03587459032443974,-0.12998312191218098,0.09410853158774124
2020-07-16 00:00:00+00:00,-9.268689563087344,-9.24593051491441,-0.022759048172934726,0.022759048172934726,0.0005179742737379635,0.08429797272949635,0.05545502368043387,0.028842949049062483
2020-07-17 00:00:00+00:00,-9.3342766755492,-9.285809184434004,-0.048467491115195216,0.048467491115195216,0.0023490976950015273,-0.06558711246185567,-0.03987866951959518,-0.02570844294226049
2020-07-20 00:00:00+00:00,-9.46419481218644,-9.404841743295531,-0.059353068890908744,0.059353068890908744,0.0035227867867689594,-0.12991813663724017,-0.11903255886152664,-0.010885577775713529
2020-07-21 00:00:00+00:00,-9.52667445431158,-9.43306961063908,-0.09360484367249988,0.09360484367249988,0.008761866758953142,-0.062479642125140344,-0.028227867343549207,-0.03425177478159114
2020-07-22 00:00:00+00:00,-9.540037572868115,-9.5198189290063,-0.020218643861815266,0.020218643861815266,0.00040879355961092017,-0.01336311855653527,-0.08674931836721989,0.07338619981068462
2020-07-23 00:00:00+00:00,-9.374817618706905,-9.304921208997046,-0.06989640970985889,0.06989640970985889,0.004885508090328456,0.16521995416121094,0.21489772000925456,-0.04967776584804362
2020-07-24 00:00:00+00:00,-9.19995787358108,-9.200411016037346,0.00045314245626570937,0.00045314245626570937,2.0533808567052033e-07,0.1748597451258238,0.10451019295969921,0.0703495521661246
2020-07-27 00:00:00+00:00,-9.361156357433169,-9.304249378243684,-0.05690697918948473,0.05690697918948473,0.003238404280472448,-0.1611984838520879,-0.10383836220633746,-0.05736012164575044
2020-07-28 00:00:00+00:00,-9.252210140533773,-9.201303414747294,-0.05090672578647926,0.05090672578647926,0.002591494730299792,0.10894621689939576,0.10294596349639029,0.006000253403005473
2020-07-29 00:00:00+00:00,-9.361319811308071,-9.378003821800558,0.01668401049248658,0.01668401049248658,0.00027835620611340223,-0.10910967077429845,-0.17670040705326429,0.06759073627896584
2020-07-30 00:00:00+00:00,-9.500895190247604,-9.314838935039369,-0.18605625520823565,0.18605625520823565,0.034616930102112115,-0.13957537893953287,0.06316488676118936,-0.20274026570072223
2020-07-31 00:00:00+00:00,-9.485582115574717,-9.43241197474982,-0.05317014082489635,0.05317014082489635,0.0028270638753393096,0.015313074672887339,-0.11757303971045197,0.1328861143833393
2020-08-03 00:00:00+00:00,-9.591966873447811,-9.539767219597982,-0.052199653849829275,0.052199653849829275,0.0027248038620419964,-0.10638475787309432,-0.10735524484816139,0.0009704869750670753
2020-08-04 00:00:00+00:00,-9.648519318956064,-9.59804471851714,-0.050474600438922934,0.050474600438922934,0.0025476852894689194,-0.05655244550825245,-0.05827749891915879,0.001725053410906341
2020-08-05 00:00:00+00:00,-9.755335389236448,-9.699020774135304,-0.05631461510114377,0.05631461510114377,0.00317133587398997,-0.10681607028038442,-0.10097605561816358,-0.005840014662220838
2020-08-06 00:00:00+00:00,-9.875706524757533,-9.812646616519425,-0.06305990823810781,0.06305990823810781,0.003976552026998577,-0.12037113552108458,-0.11362584238412055,-0.006745293136964037
2020-08-07 00:00:00+00:00,-9.8756690125743,-9.813028229822503,-0.06264078275179585,0.06264078275179585,0.003923867663757685,3.751218323344574e-05,-0.0003816133030785096,0.00041912548631195534
2020-08-10 00:00:00+00:00,-9.91807129904528,-9.858531006708336,-0.059540292336944134,0.059540292336944134,0.0035450464115687683,-0.04240228647098121,-0.04550277688583293,0.00310049041485172
2020-08-11 00:00:00+00:00,-9.765459442936915,-9.674966102609895,-0.09049334032702028,0.09049334032702028,0.008189044643541914,0.15261185610836492,0.18356490409844106,-0.030953047990076143
2020-08-12 00:00:00+00:00,-9.984611611228152,-9.921067184712216,-0.06354442651593573,0.06354442651593573,0.004037894141239155,-0.2191521682912363,-0.24610108210232085,0.02694891381108455
2020-08-13 00:00:00+00:00,-9.99970645740942,-9.866985835921382,-0.13272062148803876,0.13272062148803876,0.017614763368171256,-0.01509484618126855,0.05408134879083448,-0.06917619497210303
2020-08-14 00:00:00+00:00,-9.893483605917346,-9.852611999775265,-0.04087160614208152,0.04087160614208152,0.0016704881886334356,0.106222851492074,0.014373836146116759,0.09184901534595724
2020-08-17 00:00:00+00:00,-10.02324312965124,-9.902294642042364,-0.12094848760887622,0.12094848760887622,0.014628536654874486,-0.12975952373389354,-0.04968264226709884,-0.0800768814667947
2020-08-18 00:00:00+00:00,-10.019319045263112,-9.9314892238029,-0.08782982146021112,0.08782982146021112,0.007714077537732562,0.00392408438812808,-0.02919458176053702,0.0331186661486651
2020-08-19 00:00:00+00:00,-9.81409052733268,-9.827116007655496,0.013025480322815142,0.013025480322815142,0.00016966313764004445,0.20522851793043095,0.10437321614740469,0.10085530178302626
2020-08-20 00:00:00+00:00,-9.969184483332617,-9.875239729741184,-0.09394475359143328,0.09394475359143328,0.008825616727355117,-0.15509395599993603,-0.048123722085687604,-0.10697023391424842
2020-08-21 00:00:00+00:00,-9.991697856721713,-9.932779243678574,-0.05891861304313828,0.05891861304313828,0.003471402962927064,-0.022513373389095648,-0.05753951393739065,0.035026140548295004
2020-08-24 00:00:00+00:00,-10.233758707728672,-10.129419909255214,-0.10433879847345828,0.10433879847345828,0.01088658486688494,-0.2420608510069595,-0.1966406655766395,-0.045420185430320004
2020-08-25 00:00:00+00:00,-10.29720094753373,-10.19026466614388,-0.10693628138984934,0.10693628138984934,0.011435368277489038,-0.06344223980505781,-0.06084475688866675,-0.0025974829163910584
2020-08-26 00:00:00+00:00,-10.524277726965195,-10.407837327360207,-0.11644039960498809,0.11644039960498809,0.01355836666016931,-0.22707677943146543,-0.21757266121632668,-0.009504118215138746
2020-08-27 00:00:00+00:00,-10.622147147834504,-10.43928358278066,-0.18286356505384305,0.18286356505384305,0.033439083424201085,-0.0978694208693085,-0.03144625542045354,-0.06642316544885496
2020-08-28 00:00:00+00:00,-10.589409858100415,-10.586445960237011,-0.002963897863404341,0.002963897863404341,8.784690544692819e-06,0.03273728973408829,-0.1471623774563504,0.1798996671904387
2020-08-31 00:00:00+00:00,-10.5909339649323,-10.448929749417628,-0.1420042155146728,0.1420042155146728,0.02016519722393764,-0.001524106831885419,0.13751621081938303,-0.13904031765126845
2020-09-01 00:00:00+00:00,-10.905356920391029,-10.67682781880527,-0.22852910158575845,0.22852910158575845,0.05222555027159391,-0.31442295545872767,-0.227898069387642,-0.08652488607108566
2020-09-02 00:00:00+00:00,-11.366815861060628,-11.081914679182637,-0.2849011818779914,0.2849011818779914,0.08116868343547634,-0.46145894066959947,-0.4050868603773665,-0.05637208029223295
2020-09-03 00:00:00+00:00,-9.304289999374022,-9.727457188735062,0.42316718936104003,0.42316718936104003,0.1790704701517223,2.0625258616866056,1.3544574904475741,0.7080683712390314
2020-09-04 00:00:00+00:00,-9.25783063751781,-9.558836065045965,0.30100542752815507,0.30100542752815507,0.09060426740140741,0.04645936185621302,0.16862112368909798,-0.12216176183288496
2020-09-08 00:00:00+00:00,-8.759542963549412,-9.063777350642315,0.30423438709290274,0.30423438709290274,0.09255856228979419,0.498287673968397,0.49505871440364935,0.0032289595647476688
2020-09-09 00:00:00+00:00,-9.090368454929845,-9.331415685422812,0.24104723049296695,0.24104723049296695,0.05810376732832953,-0.33082549138043227,-0.2676383347804965,-0.06318715659993579
2020-09-10 00:00:00+00:00,-8.816669096634946,-9.051898719341477,0.23522962270653025,0.23522962270653025,0.05533297539865657,0.27369935829489833,0.279516966081335,-0.005817607786436696
2020-09-11 00:00:00+00:00,-8.785015490639898,-9.058384042791213,0.2733685521513145,0.2733685521513145,0.07473036530530595,0.031653605995048295,-0.006485323449735958,0.03813892944478425
2020-09-14 00:00:00+00:00,-8.969429785583635,-9.23686957700271,0.2674397914190738,0.2674397914190738,0.0715240420342777,-0.1844142949437373,-0.1784855342114966,-0.00592876073224069
2020-09-15 00:00:00+00:00,-9.037512121962012,-9.308767940686955,0.27125581872494386,0.27125581872494386,0.07357971919213961,-0.06808233637837624,-0.07189836368424629,0.003816027305870051
2020-09-16 00:00:00+00:00,-8.990313483535441,-9.242500235334692,0.25218675179925043,0.25218675179925043,0.06359815778305675,0.04719863842657013,0.06626770535226356,-0.019069066925693434
2020-09-17 00:00:00+00:00,-8.793862469808042,-9.106507628659925,0.3126451588518826,0.3126451588518826,0.0977469953535189,0.19645101372739937,0.1359926066747672,0.06045840705263217
2020-09-18 00:00:00+00:00,-8.67094251093278,-8.942909189866732,0.27196667893395166,0.27196667893395166,0.07396587445036314,0.12291995887526141,0.16359843879319236,-0.04067847991793094
2020-09-21 00:00:00+00:00,-8.55344679103676,-8.799533214620828,0.2460864235840674,0.2460864235840674,0.060558527872397044,0.11749571989602003,0.14337597524590429,-0.02588025534988425
2020-09-22 00:00:00+00:00,-8.63303383581177,-8.924836015580603,0.29180217976883327,0.29180217976883327,0.0851485121178425,-0.07958704477500866,-0.12530280095977453,0.045715756184765866
2020-09-23 00:00:00+00:00,-8.3265856257583,-8.625886471489544,0.2993008457312438,0.2993008457312438,0.08958099625543782,0.30644821005346934,0.2989495440910588,0.007498665962410556
2020-09-24 00:00:00+00:00,-8.454250648342862,-8.661144014865338,0.20689336652247547,0.20689336652247547,0.04280486511100338,-0.12766502258456214,-0.03525754337579379,-0.09240747920876835
2020-09-25 00:00:00+00:00,-8.562199219238941,-8.846677828592917,0.2844786093539753,0.2844786093539753,0.08092807917997168,-0.10794857089607923,-0.18553381372757904,0.07758524283149981
2020-09-28 00:00:00+00:00,-8.817105261085809,-9.052268367800323,0.23516310671451457,0.23516310671451457,0.055301686759622166,-0.2549060418468674,-0.20559053920740666,-0.04931550263946072
2020-09-29 00:00:00+00:00,-8.748021734026766,-8.977309557245809,0.2292878232190425,0.2292878232190425,0.05257290587652689,0.06908352705904264,0.0749588105545147,-0.005875283495472061
2020-09-30 00:00:00+00:00,-8.848824580536053,-9.077287776452543,0.22846319591648978,0.22846319591648978,0.052195431888376394,-0.10080284650928739,-0.09997821920673466,-0.0008246273025527273
2020-10-01 00:00:00+00:00,-8.877522777626172,-9.164815057736355,0.28729228011018293,0.28729228011018293,0.08253685421090781,-0.028698197090118782,-0.08752728128381193,0.05882908419369315
2020-10-02 00:00:00+00:00,-8.72502046077179,-9.024933327829524,0.2999128670577349,0.2999128670577349,0.08994772782679057,0.15250231685438287,0.1398817299068309,0.01262058694755197
2020-10-05 00:00:00+00:00,-8.949256537519378,-9.261452615669985,0.3121960781506061,0.3121960781506061,0.09746639121261937,-0.22423607674758905,-0.23651928784046028,0.012283211092871227
2020-10-06 00:00:00+00:00,-8.773247618802964,-9.04089570454678,0.2676480857438168,0.2676480857438168,0.07163549780232951,0.17600891871641444,0.22055691112320375,-0.044547992406789305
2020-10-07 00:00:00+00:00,-9.010680477945495,-9.274690536386652,0.26401005844115666,0.26401005844115666,0.06970131095810296,-0.23743285914253143,-0.23379483183987126,-0.003638027302660163
2020-10-08 00:00:00+00:00,-9.200419912521305,-9.405032347982631,0.20461243546132657,0.20461243546132657,0.04186624874541553,-0.18973943457580944,-0.13034181159597935,-0.05939762297983009
2020-10-09 00:00:00+00:00,-9.28798116953521,-9.543220360234432,0.2552391906992231,0.2552391906992231,0.06514704446879437,-0.08756125701390438,-0.13818801225180088,0.050626755237896504
2020-10-12 00:00:00+00:00,-9.556348993322436,-9.81226578121932,0.25591678789688466,0.25591678789688466,0.06549340232745905,-0.26836782378722646,-0.26904542098488804,0.0006775971976615836
2020-10-13 00:00:00+00:00,-9.422572057526118,-9.668106293267032,0.24553423574091404,0.24553423574091404,0.06028706092087475,0.1337769357963179,0.1441594879522885,-0.010382552155970615
2020-10-14 00:00:00+00:00,-9.291912484725252,-9.54026579802009,0.24835331329483878,0.24835331329483878,0.06167936822452435,0.13065957280086593,0.1278404952469412,0.0028190775539247426
2020-10-15 00:00:00+00:00,-9.28242532001236,-9.510051761178511,0.2276264411661515,0.2276264411661515,0.05181379671796743,0.009487164712892238,0.030214036841579528,-0.02072687212868729
2020-10-16 00:00:00+00:00,-9.179556741319564,-9.491530312680627,0.3119735713610634,0.3119735713610634,0.09732750922777653,0.10286857869279586,0.018521448497883952,0.08434713019491191
2020-10-19 00:00:00+00:00,-9.066411736243523,-9.223750650947045,0.15733891470352113,0.15733891470352113,0.024755534080081895,0.1131450050760403,0.2677796617335826,-0.15463465665754228
2020-10-20 00:00:00+00:00,-9.086597223989534,-9.279903720135948,0.19330649614641437,0.19330649614641437,0.03736740145240371,-0.020185487746010367,-0.056153069188903615,0.03596758144289325
2020-10-21 00:00:00+00:00,-8.950440065085571,-9.246795577852378,0.29635551276680694,0.29635551276680694,0.08782658994727707,0.13615715890396274,0.033108142283570174,0.10304901662039256
2020-10-22 00:00:00+00:00,-9.104821097192747,-9.325376730053282,0.2205556328605347,0.2205556328605347,0.048644787186510975,-0.15438103210717635,-0.07858115220090411,-0.07579987990627224
2020-10-23 00:00:00+00:00,-9.12068376263345,-9.373389618444488,0.25270585581103866,0.25270585581103866,0.06386024956118946,-0.015862665440701917,-0.04801288839120588,0.03215022295050396
2020-10-26 00:00:00+00:00,-8.839278540682352,-9.0691846265084,0.2299060858260482,0.2299060858260482,0.052856808299854244,0.28140522195109696,0.3042049919360874,-0.022799769984990448
2020-10-27 00:00:00+00:00,-8.857969293107203,-9.020945951475104,0.1629766583679011,0.1629766583679011,0.026561391172767547,-0.018690752424850743,0.048238675033296374,-0.06692942745814712
2020-10-28 00:00:00+00:00,-8.397285395659056,-8.553888733348154,0.1566033376890985,0.1566033376890985,0.024524605375365823,0.4606838974481473,0.4670572181269499,-0.006373320678802585
2020-10-29 00:00:00+00:00,-8.38850212530986,-8.668466123879362,0.27996399856950305,0.27996399856950305,0.07837984049502471,0.00878327034919657,-0.11457739053120797,0.12336066088040454
2020-10-30 00:00:00+00:00,-8.406283851949844,-8.555592362766049,0.1493085108162049,0.1493085108162049,0.02229303140215277,-0.017781726639984896,0.11287376111331326,-0.13065548775329816
2020-11-02 00:00:00+00:00,-8.51554671039192,-8.681260601321009,0.16571389092908895,0.16571389092908895,0.02746109364685799,-0.10926285844207584,-0.1256682385549599,0.01640538011288406
2020-11-03 00:00:00+00:00,-8.772074684541847,-8.884928480442966,0.11285379590111866,0.11285379590111866,0.012735979249291346,-0.2565279741499271,-0.20366787912195683,-0.05286009502797029
2020-11-04 00:00:00+00:00,-8.96942319599115,-9.16451305707733,0.19508986108618132,0.19508986108618132,0.038060053898625525,-0.19734851144930232,-0.279584576634365,0.08223606518506266
2020-11-05 00:00:00+00:00,-9.234841533493697,-9.440846716220992,0.20600518272729573,0.20600518272729573,0.042438135310506504,-0.2654183375025472,-0.2763336591436616,0.010915321641114417
2020-11-06 00:00:00+00:00,-9.240432928733002,-9.43012661862256,0.18969368988955893,0.18969368988955893,0.03598369598391615,-0.005591395239305186,0.010720097598431622,-0.016311492837736807
2020-11-09 00:00:00+00:00,-9.447243336997516,-9.628877505741666,0.18163416874415006,0.18163416874415006,0.03299097125537838,-0.20681040826451458,-0.1987508871191057,-0.008059521145408866
2020-11-10 00:00:00+00:00,-9.385780188482771,-9.591866712237126,0.20608652375435454,0.20608652375435454,0.04247165527315414,0.061463148514745214,0.03701079350454073,0.024452355010204485
2020-11-11 00:00:00+00:00,-9.532039361592464,-9.714182028031972,0.18214266643950872,0.18214266643950872,0.03317595093769413,-0.1462591731096925,-0.12231531579484667,-0.02394385731484583
2020-11-12 00:00:00+00:00,-9.337915278036034,-9.51748199566785,0.17956671763181653,0.17956671763181653,0.03224420608106453,0.19412408355642974,0.19670003236412192,-0.0025759488076921855
2020-11-13 00:00:00+00:00,-9.569364758519905,-9.745478465426627,0.17611370690672246,0.17611370690672246,0.03101603776042694,-0.23144948048387093,-0.22799646975877685,-0.0034530107250940745
2020-11-16 00:00:00+00:00,-9.703678897564256,-9.971670000938737,0.26799110337448084,0.26799110337448084,0.07181923148787167,-0.13431413904435097,-0.22619153551210935,0.09187739646775839
2020-11-17 00:00:00+00:00,-9.67702681333266,-9.838398180494476,0.16137136716181644,0.16137136716181644,0.02604071813967377,0.026652084231596262,0.13327182044426067,-0.1066197362126644
2020-11-18 00:00:00+00:00,-9.401933823807118,-9.579942547775495,0.17800872396837697,0.17800872396837697,0.03168710580884983,0.2750929895255414,0.25845563271898087,0.016637356806560533
2020-11-19 00:00:00+00:00,-9.326882123802209,-9.644976494656332,0.31809437085412284,0.31809437085412284,0.10118402876908024,0.07505170000490935,-0.06503394688083652,0.14008564688574587
2020-11-20 00:00:00+00:00,-9.319591687916356,-9.508505455311502,0.18891376739514598,0.18891376739514598,0.03568841151142732,0.007290435885852986,0.13647103934482985,-0.12918060345897686
2020-11-23 00:00:00+00:00,-9.513962121025626,-9.602619877429438,0.08865775640381202,0.08865775640381202,0.00786019777055767,-0.19437043310927038,-0.09411442211793641,-0.10025601099133397
2020-11-24 00:00:00+00:00,-9.761007624807151,-9.879350894840664,0.11834327003351319,0.11834327003351319,0.014005129562225022,-0.2470455037815249,-0.2767310174112261,0.029685513629701177
2020-11-25 00:00:00+00:00,-9.688283574628084,-9.832379834415546,0.144096259787462,0.144096259787462,0.020763732084735736,0.07272405017906713,0.04697106042511834,0.025752989753948796
2020-11-27 00:00:00+00:00,-9.703798229406225,-9.873977411586518,0.17017918218029315,0.17017918218029315,0.028960954047553406,-0.015514654778140624,-0.04159757717097179,0.026082922392831165
2020-11-30 00:00:00+00:00,-9.69561796263782,-9.767833762638908,0.07221580000108752,0.07221580000108752,0.005215121769797071,0.00818026676840411,0.10614364894760975,-0.09796338217920564
2020-12-01 00:00:00+00:00,-9.791804935667525,-9.96652615415551,0.17472121848798494,0.17472121848798494,0.030527504189926172,-0.09618697302970425,-0.19869239151660167,0.10250541848689743
2020-12-02 00:00:00+00:00,-9.830336023986494,-9.99463781227985,0.16430178829335595,0.16430178829335595,0.02699507763639476,-0.0385310883189689,-0.02811165812433991,-0.010419430194628987
2020-12-03 00:00:00+00:00,-9.828131655027905,-9.971085659421906,0.1429540043940012,0.1429540043940012,0.02043584737228011,0.002204368958588887,0.023552152857943653,-0.021347783899354766
2020-12-04 00:00:00+00:00,-9.94210242463953,-10.13869214864833,0.19658972400879904,0.19658972400879904,0.03864751958585578,-0.11397076961162611,-0.16760648922642396,0.05363571961479785
2020-12-07 00:00:00+00:00,-9.86537309698194,-10.069841927943592,0.2044688309616518,0.2044688309616518,0.04180750283482454,0.07672932765759022,0.06885022070473745,0.007879106952852766
2020-12-08 00:00:00+00:00,-9.990056464105251,-10.11668601593084,0.1266295518255891,0.1266295518255891,0.016035043395549557,-0.12468336712331052,-0.04684408798724782,-0.0778392791360627
2020-12-09 00:00:00+00:00,-9.764380060525792,-9.887941141411542,0.12356108088575013,0.12356108088575013,0.015267340709654886,0.22567640357945962,0.2287448745192986,-0.0030684709398389742
2020-12-10 00:00:00+00:00,-9.73902473075164,-9.865770448419036,0.12674571766739717,0.12674571766739717,0.016064476947023554,0.025355329774152224,0.02217069299250518,0.0031846367816470433
2020-12-11 00:00:00+00:00,-9.65537597114884,-9.826840697807418,0.17146472665857715,0.17146472665857715,0.029400152488100576,0.0836487596027986,0.03892975061161863,0.044719008991179976
2020-12-14 00:00:00+00:00,-9.607137900400833,-9.722735096474407,0.11559719607357444,0.11559719607357444,0.013362711740072414,0.0482380707480079,0.10410560133301061,-0.05586753058500271
2020-12-15 00:00:00+00:00,-9.80405433027341,-9.966165022215815,0.1621106919424058,0.1621106919424058,0.02627987644204559,-0.19691642987257651,-0.24342992574140787,0.046513495868831356
2020-12-16 00:00:00+00:00,-9.804434518386248,-9.982823105560676,0.17838858717442818,0.17838858717442818,0.03182248803408856,-0.0003801881128389084,-0.016658083344861296,0.016277895232022388
2020-12-17 00:00:00+00:00,-9.940093974583034,-10.086204014610914,0.14611004002787986,0.14611004002787986,0.021348143796948656,-0.13565945619678565,-0.10338090905023734,-0.03227854714654832
2020-12-18 00:00:00+00:00,-9.807029046623484,-9.975430172711537,0.16840112608805313,0.16840112608805313,0.02835893926772437,0.13306492795955016,0.11077384189937689,0.02229108606017327
2020-12-21 00:00:00+00:00,-9.630419256219213,-9.88094289114079,0.2505236349215778,0.2505236349215778,0.06276209165432,0.17660979040427094,0.09448728157074626,0.08212250883352468
2020-12-22 00:00:00+00:00,-9.619718527467128,-9.83094657948108,0.21122805201395245,0.21122805201395245,0.044617289957609,0.010700728752084387,0.04999631165970975,-0.03929558290762536
2020-12-23 00:00:00+00:00,-9.612952551904804,-9.834726016386773,0.22177346448196822,0.22177346448196822,0.04918346954833482,0.006765975562323945,-0.0037794369056918242,0.010545412468015769
2020-12-24 00:00:00+00:00,-9.662988203769268,-9.89851098540287,0.23552278163360185,0.23552278163360185,0.0554709806684293,-0.050035651864464015,-0.06378496901609765,0.013749317151633633
2020-12-28 00:00:00+00:00,-9.859301644106164,-10.060522035031363,0.20122039092519906,0.20122039092519906,0.04048964572408993,-0.1963134403368958,-0.162011049628493,-0.0343023907084028
2020-12-29 00:00:00+00:00,-9.77001476713508,-9.99852675225221,0.22851198511713022,0.22851198511713022,0.05221772734217155,0.08928687697108373,0.06199528277915256,0.027291594191931168
2020-12-30 00:00:00+00:00,-9.780367319377204,-10.011943000712558,0.23157568133535378,0.23157568133535378,0.05362729618593332,-0.01035255224212328,-0.013416248460346836,0.003063696218223555
2020-12-31 00:00:00+00:00,-9.893917096176695,-10.10530103788022,0.21138394170352548,0.21138394170352548,0.04468317081011946,-0.1135497767994913,-0.093358037167663,-0.020191739631828298
2021-01-04 00:00:00+00:00,-9.537595855887298,-9.769869341079144,0.2322734851918451,0.2322734851918451,0.05395097192316629,0.3563212402893967,0.3354316968010771,0.020889543488319617
2021-01-05 00:00:00+00:00,-9.5974104871153,-9.890534405553332,0.29312391843803276,0.29312391843803276,0.08592163156046648,-0.05981463122800079,-0.12066506447418845,0.06085043324618766
2021-01-06 00:00:00+00:00,-9.80786973992384,-9.99836132564609,0.1904915857222509,0.1904915857222509,0.03628704423097766,-0.2104592528085405,-0.10782692009275863,-0.10263233271578187
2021-01-07 00:00:00+00:00,-10.080354620625087,-10.302510770196156,0.22215614957106844,0.22215614957106844,0.04935335479224293,-0.27248488070124743,-0.304149444550065,0.03166456384881755
2021-01-08 00:00:00+00:00,-10.198041985763371,-10.42225327993378,0.2242112941704093,0.2242112941704093,0.05027070443356982,-0.11768736513828415,-0.11974250973762501,0.0020551445993408635
2021-01-11 00:00:00+00:00,-10.005758900217808,-10.212754832906796,0.2069959326889883,0.2069959326889883,0.042847316149784175,0.19228308554556328,0.20949844702698428,-0.017215361481421
2021-01-12 00:00:00+00:00,-9.971184230967216,-10.195498238216986,0.22431400724977024,0.22431400724977024,0.05031677384844998,0.03457466925059194,0.01725659468981,0.017318074560781938
2021-01-13 00:00:00+00:00,-10.021082219998192,-10.238223342784613,0.21714112278642084,0.21714112278642084,0.04715026720494749,-0.049897989030975864,-0.04272510456762646,-0.007172884463349405
2021-01-14 00:00:00+00:00,-9.926322529615344,-10.129023514986992,0.2027009853716475,0.2027009853716475,0.04108768947063685,0.0947596903828476,0.10919982779762094,-0.014440137414773346
2021-01-15 00:00:00+00:00,-9.7564460192216,-9.938072810149691,0.18162679092809064,0.18162679092809064,0.032988291182836346,0.16987651039374363,0.19095070483730048,-0.02107419444355685
2021-01-19 00:00:00+00:00,-9.924933131292978,-10.087282231060774,0.16234909976779655,0.16234909976779655,0.026357230195413955,-0.1684871120713769,-0.1492094209110828,-0.019277691160294097
2021-01-20 00:00:00+00:00,-10.172876442354257,-10.38114217953281,0.20826573717855368,0.20826573717855368,0.043374617282526395,-0.2479433110612792,-0.29385994847203634,0.04591663741075713
2021-01-21 00:00:00+00:00,-10.122152893776253,-10.378869082243842,0.25671618846758903,0.25671618846758903,0.06590320142132669,0.050723548578003985,0.0022730972889686285,0.04845045128903536
2021-01-22 00:00:00+00:00,-10.019487866261494,-10.259139060869746,0.23965119460825157,0.23965119460825157,0.05743269507716207,0.10266502751475848,0.11973002137409594,-0.017064993859337463
2021-01-25 00:00:00+00:00,-10.006462143062432,-10.333456323137938,0.3269941800755056,0.3269941800755056,0.1069251938032522,0.013025723199062256,-0.0743172622681918,0.08734298546725405
2021-01-26 00:00:00+00:00,-10.070301557828202,-10.268008828337924,0.19770727050972248,0.19770727050972248,0.039088164812404576,-0.06383941476576993,0.06544749480001322,-0.12928690956578315
2021-01-27 00:00:00+00:00,-9.161727336264976,-9.627015399337331,0.4652880630723555,0.4652880630723555,0.21649298163762426,0.9085742215632262,0.6409934290005932,0.267580792562633
2021-01-28 00:00:00+00:00,-9.386114990403886,-9.772102401448729,0.3859874110448427,0.3859874110448427,0.14898628148510035,-0.22438765413891026,-0.14508700211139747,-0.0793006520275128
2021-01-29 00:00:00+00:00,-9.083295973509015,-9.364598558744117,0.28130258523510143,0.28130258523510143,0.07913114445995151,0.3028190168948708,0.40750384270461204,-0.10468482580974126
2021-02-01 00:00:00+00:00,-9.360138770285731,-9.621969564806236,0.2618307945205043,0.2618307945205043,0.06855536495923853,-0.27684279677671597,-0.2573710060621188,-0.019471790714597148
2021-02-02 00:00:00+00:00,-9.61776464160218,-9.865917093691811,0.24815245208963077,0.24815245208963077,0.0615796394780965,-0.2576258713164492,-0.2439475288855757,-0.013678342430873514
2021-02-03 00:00:00+00:00,-9.626653934283352,-9.86701689876414,0.24036296448078787,0.24036296448078787,0.05777435469399249,-0.008889292681171668,-0.0010998050723287633,-0.007789487608842904
2021-02-04 00:00:00+00:00,-9.705942704245684,-10.08308926428229,0.3771465600366053,0.3771465600366053,0.14223952774744472,-0.07928876996233214,-0.21607236551814957,0.13678359555581743
2021-02-05 00:00:00+00:00,-9.866748904537276,-10.152984139797772,0.2862352352604951,0.2862352352604951,0.08193060990463098,-0.1608062002915922,-0.06989487551548201,-0.09091132477611019
2021-02-08 00:00:00+00:00,-9.996157497565658,-10.301508754041263,0.3053512564756051,0.3053512564756051,0.09323938983123078,-0.1294085930283817,-0.14852461424349173,0.019116021215110024
2021-02-09 00:00:00+00:00,-9.976149188460507,-10.260177289481245,0.2840281010207377,0.2840281010207377,0.08067196216944639,0.020008309105151056,0.04133146456001846,-0.021323155454867404
2021-02-10 00:00:00+00:00,-9.93264821688577,-10.22587254706034,0.2932243301745707,0.2932243301745707,0.08598050780632567,0.04350097157473698,0.03430474242090398,0.009196229153833002
2021-02-11 00:00:00+00:00,-9.942113771781552,-10.2426187860595,0.30050501427794885,0.30050501427794885,0.09030326360619025,-0.00946555489578138,-0.016746238999159502,0.007280684103378121
2021-02-12 00:00:00+00:00,-10.058065724547482,-10.34095303279522,0.2828873082477372,0.2828873082477372,0.0800252291676503,-0.11595195276593095,-0.09833424673571933,-0.017617706030211622
2021-02-16 00:00:00+00:00,-9.956745655701209,-10.293176299766888,0.336430644065679,0.336430644065679,0.11318557826644761,0.10132006884627387,0.047776733028332075,0.053543335817941795
2021-02-17 00:00:00+00:00,-9.987726366469817,-10.274737799354384,0.287011432884567,0.287011432884567,0.0823755626064523,-0.030980710768607977,0.018438500412504055,-0.04941921118111203
2021-02-18 00:00:00+00:00,-9.82387454183507,-10.144161171028893,0.32028662919382356,0.32028662919382356,0.10258352484034183,0.16385182463474735,0.13057662832549077,0.03327519630925657
2021-02-19 00:00:00+00:00,-9.778109561613126,-10.081846559885683,0.30373699827255685,0.30373699827255685,0.0922561641196232,0.045764980221942864,0.062314611143209575,-0.01654963092126671
2021-02-22 00:00:00+00:00,-9.642299252266596,-9.886740447057091,0.24444119479049498,0.24444119479049498,0.05975149771060471,0.13581030934652993,0.1951061128285918,-0.05929580348206187
2021-02-23 00:00:00+00:00,-9.60978219743586,-9.896410741326898,0.2866285438910374,0.2866285438910374,0.08215592217309636,0.03251705483073586,-0.00967029426980659,0.04218734910054245
2021-02-24 00:00:00+00:00,-9.786740226026604,-10.108174446297912,0.32143422027130875,0.32143422027130875,0.10331995796142424,-0.17695802859074306,-0.21176370497101438,0.03480567638027132
2021-02-25 00:00:00+00:00,-9.272437050395698,-9.526027516561784,0.25359046616608616,0.25359046616608616,0.06430812453033288,0.5143031756309053,0.5821469297361279,-0.06784375410522259
2021-02-26 00:00:00+00:00,-9.199130224701824,-9.428398973559224,0.22926874885740034,0.22926874885740034,0.05256415920263771,0.0733068256938747,0.09762854300256052,-0.02432171730868582
2021-03-01 00:00:00+00:00,-9.602457576065587,-9.81550666690439,0.21304909083880297,0.21304909083880297,0.04538991510724052,-0.40332735136376385,-0.3871076933451665,-0.01621965801859737
2021-03-02 00:00:00+00:00,-9.453328982149973,-9.645437723659132,0.19210874150915913,0.19210874150915913,0.03690576856423292,0.14912859391561462,0.17006894324525845,-0.020940349329643837
2021-03-03 00:00:00+00:00,-9.06905378211584,-9.390570077027522,0.32151629491168165,0.32151629491168165,0.10337272789373544,0.38427520003413207,0.25486764663160955,0.12940755340252252
2021-03-04 00:00:00+00:00,-8.91533229197041,-9.183571328556232,0.2682390365858218,0.2682390365858218,0.07195218074848986,0.1537214901454309,0.20699874847129074,-0.05327725832585983
2021-03-05 00:00:00+00:00,-9.21812131162509,-9.446431088918995,0.22830977729390511,0.22830977729390511,0.05212535440799255,-0.3027890196546803,-0.2628597603627636,-0.03992925929191671
2021-03-08 00:00:00+00:00,-9.20166893587204,-9.356583548091391,0.15491461221935232,0.15491461221935232,0.023998537079072305,0.01645237575305103,0.08984754082760382,-0.07339516507455279
2021-03-09 00:00:00+00:00,-9.359217103512371,-9.576046745193286,0.21682964168091523,0.21682964168091523,0.04701509351147409,-0.15754816764033208,-0.219463197101895,0.06191502946156291
2021-03-10 00:00:00+00:00,-9.45367936794786,-9.67647066579351,0.22279129784564944,0.22279129784564944,0.04963596239574888,-0.09446226443548866,-0.10042392060022287,0.005961656164734208
2021-03-11 00:00:00+00:00,-9.634994295347925,-9.852840627178583,0.2178463318306587,0.2178463318306587,0.04745702429207347,-0.18131492740006472,-0.176369961385074,-0.004944966014990726
2021-03-12 00:00:00+00:00,-9.626565412183892,-9.865466580678271,0.2389011684943796,0.2389011684943796,0.057073768307979944,0.008428883164032897,-0.01262595349968798,0.021054836663720877
2021-03-15 00:00:00+00:00,-9.70683471870656,-9.971977442471353,0.265142723764793,0.265142723764793,0.07030066396541332,-0.08026930652266806,-0.10651086179308145,0.026241555270413386
2021-03-16 00:00:00+00:00,-9.715899827556733,-9.927655300720907,0.21175547316417465,0.21175547316417465,0.04484038041498349,-0.009065108850172976,0.044322141750445354,-0.05338725060061833
2021-03-17 00:00:00+00:00,-9.785832396641664,-9.98315124624548,0.19731884960381585,0.19731884960381585,0.0389347284089733,-0.06993256908493173,-0.05549594552457293,-0.014436623560358797
2021-03-18 00:00:00+00:00,-9.43870879776808,-9.648347731574308,0.20963893380622878,0.20963893380622878,0.04394848256741237,0.34712359887358524,0.3348035146711723,0.012320084202412929
2021-03-19 00:00:00+00:00,-9.30128507953638,-9.603657174372602,0.3023720948362225,0.3023720948362225,0.09142888373564555,0.13742371823169997,0.04469055720170623,0.09273316102999374
2021-03-22 00:00:00+00:00,-9.47379606291002,-9.73643915645328,0.2626430935432591,0.2626430935432591,0.06898139458597315,-0.17251098337364112,-0.1327819820806777,-0.03972900129296342
2021-03-23 00:00:00+00:00,-9.286694274357684,-9.572629024564264,0.28593475020658055,0.28593475020658055,0.08175868137569961,0.1871017885523365,0.16381013188901505,0.023291656663321447
2021-03-24 00:00:00+00:00,-9.2242443387649,-9.47329492260152,0.24905058383662038,0.24905058383662038,0.062026193309361474,0.062449935592784556,0.09933410196274473,-0.03688416636996017
2021-03-25 00:00:00+00:00,-9.31004061040585,-9.560098358055324,0.25005774764947475,0.25005774764947475,0.0625288771595284,-0.08579627164094994,-0.08680343545380431,0.0010071638128543725
2021-03-26 00:00:00+00:00,-9.368663619836834,-9.831647304504688,0.46298368466785433,0.46298368466785433,0.21435389226862317,-0.05862300943098475,-0.27154894644936434,0.21292593701837959
2021-03-29 00:00:00+00:00,-9.553147117764908,-9.807223495552964,0.25407637778805636,0.25407637778805636,0.06455480574989914,-0.18448349792807406,0.024423808951723913,-0.20890730687979797
2021-03-30 00:00:00+00:00,-9.467106624573052,-9.740714174560145,0.27360754998709247,0.27360754998709247,0.07486109140993931,0.08604049319185592,0.06650932099281981,0.019531172199036106
2021-03-31 00:00:00+00:00,-9.549824478645474,-9.805900109833212,0.2560756311877377,0.2560756311877377,0.06557472888819825,-0.08271785407242227,-0.06518593527306749,-0.017531918799354784
2021-04-01 00:00:00+00:00,-9.753002247718424,-10.005169005038027,0.25216675731960336,0.25216675731960336,0.06358807349708373,-0.2031777690729495,-0.19926889520481517,-0.003908873868134322
2021-04-05 00:00:00+00:00,-10.002893310317829,-10.299377719919583,0.2964844096017547,0.2964844096017547,0.08790300513690105,-0.24989106259940463,-0.294208714881556,0.04431765228215134
2021-04-06 00:00:00+00:00,-10.00832877336022,-10.260029636070648,0.25170086271042713,0.25170086271042713,0.06335332428917329,-0.005435463042392286,0.03934808384893529,-0.044783546891327575
2021-04-07 00:00:00+00:00,-10.04047628617818,-10.26529987773421,0.2248235915560297,0.2248235915560297,0.05054564732015247,-0.03214751281795891,-0.005270241663561492,-0.02687727115439742
2021-04-08 00:00:00+00:00,-10.129808065741518,-10.359700417981925,0.22989235224040705,0.22989235224040705,0.05285049361862739,-0.08933177956333793,-0.09440054024771527,0.005068760684377338
2021-04-09 00:00:00+00:00,-10.186048208506648,-10.52304104151292,0.33699283300627236,0.33699283300627236,0.11356416949759338,-0.05624014276513023,-0.16334062353099554,0.10710048076586531
2021-04-12 00:00:00+00:00,-10.214701038560776,-10.503527383596085,0.288826345035309,0.288826345035309,0.08342065758645538,-0.028652830054127776,0.01951365791683557,-0.048166487970963345
2021-04-13 00:00:00+00:00,-10.250977787143832,-10.557186411114618,0.30620862397078596,0.30620862397078596,0.09376372139408219,-0.03627674858305596,-0.05365902751853291,0.017382278935476947
2021-04-14 00:00:00+00:00,-10.17136460328441,-10.42796030374287,0.25659570045846003,0.25659570045846003,0.06584135349376774,0.07961318385942207,0.129226107371748,-0.049612923512325935
2021-04-15 00:00:00+00:00,-10.363215480096434,-10.689123427347283,0.32590794725084926,0.32590794725084926,0.10621599008126234,-0.1918508768120244,-0.2611631236044136,0.06931224679238923
2021-04-16 00:00:00+00:00,-10.436084985631425,-10.75757216542886,0.321487179797435,0.321487179797435,0.10335400677410832,-0.07286950553499061,-0.06844873808157637,-0.004420767453414243
2021-04-19 00:00:00+00:00,-10.329204957427304,-10.564839324387329,0.23563436696002427,0.23563436696002427,0.05552355489265137,0.10688002820412024,0.192732841041531,-0.08585281283741075
2021-04-20 00:00:00+00:00,-10.0375444237499,-10.3214938192969,0.28394939554700116,0.28394939554700116,0.08062725923150732,0.29166053367740474,0.24334550509042785,0.048315028586976894
2021-04-21 00:00:00+00:00,-10.198875258341037,-10.53787526426432,0.3390000059232836,0.3390000059232836,0.11492100401598632,-0.16133083459113706,-0.2163814449674195,0.05505061037628245
2021-04-22 00:00:00+00:00,-10.025619284402447,-10.245934173965448,0.22031488956300116,0.22031488956300116,0.0485386505631574,0.1732559739385895,0.29194109029887194,-0.11868511636028245
2021-04-23 00:00:00+00:00,-10.222033518287416,-10.488909390789594,0.2668758725021778,0.2668758725021778,0.07122273132379867,-0.19641423388496904,-0.2429752168241457,0.046560982939176654
2021-04-26 00:00:00+00:00,-10.296812294064916,-10.518004133075696,0.2211918390107801,0.2211918390107801,0.04892582964497086,-0.07477877577749936,-0.02909474228610165,-0.04568403349139771
2021-04-27 00:00:00+00:00,-10.249027238140894,-10.482216531061203,0.23318929292030965,0.23318929292030965,0.054377246332673976,0.047785055924022046,0.03578760201449249,0.011997453909529554
2021-04-28 00:00:00+00:00,-10.275724571791509,-10.445441557920391,0.16971698612888275,0.16971698612888275,0.02880385538067138,-0.026697333650615107,0.036774973140811795,-0.0634723067914269
2021-04-29 00:00:00+00:00,-10.305621781658903,-10.590640134609725,0.28501835295082145,0.28501835295082145,0.08123546151879903,-0.029897209867394636,-0.14519857668933334,0.1153013668219387
2021-04-30 00:00:00+00:00,-10.144577167844616,-10.36602764559075,0.22145047774613325,0.22145047774613325,0.04904031409399066,0.16104461381428692,0.22461248901897513,-0.0635678752046882
2021-05-03 00:00:00+00:00,-10.138262947408071,-10.39650431461222,0.2582413672041479,0.2582413672041479,0.06668860373546756,0.00631422043654517,-0.030476669021469505,0.036790889458014675
2021-05-04 00:00:00+00:00,-9.99117594421394,-10.205240198869362,0.21406425465542256,0.21406425465542256,0.0458235051211816,0.14708700319413204,0.1912641157428574,-0.04417711254872536
2021-05-05 00:00:00+00:00,-10.054878588904945,-10.190585037930957,0.1357064490260118,0.1357064490260118,0.018416240307249542,-0.06370264469100562,0.014655160938405132,-0.07835780562941075
2021-05-06 00:00:00+00:00,-10.152010410743696,-10.3596643529377,0.20765394219400513,0.20765394219400513,0.04312015970871122,-0.09713182183875091,-0.16907931500674422,0.07194749316799331
2021-05-07 00:00:00+00:00,-10.333705525878097,-10.523196149914924,0.18949062403682682,0.18949062403682682,0.03590669659786605,-0.18169511513440106,-0.16353179697722275,-0.01816331815717831
2021-05-10 00:00:00+00:00,-10.00298500095676,-10.21153709248788,0.20855209153111964,0.20855209153111964,0.04349397488200451,0.3307205249213361,0.31165905742704325,0.019061467494292827
2021-05-11 00:00:00+00:00,-9.77121844543366,-9.971698431028116,0.20047998559445546,0.20047998559445546,0.04019222462395307,0.23176655552309988,0.23983866145976407,-0.008072105936664187
2021-05-12 00:00:00+00:00,-9.338155282872483,-9.4921099391115,0.1539546562390175,0.1539546562390175,0.02370203617767405,0.4330631625611776,0.47958849191661557,-0.04652532935543796
2021-05-13 00:00:00+00:00,-9.533840830555151,-9.686918850212498,0.1530780196573467,0.1530780196573467,0.023432880102215017,-0.19568554768266821,-0.1948089111009974,-0.0008766365816708088
2021-05-14 00:00:00+00:00,-9.793202186451609,-9.960359659218565,0.1671574727669558,0.1671574727669558,0.027941620701835573,-0.25936135589645737,-0.2734408090060665,0.014079453109609119
2021-05-17 00:00:00+00:00,-9.739587228077204,-9.888898797937058,0.1493115698598544,0.1493115698598544,0.022293944894014178,0.05361495837440522,0.07146086128150664,-0.01784590290710142
2021-05-18 00:00:00+00:00,-9.44151254828932,-9.694633618443824,0.2531210701545046,0.2531210701545046,0.06407027615616163,0.2980746797878844,0.19426517949323419,0.10380950029465019
2021-05-19 00:00:00+00:00,-9.397924193231583,-9.63376819838745,0.235844005155867,0.235844005155867,0.055622394767960624,0.04358835505773584,0.06086542005637341,-0.01727706499863757
2021-05-20 00:00:00+00:00,-9.64569387182315,-9.818154858973896,0.1724609871507461,0.1724609871507461,0.02974279208900981,-0.24776967859156684,-0.18438666058644593,-0.06338301800512092
2021-05-21 00:00:00+00:00,-9.617266885196576,-9.78781059984435,0.17054371464777418,0.17054371464777418,0.029085158605861427,0.028426986626573836,0.030344259129545748,-0.0019172725029719118
2021-05-24 00:00:00+00:00,-9.80607964827652,-9.973766843938533,0.16768719566201362,0.16768719566201362,0.02811899558899044,-0.18881276307994277,-0.1859562440941822,-0.002856518985760559
2021-05-25 00:00:00+00:00,-9.734366162764497,-9.90870917506921,0.17434301230471405,0.17434301230471405,0.030395485939481676,0.0717134855120225,0.06505766886932207,0.0066558166427004295
2021-05-26 00:00:00+00:00,-9.732640564352078,-9.93425937844042,0.20161881408834148,0.20161881408834148,0.040650146194389204,0.0017255984124187052,-0.025550203371208724,0.02727580178362743
2021-05-27 00:00:00+00:00,-9.82219466585813,-9.92899380372863,0.10679913787050133,0.10679913787050133,0.01140605584988235,-0.08955410150605125,0.005265574711788901,-0.09481967621784015
2021-05-28 00:00:00+00:00,-9.75028850285294,-9.95042672881696,0.20013822596402164,0.20013822596402164,0.040055309492025785,0.07190616300519004,-0.02143292508833028,0.09333908809352032
2021-06-01 00:00:00+00:00,-9.697135847591795,-9.914954222766754,0.21781837517495894,0.21781837517495894,0.047444844563859175,0.05315265526114388,0.035472506050206576,0.0176801492109373
2021-06-02 00:00:00+00:00,-9.747844245170205,-9.93189177643579,0.18404753126558582,0.18404753126558582,0.03387349376495679,-0.0507083975784095,-0.016937553669036376,-0.03377084390937313
2021-06-03 00:00:00+00:00,-9.62017113043552,-9.837076711340972,0.2169055809054523,0.2169055809054523,0.04704803102793172,0.12767311473468546,0.09481506509481896,0.03285804963986649
2021-06-04 00:00:00+00:00,-9.784191832436557,-10.00608145998653,0.22188962754997377,0.22188962754997377,0.049235006814266076,-0.16402070200103758,-0.16900474864555903,0.004984046644521456
2021-06-07 00:00:00+00:00,-9.774191890690052,-9.96695824623953,0.19276635554947852,0.19276635554947852,0.037158867831827966,0.009999941746505314,0.03912321374700056,-0.02912327200049525
2021-06-08 00:00:00+00:00,-9.763370480146389,-9.954504714258007,0.1911342341116189,0.1911342341116189,0.03653229544943514,0.010821410543663035,0.012453531981522659,-0.0016321214378596238
2021-06-09 00:00:00+00:00,-9.721374235157588,-9.90584507661455,0.18447084145696202,0.18447084145696202,0.03402949134783962,0.04199624498880006,0.04865963764345693,-0.0066633926546568745
2021-06-10 00:00:00+00:00,-9.78752822531547,-9.9867375703206,0.19920934500513,0.19920934500513,0.03968436313737291,-0.06615399015788093,-0.0808924937060489,0.01473850354816797
2021-06-11 00:00:00+00:00,-9.814080806314353,-10.005110453788427,0.1910296474740747,0.1910296474740747,0.036492326214069254,-0.026552580998883357,-0.01837288346782806,-0.008179697531055297
2021-06-14 00:00:00+00:00,-9.75011534684628,-10.036237882989257,0.286122536142976,0.286122536142976,0.08186610568888861,0.06396545946807208,-0.031127429200829226,0.09509288866890131
2021-06-15 00:00:00+00:00,-9.784557010212716,-9.976918256837845,0.1923612466251292,0.1923612466251292,0.03700284920317379,-0.03444166336643484,0.05931962615141195,-0.09376128951784679
2021-06-16 00:00:00+00:00,-9.562794293390438,-9.838784873610368,0.27599058021993095,0.27599058021993095,0.07617080037013414,0.221762716822278,0.13813338322747626,0.08362933359480174
2021-06-17 00:00:00+00:00,-9.639904789674157,-9.817680485479697,0.17777569580553987,0.17777569580553987,0.031604198019143846,-0.07711049628371924,0.021104388130671836,-0.09821488441439108
2021-06-18 00:00:00+00:00,-9.230889954510682,-9.532727442509524,0.30183748799884214,0.30183748799884214,0.09110586916145116,0.40901483516347525,0.284953042970173,0.12406179219330227
2021-06-21 00:00:00+00:00,-9.507309725809774,-9.770296163364677,0.26298643755490225,0.26298643755490225,0.0691618663378185,-0.2764197712990928,-0.2375687208551529,-0.03885105044393988
2021-06-22 00:00:00+00:00,-9.58559069992102,-9.861130643923564,0.2755399440025439,0.2755399440025439,0.07592226074092502,-0.07828097411124624,-0.09083448055888788,0.012553506447641638
2021-06-23 00:00:00+00:00,-9.56820008639852,-9.82168333506859,0.25348324867007044,0.25348324867007044,0.06425375735633276,0.01739061352250104,0.039447308854974494,-0.022056695332473453
2021-06-24 00:00:00+00:00,-9.64036813303404,-9.925509872735,0.28514173970096124,0.28514173970096124,0.08130581171969073,-0.0721680466355199,-0.1038265376664107,0.0316584910308908
2021-06-25 00:00:00+00:00,-9.71558158698999,-9.98396132341489,0.268379736424901,0.268379736424901,0.07202768292349933,-0.07521345395594992,-0.05845145067988966,-0.016762003276060256
2021-06-28 00:00:00+00:00,-9.71685009549734,-10.010201333373804,0.2933512378764629,0.2933512378764629,0.08605494876365312,-0.0012685085073513847,-0.02624000995891329,0.024971501451561906
2021-06-29 00:00:00+00:00,-9.752663285121304,-10.004068965828171,0.251405680706867,0.251405680706867,0.06320481629168315,-0.03581318962396374,0.006132367545632178,-0.041945557169595915
2021-06-30 00:00:00+00:00,-9.766569539496157,-10.004662253055834,0.2380927135596771,0.2380927135596771,0.05668814025021045,-0.013906254374852267,-0.0005932872276623868,-0.01331296714718988
2021-07-01 00:00:00+00:00,-9.825896313550112,-10.10770414289896,0.28180782934884796,0.28180782934884796,0.07941565268230942,-0.05932677405395559,-0.10304188984312646,0.043715115789170866
2021-07-02 00:00:00+00:00,-9.958097281924942,-10.263095427245691,0.30499814532074865,0.30499814532074865,0.09302386864909651,-0.1322009683748302,-0.15539128434673088,0.023190315971900688
2021-07-06 00:00:00+00:00,-9.875744107318155,-10.194185865736715,0.31844175841855993,0.31844175841855993,0.10140515350470448,0.08235317460678715,0.06890956150897587,0.01344361309781128
2021-07-07 00:00:00+00:00,-9.97571607181666,-10.25706449428494,0.2813484224682803,0.2813484224682803,0.07915693482538992,-0.0999719644985042,-0.06287862854822457,-0.03709333595027964
2021-07-08 00:00:00+00:00,-9.727663321423789,-10.03065140898299,0.3029880875592017,0.3029880875592017,0.09180178120278247,0.2480527503928709,0.22641308530194948,0.02163966509092141
2021-07-09 00:00:00+00:00,-9.967606698602424,-10.247732534720011,0.28012583611758757,0.28012583611758757,0.07847048406057752,-0.23994337717863523,-0.2170811257370211,-0.022862251441614134
2021-07-12 00:00:00+00:00,-10.03182268522456,-10.312859016164197,0.28103633093963687,0.28103633093963687,0.0789814193080131,-0.0642159866221359,-0.0651264814441852,0.0009104948220493014
2021-07-13 00:00:00+00:00,-9.890971269046965,-10.201045647393356,0.31007437834639084,0.31007437834639084,0.09614612010690074,0.1408514161775951,0.11181336877084114,0.029038047406753975
2021-07-14 00:00:00+00:00,-9.93947223223538,-10.214912144087316,0.2754399118519366,0.2754399118519366,0.07586714504100261,-0.048500963188415014,-0.013866496693960784,-0.03463446649445423
2021-07-15 00:00:00+00:00,-9.786198587960884,-10.10934315691457,0.32314456895368515,0.32314456895368515,0.10442241244426298,0.15327364427449552,0.10556898717274699,0.04770465710174854
2021-07-16 00:00:00+00:00,-9.648698336088334,-9.90768124284962,0.2589829067612861,0.2589829067612861,0.06707214599452502,0.13750025187255055,0.2016619140649496,-0.06416166219239905
2021-07-19 00:00:00+00:00,-9.378177297054725,-9.581494373684809,0.2033170766300838,0.2033170766300838,0.04133783364940337,0.2705210390336088,0.3261868691648111,-0.0556658301312023
2021-07-20 00:00:00+00:00,-9.62368112530147,-9.824461410014242,0.20078028471277243,0.20078028471277243,0.04031272272934196,-0.24550382824674521,-0.24296703632943384,-0.002536791917311376
2021-07-21 00:00:00+00:00,-9.744969056847722,-9.9717386642624,0.22676960741467767,0.22676960741467767,0.05142445484700703,-0.12128793154625228,-0.14727725424815752,0.025989322701905238
2021-07-22 00:00:00+00:00,-9.80339005673234,-9.999656341177484,0.19626628444514438,0.19626628444514438,0.03852045440990232,-0.058420999884617686,-0.0279176769150844,-0.030503322969533286
2021-07-23 00:00:00+00:00,-9.921622340026236,-10.205440339637502,0.28381799961126575,0.28381799961126575,0.08055265690334044,-0.11823228329389579,-0.20578399846001716,0.08755171516612137
2021-07-26 00:00:00+00:00,-9.97911141554399,-10.24251868229249,0.2634072667484997,0.2634072667484997,0.06938338817591526,-0.05748907551775417,-0.037078342654988106,-0.020410732862766068
2021-07-27 00:00:00+00:00,-9.853033025003516,-10.106918082141222,0.2538850571377065,0.2538850571377065,0.06445762223781648,0.12607839054047432,0.13560060015126751,-0.009522209610793197
2021-07-28 00:00:00+00:00,-9.845047649408892,-10.077442072895568,0.23239442348667616,0.23239442348667616,0.05400716806770458,0.007985375594623534,0.029476009245653856,-0.021490633651030322
2021-07-29 00:00:00+00:00,-9.7912824023986,-10.151997044550908,0.360714642152308,0.360714642152308,0.1301150530630676,0.05376524701029162,-0.0745549716553402,0.1283202186656318
2021-07-30 00:00:00+00:00,-9.808148298033894,-10.016315587863772,0.20816728982987875,0.20816728982987875,0.04333362055511674,-0.01686589563529317,0.13568145668713605,-0.15254735232242922
2021-08-02 00:00:00+00:00,-9.7568037032153,-9.951993987065048,0.19519028384974746,0.19519028384974746,0.038099246909344985,0.05134459481859288,0.06432160079872418,-0.012977005980131295
2021-08-03 00:00:00+00:00,-9.835111980428088,-10.108065098341108,0.2729531179130191,0.2729531179130191,0.07450340457843853,-0.07830827721278766,-0.15607111127605933,0.07776283406327167
2021-08-04 00:00:00+00:00,-9.7781183028313,-9.974382749434628,0.19626444660332787,0.19626444660332787,0.038519733000510537,0.05699367759678786,0.13368234890647912,-0.07668867130969126
2021-08-05 00:00:00+00:00,-9.85744087077658,-10.093323989362368,0.2358831185857877,0.2358831185857877,0.055640845633756784,-0.07932256794527959,-0.11894123992773942,0.03961867198245983
2021-08-06 00:00:00+00:00,-9.90512633553596,-10.111361286659228,0.20623495112326928,0.20623495112326928,0.04253285506481727,-0.04768546475937896,-0.018037297296860544,-0.029648167462518416
2021-08-09 00:00:00+00:00,-9.85999798541525,-10.072456110918647,0.2124581255033977,0.2124581255033977,0.04513845509241749,0.04512835012070937,0.038905175740580944,0.006223174380128427
2021-08-10 00:00:00+00:00,-9.857307369078924,-10.08131793413614,0.22401056505721506,0.22401056505721506,0.05018073325725278,0.002690616336325391,-0.00886182321749196,0.01155243955381735
2021-08-11 00:00:00+00:00,-9.89788109747794,-10.118285067272282,0.22040396979434185,0.22040396979434185,0.04857790990110515,-0.04057372839901596,-0.03696713313614275,-0.0036065952628732134
2021-08-12 00:00:00+00:00,-9.946684395170596,-10.167319628761126,0.22063523359052972,0.22063523359052972,0.048679906301547615,-0.04880329769265579,-0.049034561488843664,0.00023126379618787496
2021-08-13 00:00:00+00:00,-9.966701478951194,-10.189103104076423,0.22240162512522943,0.22240162512522943,0.04946248285834308,-0.020017083780597744,-0.02178347531529745,0.0017663915346997072
2021-08-16 00:00:00+00:00,-10.002740522779192,-10.223678030063075,0.2209375072838835,0.2209375072838835,0.048813382124816077,-0.03603904382799783,-0.034574925986651905,-0.0014641178413459244
2021-08-17 00:00:00+00:00,-9.78305098542073,-10.040533294203849,0.2574823087831195,0.2574823087831195,0.0662971393362857,0.21968953735846242,0.18314473585922642,0.036544801499236
2021-08-18 00:00:00+00:00,-9.565288022391796,-9.776695317037944,0.2114072946461487,0.2114072946461487,0.04469304422960354,0.2177629630289335,0.2638379771659043,-0.04607501413697079
2021-08-19 00:00:00+00:00,-9.567232632363275,-9.793752141298777,0.22651950893550143,0.22651950893550143,0.05131108792838071,-0.001944609971479494,-0.017056824260832215,0.015112214289352721
2021-08-20 00:00:00+00:00,-9.746796819353364,-9.93647165790222,0.18967483854885714,0.18967483854885714,0.03597654437853502,-0.17956418699008836,-0.14271951660344406,-0.036844670386644296
2021-08-23 00:00:00+00:00,-9.928077861612769,-10.105406565140845,0.17732870352807595,0.17732870352807595,0.031445469094948254,-0.1812810422594051,-0.16893490723862392,-0.01234613502078119
2021-08-24 00:00:00+00:00,-9.911555524376125,-10.121917361747146,0.2103618373710212,0.2103618373710212,0.044252102622111975,0.01652233723664409,-0.01651079660630117,0.03303313384294526
2021-08-25 00:00:00+00:00,-9.948747485136575,-10.150202871125098,0.2014553859885222,0.2014553859885222,0.040584272543784466,-0.037191960760450726,-0.028285509377951712,-0.008906451382499014
2021-08-26 00:00:00+00:00,-9.79637524826038,-9.989899777541629,0.1935245292812482,0.1935245292812482,0.03745174343352869,0.15237223687619483,0.16030309358346884,-0.007930856707274003
2021-08-27 00:00:00+00:00,-9.9688488376998,-10.165812943966456,0.1969641062666554,0.1969641062666554,0.03879485915742232,-0.17247358943942004,-0.17591316642482724,0.0034395769854072
2021-08-30 00:00:00+00:00,-10.055567605135163,-10.248538386949972,0.1929707818148092,0.1929707818148092,0.0372377226342187,-0.08671876743536266,-0.08272544298351647,-0.003993324451846192
2021-08-31 00:00:00+00:00,-10.038466726277708,-10.18870145870559,0.150234732427883,0.150234732427883,0.022570474827677597,0.01710087885745537,0.05983692824438158,-0.04273604938692621
2021-09-01 00:00:00+00:00,-9.991884242045288,-10.1796018171742,0.18771757512891263,0.18771757512891263,0.03523788801227896,0.046582484232420285,0.009099641531390645,0.03748284270102964
2021-09-02 00:00:00+00:00,-9.99166671237286,-10.2313153208589,0.23964860848604097,0.23964860848604097,0.05743145554929575,0.00021752967242782972,-0.05171350368470051,0.05193103335712834
2021-09-03 00:00:00+00:00,-10.008581199571363,-10.202559512585594,0.19397831301423096,0.19397831301423096,0.03762758591984697,-0.016914487198503636,0.02875580827330637,-0.04567029547181001
2021-09-07 00:00:00+00:00,-9.884286491610933,-10.093891721794384,0.20960523018345079,0.20960523018345079,0.04393435252025739,0.12429470796043063,0.1086677907912108,0.015626917169219823
2021-09-08 00:00:00+00:00,-9.831456460259098,-10.046258885490207,0.2148024252311096,0.2148024252311096,0.046140081885166426,0.05283003135183506,0.04763283630417625,0.005197195047658809
2021-09-09 00:00:00+00:00,-9.7360717435406,-9.93168633698948,0.19561459344888021,0.19561459344888021,0.03826506917017069,0.09538471671849713,0.11457254850072651,-0.01918783178222938
2021-09-10 00:00:00+00:00,-9.567493001535144,-9.748267907028197,0.18077490549305253,0.18077490549305253,0.032679566456022074,0.1685787420054563,0.183418429961284,-0.014839687955827685
2021-09-13 00:00:00+00:00,-9.630330523592797,-9.784898588934524,0.15456806534172784,0.15456806534172784,0.02389128682348465,-0.06283752205765225,-0.03663068190632757,-0.026206840151324684
2021-09-14 00:00:00+00:00,-9.507127801318983,-9.6653455720251,0.1582177707061163,0.1582177707061163,0.025032862967213198,0.12320272227381324,0.11955301690942477,0.003649705364388467
2021-09-15 00:00:00+00:00,-9.64034618295276,-9.80815437704924,0.16780819409648018,0.16780819409648018,0.028159590005921966,-0.13321838163377642,-0.14280880502414028,0.009590423390363867
2021-09-16 00:00:00+00:00,-9.553440808275637,-9.76284480578963,0.2094039975139932,0.2094039975139932,0.043850034174840465,0.08690537467712289,0.04530957125960988,0.04159580341751301
2021-09-17 00:00:00+00:00,-9.279719694484696,-9.559892490162865,0.280172795678169,0.280172795678169,0.07849679543812103,0.2737211137909412,0.2029523156267654,0.0707687981641758
2021-09-20 00:00:00+00:00,-9.072575448755767,-9.255675050373911,0.1830996016181441,0.1830996016181441,0.03352546411272307,0.2071442457289283,0.3042174397889532,-0.0970731940600249
2021-09-21 00:00:00+00:00,-8.984770177459971,-9.23765044898084,0.2528802715208691,0.2528802715208691,0.06394843172446849,0.08780527129579596,0.018024601393070938,0.06978066990272502
2021-09-22 00:00:00+00:00,-9.152292772519507,-9.379380606291114,0.22708783377160735,0.22708783377160735,0.05156888424708117,-0.16752259505953582,-0.14173015731027405,-0.025792437749261765
2021-09-23 00:00:00+00:00,-9.355404954353675,-9.567317095242856,0.2119121408891811,0.2119121408891811,0.04490675545623614,-0.20311218183416813,-0.18793648895174186,-0.015175692882426262
2021-09-24 00:00:00+00:00,-9.377076006591835,-9.587100934574956,0.21002492798312034,0.21002492798312034,0.044110470374314883,-0.021671052238160016,-0.019783839332099262,-0.0018872129060607534
2021-09-27 00:00:00+00:00,-9.293266770606747,-9.52654945286238,0.23328268225563242,0.23328268225563242,0.05442080984038236,0.08380923598508794,0.06055148171257585,0.023257754272512088
2021-09-28 00:00:00+00:00,-9.004359023201783,-9.166615783141667,0.16225675993988453,0.16225675993988453,0.026327256146189318,0.2889077474049646,0.3599336697207125,-0.07102592231574789
2021-09-29 00:00:00+00:00,-9.027837987162084,-9.188601844104912,0.1607638569428289,0.1607638569428289,0.02584501769913436,-0.023478963960300803,-0.02198606096324518,-0.001492902997055623
2021-09-30 00:00:00+00:00,-8.83850504305506,-9.006440585346706,0.1679355422916462,0.1679355422916462,0.02820234636478929,0.18933294410702395,0.18216125875820666,0.007171685348817292
2021-10-01 00:00:00+00:00,-8.986383596340657,-9.164228969687928,0.1778453733472709,0.1778453733472709,0.03162897682103018,-0.1478785532855973,-0.157788384341222,0.009909831055624707
2021-10-04 00:00:00+00:00,-8.787239130066679,-8.974782740248358,0.1875436101816792,0.1875436101816792,0.03517260571997764,0.19914446627397808,0.1894462294395698,0.009698236834408291
2021-10-05 00:00:00+00:00,-8.89921675650948,-9.111402133341407,0.21218537683192729,0.21218537683192729,0.045022634141306986,-0.11197762644280118,-0.13661939309304927,0.024641766650248087
2021-10-06 00:00:00+00:00,-9.01789467504068,-9.168261019771352,0.15036634473067245,0.15036634473067245,0.022610037627663428,-0.11867791853119947,-0.05685888642994463,-0.061819032101254834
2021-10-07 00:00:00+00:00,-9.131855094337528,-9.290333576393651,0.15847848205612358,0.15847848205612358,0.025115429274813084,-0.11396041929684841,-0.12207255662229954,0.00811213732545113
2021-10-08 00:00:00+00:00,-9.050817844423776,-9.257966330139304,0.20714848571552835,0.20714848571552835,0.042910495134236455,0.08103724991375216,0.03236724625434739,0.04867000365940477
2021-10-11 00:00:00+00:00,-8.948790033447247,-9.144388333820103,0.19559830037285586,0.19559830037285586,0.03825869510874994,0.10202781097652824,0.11357799631920074,-0.011550185342672492
2021-10-12 00:00:00+00:00,-8.946500254192255,-9.107259036641109,0.16075878244885367,0.16075878244885367,0.02584338613443786,0.002289779254992297,0.03712929717899449,-0.034839517924002195
2021-10-13 00:00:00+00:00,-8.996454957916361,-9.156267404949492,0.15981244703313102,0.15981244703313102,0.02554001822671731,-0.04995470372410615,-0.04900836830838351,-0.0009463354157226433
2021-10-14 00:00:00+00:00,-9.236242517563484,-9.393750824679232,0.15750830711574793,0.15750830711574793,0.024808866810468767,-0.23978755964712306,-0.23748341972973996,-0.0023041399173830968
2021-10-15 00:00:00+00:00,-9.32849850404903,-9.510260523216228,0.18176201916719847,0.18176201916719847,0.03303743161173703,-0.09225598648554545,-0.116509698536996,0.02425371205145055
2021-10-18 00:00:00+00:00,-9.375584608188674,-9.552705525893169,0.17712091770449412,0.17712091770449412,0.03137181948848218,-0.04708610413964465,-0.04244500267694029,-0.004641101462704356
2021-10-19 00:00:00+00:00,-9.513530941870426,-9.678172559774907,0.16464161790448095,0.16464161790448095,0.0271068623462051,-0.1379463336817519,-0.12546703388173874,-0.012479299800013166
2021-10-20 00:00:00+00:00,-9.524874849272102,-9.73985420613891,0.2149793568668077,0.2149793568668077,0.046216123878866255,-0.011343907401675679,-0.06168164636400242,0.05033773896232674
2021-10-21 00:00:00+00:00,-9.553440939780357,-9.77738079352122,0.22393985374086256,0.22393985374086256,0.050149058093478915,-0.02856609050825476,-0.03752658738230963,0.008960496874054868
2021-10-22 00:00:00+00:00,-9.564763950834283,-9.743908925052072,0.1791449742177882,0.1791449742177882,0.03209292178749199,-0.011323011053926635,0.033471868469147736,-0.04479487952307437
2021-10-25 00:00:00+00:00,-9.682384449636746,-9.83422564866799,0.15184119903124405,0.15184119903124405,0.023055749723245866,-0.11762049880246295,-0.0903167236159188,-0.027303775186544144
2021-10-26 00:00:00+00:00,-9.681753798593174,-9.837995359270572,0.15624156067739747,0.15624156067739747,0.024411425282908877,0.0006306510435720725,-0.0037697106025813554,0.004400361646153428
2021-10-27 00:00:00+00:00,-9.596504199951848,-9.734119015621411,0.13761481566956313,0.13761481566956313,0.018937837491767837,0.08524959864132597,0.10387634364916032,-0.018626745007834344
2021-10-28 00:00:00+00:00,-9.675653530065942,-9.905544594432188,0.22989106436624596,0.22989106436624596,0.052849901475445445,-0.07914933011409353,-0.17142557881077636,0.09227624869668283
2021-10-29 00:00:00+00:00,-9.775660210297556,-9.932020278800625,0.15636006850306927,0.15636006850306927,0.024448471022284514,-0.10000668023161374,-0.026475684368437058,-0.07353099586317668
2021-11-01 00:00:00+00:00,-9.723412713830122,-9.95199735668938,0.22858464285925884,0.22858464285925884,0.05225093895109491,0.05224749646743376,-0.0199770778887558,0.07222457435618956
2021-11-02 00:00:00+00:00,-9.82602912278906,-10.021320023469524,0.1952909006804635,0.1952909006804635,0.038138535888586664,-0.10261640895893898,-0.06932266678014365,-0.03329374217879533
2021-11-03 00:00:00+00:00,-9.99814391314078,-10.13749144522846,0.13934753208767958,0.13934753208767958,0.01941773469892689,-0.17211479035171884,-0.11617142175893491,-0.055943368592783926
2021-11-04 00:00:00+00:00,-10.065074018541468,-10.226723978582791,0.16164996004132348,0.16164996004132348,0.02613070958136148,-0.06693010540068833,-0.08923253335433223,0.0223024279536439
2021-11-05 00:00:00+00:00,-10.087806851686034,-10.288678640897055,0.20087178921102122,0.20087178921102122,0.04034947570083694,-0.0227328331445662,-0.06195466231426394,0.03922182916969774
2021-11-08 00:00:00+00:00,-10.083596913161635,-10.286055853485053,0.20245894032341738,0.20245894032341738,0.04098962251688108,0.004209938524398993,0.002622787412002836,0.0015871511123961568
2021-11-09 00:00:00+00:00,-9.973075672258572,-10.178640759946717,0.20556508768814474,0.20556508768814474,0.04225700527623464,0.11052124090306314,0.10741509353833578,0.003106147364727363
2021-11-10 00:00:00+00:00,-9.80059244138607,-9.964250963733996,0.16365852234792477,0.16365852234792477,0.026784111937106194,0.17248323087250128,0.21438979621272125,-0.04190656534021997
2021-11-11 00:00:00+00:00,-9.822044799450522,-9.954212956409789,0.13216815695926698,0.13216815695926698,0.017468421714009433,-0.021452358064451005,0.010038007324206788,-0.03149036538865779
2021-11-12 00:00:00+00:00,-9.943143150355814,-10.09795516183319,0.15481201147737522,0.15481201147737522,0.023966758897670956,-0.1210983509052923,-0.14374220542340055,0.022643854518108242
2021-11-15 00:00:00+00:00,-9.922711921665355,-10.0859754891382,0.16326356747284443,0.16326356747284443,0.026654992463960026,0.02043122869045888,0.011979672694989674,0.008451555995469207
2021-11-16 00:00:00+00:00,-9.999363314454088,-10.156436705558162,0.15707339110407403,0.15707339110407403,0.024672050192933403,-0.07665139278873312,-0.07046121641996272,-0.006190176368770395
2021-11-17 00:00:00+00:00,-9.922755455213595,-10.07790036477628,0.15514490956268467,0.15514490956268467,0.024069942963213607,0.07660785924049307,0.07853634078188243,-0.0019284815413893597
2021-11-18 00:00:00+00:00,-9.985686118626724,-10.135480789929757,0.1497946713030327,0.1497946713030327,0.02243844355078361,-0.06293066341312858,-0.05758042515347661,-0.005350238259651974
2021-11-19 00:00:00+00:00,-9.9268329229052,-10.073019771139624,0.1461868482344233,0.1461868482344233,0.02137059459671431,0.05885319572152348,0.06246101879013288,-0.003607823068609406
2021-11-22 00:00:00+00:00,-9.84986591015578,-9.98988027145929,0.14001436130351053,0.14001436130351053,0.019604021371229987,0.07696701274942086,0.08313949968033363,-0.006172486930912768
2021-11-23 00:00:00+00:00,-9.82024143096163,-10.001166068421371,0.18092463745974108,0.18092463745974108,0.032733724439938744,0.029624479194149345,-0.011285796962081207,0.04091027615623055
2021-11-24 00:00:00+00:00,-9.894310845660655,-10.041671667604536,0.1473608219438809,0.1473608219438809,0.02171521184397617,-0.07406941469902506,-0.040505599183164875,-0.033563815515860185
2021-11-26 00:00:00+00:00,-9.26317417787346,-9.520142728779938,0.2569685509064783,0.2569685509064783,0.06603283615497534,0.6311366677871959,0.5215289388245985,0.1096077289625974
2021-11-29 00:00:00+00:00,-9.568973457254806,-9.721600478272793,0.1526270210179863,0.1526270210179863,0.023295007544824834,-0.3057992793813469,-0.2014577494928549,-0.10434152988849199
2021-11-30 00:00:00+00:00,-9.231124492738974,-9.335754049355314,0.10462955661633977,0.10462955661633977,0.01094734411773185,0.3378489645158318,0.38584642891747833,-0.04799746440164654
2021-12-01 00:00:00+00:00,-9.358666710721188,-9.155239867739372,-0.20342684298181624,0.20342684298181624,0.04138248044554852,-0.12754221798221366,0.18051418161594235,-0.308056399598156
2021-12-02 00:00:00+00:00,-9.13173219123302,-9.371360741148129,0.23962854991510874,0.23962854991510874,0.05742184193441776,0.226934519488168,-0.21612087340875696,0.44305539289692497
2021-12-03 00:00:00+00:00,-9.070108594305882,-9.225947141634345,0.1558385473284627,0.1558385473284627,0.02428565283344551,0.061623596927137925,0.14541359951378396,-0.08379000258664604
2021-12-06 00:00:00+00:00,-9.22802491750096,-9.397755898054164,0.16973098055320435,0.16973098055320435,0.02880860575955223,-0.15791632319507798,-0.17180875641981963,0.013892433224741652
2021-12-07 00:00:00+00:00,-9.554052751051112,-9.723136027043536,0.16908327599242412,0.16908327599242412,0.028589154220330266,-0.3260278335501514,-0.3253801289893712,-0.0006477045607802268
2021-12-08 00:00:00+00:00,-9.572275860030867,-9.761330078919803,0.18905421888893592,0.18905421888893592,0.0357414976797057,-0.018223108979755764,-0.038194051876267565,0.0199709428965118
2021-12-09 00:00:00+00:00,-9.466213357605737,-9.617024793983807,0.1508114363780706,0.1508114363780706,0.022744089342416837,0.10606250242513049,0.14430528493599581,-0.038242782510865325
2021-12-10 00:00:00+00:00,-9.578727037238837,-9.776080699185494,0.19735366194665716,0.19735366194665716,0.03894846788375543,-0.11251367963309988,-0.15905590520168644,0.04654222556858656
2021-12-13 00:00:00+00:00,-9.43955452499121,-9.58902628479109,0.14947175979988003,0.14947175979988003,0.02234180697767303,0.13917251224762595,0.18705441439440307,-0.04788190214677712
2021-12-14 00:00:00+00:00,-9.2857068924157,-9.45646618886332,0.17075929644762056,0.17075929644762056,0.02915873732328636,0.15384763257551093,0.1325600959277704,0.021287536647740524
2021-12-15 00:00:00+00:00,-9.563658672017448,-9.707766235908702,0.14410756389125368,0.14410756389125368,0.02076698997067176,-0.27795177960174833,-0.25130004704538145,-0.02665173255636688
2021-12-16 00:00:00+00:00,-9.355099549868362,-9.528593950034985,0.1734944001666232,0.1734944001666232,0.030100306889176386,0.20855912214908656,0.17917228587371703,0.029386836275369532
2021-12-17 00:00:00+00:00,-9.155806630394668,-9.335168417438563,0.17936178704389505,0.17936178704389505,0.032170650651579556,0.19929291947369343,0.1934255325964216,0.005867386877271841
2021-12-20 00:00:00+00:00,-9.00602343056029,-9.162238860571415,0.15621543001112492,0.15621543001112492,0.02440326057356067,0.1497831998343777,0.17292955686714784,-0.023146357032770126
2021-12-21 00:00:00+00:00,-9.14918199095898,-9.413627277576008,0.26444528661702904,0.26444528661702904,0.06993130961396264,-0.1431585603986889,-0.251388417004593,0.10822985660590412
2021-12-22 00:00:00+00:00,-9.367514055542172,-9.569563155278448,0.20204909973627672,0.20204909973627672,0.0408238387042399,-0.21833206458319232,-0.15593587770244,-0.062396186880752325
2021-12-23 00:00:00+00:00,-9.452745740188815,-9.669703093202154,0.2169573530133384,0.2169573530133384,0.04707049302655434,-0.08523168464664366,-0.10013993792370535,0.01490825327706169
2021-12-27 00:00:00+00:00,-9.678365879046469,-9.91906322470176,0.24069734565529188,0.24069734565529188,0.05793521220550306,-0.22562013885765353,-0.249360131499607,0.023739992641953478
2021-12-28 00:00:00+00:00,-9.69495761293746,-9.88586772342552,0.19091011048806017,0.19091011048806017,0.03644667028656334,-0.016591733890990668,0.033195501276241046,-0.049787235167231714
2021-12-29 00:00:00+00:00,-9.66077094312183,-9.89688361333962,0.23611267021778914,0.23611267021778914,0.05574919303737445,0.03418666981562879,-0.011015889914100185,0.045202559729728975
2021-12-30 00:00:00+00:00,-9.615021401504409,-9.823848584864482,0.20882718336007322,0.20882718336007322,0.04360879251010164,0.04574954161742184,0.07303502847513776,-0.027285486857715924
2021-12-31 00:00:00+00:00,-9.577452541206409,-9.759236883900009,0.1817843426936001,0.1817843426936001,0.03304554724854424,0.03756886029800022,0.06461170096447333,-0.02704284066647311
2022-01-03 00:00:00+00:00,-9.633308183107037,-9.85827097226842,0.22496278916138301,0.22496278916138301,0.05060825650726887,-0.05585564190062797,-0.09903408836841088,0.043178446467782905
2022-01-04 00:00:00+00:00,-9.60718491855311,-9.836643308581277,0.22945839002816726,0.22945839002816726,0.05265115275431853,0.026123264553927328,0.021627663687143084,0.004495600866784244
2022-01-05 00:00:00+00:00,-9.264808526207377,-9.431813270585245,0.16700474437786816,0.16700474437786816,0.027890584644717088,0.3423763923457326,0.4048300379960317,-0.062453645650299094
2022-01-06 00:00:00+00:00,-9.26514359728816,-9.409552211032384,0.14440861374422376,0.14440861374422376,0.02085384772352841,-0.00033507108078367764,0.02226105955286073,-0.022596130633644407
2022-01-07 00:00:00+00:00,-9.14772253647572,-9.338631525575872,0.19090898910015142,0.19090898910015142,0.03644624211924173,0.11742106081243975,0.07092068545651209,0.04650037535592766
2022-01-10 00:00:00+00:00,-8.937895727050979,-9.313885217740184,0.3759894906892054,0.3759894906892054,0.14136809710872808,0.20982680942474197,0.024746307835687986,0.18508050158905398
2022-01-11 00:00:00+00:00,-9.233553784772964,-9.449988425455162,0.21643464068219842,0.21643464068219842,0.04684395368723234,-0.29565805772198495,-0.13610320771497797,-0.15955485000700698
2022-01-12 00:00:00+00:00,-9.27188795401266,-9.487761260796738,0.21587330678407746,0.21587330678407746,0.04660128458189242,-0.03833416923969679,-0.03777283534157583,-0.0005613338981209637
2022-01-13 00:00:00+00:00,-9.045412996788963,-9.245027050218988,0.19961405343002525,0.19961405343002525,0.03984577032676498,0.22647495722369726,0.24273421057774947,-0.016259253354052206
2022-01-14 00:00:00+00:00,-9.069271297143768,-9.247579998620362,0.1783087014765936,0.1783087014765936,0.03179399302226898,-0.02385830035480474,-0.0025529484013731008,-0.02130535195343164
2022-01-18 00:00:00+00:00,-8.76646855155164,-8.975376076987107,0.20890752543546753,0.20890752543546753,0.043642354183570514,0.3028027455921283,0.27220392163325435,0.030598823958873922
2022-01-19 00:00:00+00:00,-8.620372429900772,-8.839057789405427,0.2186853595046543,0.2186853595046543,0.04782328646167989,0.14609612165086716,0.1363182875816804,0.009777834069186753
2022-01-20 00:00:00+00:00,-8.792046174202724,-8.705283147094224,-0.08676302710849981,0.08676302710849981,0.007527822873030273,-0.17167374430195181,0.13377464231120229,-0.3054483866131541
2022-01-21 00:00:00+00:00,-8.202267737146855,-8.482383707026884,0.28011596988002907,0.28011596988002907,0.07846495658182935,0.5897784370558696,0.22289944006734075,0.3668789969885289
2022-01-24 00:00:00+00:00,-8.277227355552567,-8.533796647175455,0.25656929162288833,0.25656929162288833,0.06582780140387072,-0.07495961840571219,-0.05141294014857145,-0.02354667825714074
2022-01-25 00:00:00+00:00,-8.18660273351557,-8.411412160917289,0.22480942740171805,0.22480942740171805,0.05053927864868834,0.09062462203699617,0.12238448625816645,-0.031759864221170275
2022-01-26 00:00:00+00:00,-8.216518449836535,-8.395294332108104,0.1787758822715695,0.1787758822715695,0.03196081608197807,-0.029915716320964236,0.01611782880918433,-0.04603354513014857
2022-01-27 00:00:00+00:00,-8.165995348576114,-8.355587972363441,0.18959262378732689,0.18959262378732689,0.03594536299456287,0.05052310126042059,0.03970635974466319,0.0108167415157574
2022-01-28 00:00:00+00:00,-8.367225471641705,-8.601911735646945,0.23468626400524073,0.23468626400524073,0.05507764251273755,-0.2012301230655904,-0.24632376328350425,0.045093640217913844
2022-01-31 00:00:00+00:00,-8.545794548523354,-8.802835233214262,0.25704068469090835,0.25704068469090835,0.06606991358637096,-0.17856907688164902,-0.20092349756731664,0.02235442068566762
2022-02-01 00:00:00+00:00,-8.70133409373483,-8.887329918349119,0.1859958246142881,0.1859958246142881,0.03459444677394902,-0.15553954521147695,-0.0844946851348567,-0.07104486007662025
2022-02-02 00:00:00+00:00,-8.651390851678169,-9.010907754342515,0.3595169026643461,0.3595169026643461,0.12925240330136492,0.049943242056661674,-0.12357783599339633,0.173521078050058
2022-02-03 00:00:00+00:00,-8.624135921034576,-8.693215566136887,0.06907964510231146,0.06907964510231146,0.004771997367461304,0.02725493064359341,0.31769218820562806,-0.29043725756203465
2022-02-04 00:00:00+00:00,-8.53982684088195,-8.751680432242548,0.21185359136059745,0.21185359136059745,0.04488194417238301,0.08430908015262517,-0.05846486610566082,0.142773946258286
2022-02-07 00:00:00+00:00,-8.553661893275132,-8.717988106894797,0.16432621361966504,0.16432621361966504,0.02700310448257579,-0.013835052393181613,0.033692325347750796,-0.04752737774093241
2022-02-08 00:00:00+00:00,-8.659525558413263,-8.817240928409182,0.15771536999591973,0.15771536999591973,0.024874137932949857,-0.10586366513813061,-0.0992528215143853,-0.0066108436237453105
2022-02-09 00:00:00+00:00,-8.780812279647686,-8.996732640237243,0.215920360589557,0.215920360589557,0.046621602117124315,-0.12128672123442286,-0.17949171182806012,0.05820499059363726
2022-02-10 00:00:00+00:00,-8.543383893215049,-8.756557200989597,0.21317330777454835,0.21317330777454835,0.045442859147542314,0.23742838643263653,0.24017543924764517,-0.0027470528150086437
2022-02-11 00:00:00+00:00,-8.380195273326203,-8.525991031562828,0.14579575823662516,0.14579575823662516,0.021256403119792454,0.16318861988884592,0.2305661694267691,-0.06737754953792319
2022-02-14 00:00:00+00:00,-8.352485800924185,-8.498852669133097,0.14636686820891143,0.14636686820891143,0.021423260109284848,0.02770947240201771,0.027138362429731444,0.0005711099722862656
2022-02-15 00:00:00+00:00,-8.481675179880448,-8.672279361771214,0.190604181890766,0.190604181890766,0.03632995415424821,-0.12918937895626215,-0.17342669263811672,0.04423731368185457
2022-02-16 00:00:00+00:00,-8.512649604607748,-8.690154144569544,0.17750453996179516,0.17750453996179516,0.031507861707048536,-0.030974424727300942,-0.017874782798330102,-0.01309964192897084
2022-02-17 00:00:00+00:00,-8.307214275683508,-8.449037929897266,0.14182365421375742,0.14182365421375742,0.020113948894543432,0.20543532892424032,0.24111621467227806,-0.03568088574803774
2022-02-18 00:00:00+00:00,-8.214051267839134,-8.391664953006943,0.17761368516780962,0.17761368516780962,0.031546621158889794,0.09316300784437459,0.05737297689032239,0.0357900309540522
2022-02-22 00:00:00+00:00,-8.204989141030099,-8.294710419459397,0.08972127842929822,0.08972127842929822,0.008049907802987654,0.00906212680903451,0.0969545335475459,-0.0878924067385114
2022-02-23 00:00:00+00:00,-7.977224116429261,-8.137447550882074,0.16022343445281262,0.16022343445281262,0.02567154894785474,0.22776502460083758,0.1572628685773232,0.0705021560235144
2022-02-24 00:00:00+00:00,-8.08547891037414,-8.279154675022134,0.19367576464799363,0.19367576464799363,0.03751030181198502,-0.10825479394487925,-0.14170712414006026,0.03345233019518101
2022-02-25 00:00:00+00:00,-8.35796584185611,-8.492495317566897,0.13452947571078688,0.13452947571078688,0.0180981798350192,-0.27248693148196956,-0.21334064254476282,-0.05914628893720675
2022-02-28 00:00:00+00:00,-8.353815075116241,-8.473746977698516,0.11993190258227493,0.11993190258227493,0.014383661257004283,0.004150766739869027,0.01874833986838098,-0.014597573128511954
2022-03-01 00:00:00+00:00,-8.214036212835206,-8.324632454653425,0.11059624181821981,0.11059624181821981,0.012231528704314152,0.13977886228103564,0.14911452304509076,-0.00933566076405512
2022-03-02 00:00:00+00:00,-8.361599907872208,-8.507845643161223,0.14624573528901585,0.14624573528901585,0.021387815090224898,-0.14756369503700206,-0.1832131885077981,0.035649493470796045
2022-03-03 00:00:00+00:00,-8.364801231920408,-8.463399674189056,0.09859844226864745,0.09859844226864745,0.009721652817803803,-0.0032013240482005045,0.044445968972167904,-0.04764729302036841
2022-03-04 00:00:00+00:00,-8.248269468667468,-8.38844228277787,0.14017281411040194,0.14017281411040194,0.019648417815629298,0.11653176325294012,0.07495739141118563,0.0415743718417545
2022-03-07 00:00:00+00:00,-7.94757022930353,-8.103995750713757,0.15642552141022747,0.15642552141022747,0.024468943748461536,0.3006992393639383,0.28444653206411274,0.01625270729982553
2022-03-08 00:00:00+00:00,-7.929572624970067,-8.051922058182265,0.12234943321219838,0.12234943321219838,0.014969383807346191,0.017997604333462647,0.052073692531491744,-0.0340760881980291
2022-03-09 00:00:00+00:00,-8.161535976806231,-8.284943110821278,0.12340713401504644,0.12340713401504644,0.015229320725807632,-0.23196335183616412,-0.23302105263901218,0.0010577008028480606
2022-03-10 00:00:00+00:00,-8.15067095833959,-8.25323127742356,0.10256031908396857,0.10256031908396857,0.010518619050605447,0.010865018466640564,0.031711833397718436,-0.020846814931077873
2022-03-11 00:00:00+00:00,-8.111234793890576,-8.146717297261548,0.035482503370971585,0.035482503370971585,0.0012590080454710098,0.039436164449014655,0.10651398016201163,-0.06707781571299698
2022-03-14 00:00:00+00:00,-7.996287356807836,-8.095118430143406,0.09883107333557017,0.09883107333557017,0.00976758105666085,0.11494743708273969,0.0515988671181411,0.06334856996459859
2022-03-15 00:00:00+00:00,-8.16910156992648,-8.292460594921437,0.1233590249949561,0.1233590249949561,0.015217449047706205,-0.1728142131186443,-0.19734216477803024,0.024527951659385927
2022-03-16 00:00:00+00:00,-8.423625230911062,-8.507982868122907,0.08435763721184486,0.08435763721184486,0.007116210955965233,-0.25452366098458157,-0.21552227320147033,-0.03900138778311124
2022-03-17 00:00:00+00:00,-8.489066766738237,-8.644926684145384,0.1558599174071471,0.1558599174071471,0.02429231385416272,-0.06544153582717449,-0.13694381602247674,0.07150228019530225
2022-03-18 00:00:00+00:00,-8.667502847034461,-8.771921922721164,0.10441907568670317,0.10441907568670317,0.010903343367265445,-0.17843608029622438,-0.12699523857578043,-0.05144084172044394
2022-03-21 00:00:00+00:00,-8.585851382093386,-8.772234235055036,0.1863828529616498,0.1863828529616498,0.03473856787812397,0.08165146494107489,-0.00031231233387174484,0.08196377727494664
2022-03-22 00:00:00+00:00,-8.803540908382795,-8.914105933538295,0.11056502515550015,0.11056502515550015,0.012224624787636381,-0.21768952628940852,-0.14187169848325887,-0.07581782780614965
2022-03-23 00:00:00+00:00,-8.638414673586746,-8.750682040501491,0.11226736691474493,0.11226736691474493,0.012603961673969964,0.16512623479604827,0.1634238930368035,0.0017023417592447743
2022-03-24 00:00:00+00:00,-8.802990589322013,-8.930487288387784,0.12749669906577132,0.12749669906577132,0.016255408272667856,-0.16457591573526642,-0.17980524788629282,0.015229332151026398
2022-03-25 00:00:00+00:00,-8.874541111694773,-8.994466363372839,0.11992525167806534,0.11992525167806534,0.014382065990047313,-0.07155052237276038,-0.0639790749850544,-0.007571447387705987
2022-03-28 00:00:00+00:00,-8.971919594859143,-9.08885737588154,0.11693778102239705,0.11693778102239705,0.013674444630442083,-0.09737848316436981,-0.09439101250870152,-0.0029874706556682895
2022-03-29 00:00:00+00:00,-9.135856565228352,-9.258609873442172,0.12275330821382013,0.12275330821382013,0.015068374677437121,-0.16393697036920862,-0.1697524975606317,0.005815527191423087
2022-03-30 00:00:00+00:00,-9.05824333274291,-9.161185690127237,0.10294235738432711,0.10294235738432711,0.010597128943842526,0.07761323248544194,0.09742418331493496,-0.019810950829493024
2022-03-31 00:00:00+00:00,-9.006604557528235,-8.935628323772324,-0.07097623375591056,0.07097623375591056,0.005037625758173657,0.05163877521467519,0.22555736635491286,-0.17391859114023767
2022-04-01 00:00:00+00:00,-8.872326505179373,-8.973404838492089,0.10107833331271543,0.10107833331271543,0.010216829465276397,0.13427805234886137,-0.03777651471976462,0.17205456706862599
2022-04-04 00:00:00+00:00,-8.96952625047695,-9.0860627843606,0.11653653388365015,0.11653653388365015,0.01358076372961514,-0.09719974529757636,-0.11265794586851108,0.015458200570934721
2022-04-05 00:00:00+00:00,-8.810386256243973,-8.908724707861916,0.09833845161794308,0.09833845161794308,0.009670451066614532,0.15913999423297653,0.1773380764986836,-0.018198082265707072
2022-04-06 00:00:00+00:00,-8.635287404053157,-8.782814493575309,0.14752708952215166,0.14752708952215166,0.02176424214287695,0.1750988521908159,0.1259102142866073,0.049188637904208576
2022-04-07 00:00:00+00:00,-8.749873720609735,-8.846418069249745,0.09654434864001082,0.09654434864001082,0.00932081125432396,-0.11458631655657747,-0.06360357567443664,-0.05098274088214083
2022-04-08 00:00:00+00:00,-8.695093856698456,-8.816128338070433,0.12103448137197681,0.12103448137197681,0.014649345680983401,0.054779863911278426,0.03028973117931244,0.024490132731965986
2022-04-11 00:00:00+00:00,-8.489472242119504,-8.61010700433122,0.12063476221171499,0.12063476221171499,0.014552745853877018,0.205621614578952,0.20602133373921383,-0.0003997191602618244
2022-04-12 00:00:00+00:00,-8.498771624630509,-8.575544678143446,0.0767730535129374,0.0767730535129374,0.005894101745700349,-0.009299382511004595,0.034562326187772996,-0.04386170869877759
2022-04-13 00:00:00+00:00,-8.591581393304235,-8.704730132782473,0.11314873947823756,0.11314873947823756,0.012802637245514075,-0.09280976867372637,-0.12918545463902653,0.036375685965300164
2022-04-14 00:00:00+00:00,-8.458961268774225,-8.565654677021893,0.10669340824766849,0.10669340824766849,0.011383483363503654,0.13262012453001049,0.13907545576057956,-0.006455331230569072
2022-04-18 00:00:00+00:00,-8.525595484924136,-8.57677179875907,0.05117631383493482,0.05117631383493482,0.002619015097731741,-0.06663421614991094,-0.011117121737177271,-0.05551709441273367
2022-04-19 00:00:00+00:00,-8.618483644331029,-8.755838511212914,0.13735486688188558,0.13735486688188558,0.01886635945614051,-0.09288815940689332,-0.1790667124538441,0.08617855304695077
2022-04-20 00:00:00+00:00,-8.70282433093248,-8.751123037390267,0.04829870645778733,0.04829870645778733,0.0023327650454955076,-0.08434068660145044,0.004715473822647809,-0.08905616042409825
2022-04-21 00:00:00+00:00,-8.44282533439132,-8.578228335146846,0.13540300075552558,0.13540300075552558,0.01833397261360086,0.25999899654115843,0.17289470224342018,0.08710429429773825
2022-04-22 00:00:00+00:00,-8.131966716662506,-8.284834585898276,0.15286786923577012,0.15286786923577012,0.023368585444684512,0.3108586177288153,0.29339374924857076,0.017464868480244533
2022-04-25 00:00:00+00:00,-8.234927414098374,-8.34917085026042,0.11424343616204524,0.11424343616204524,0.013051562706111306,-0.10296069743586855,-0.06433626436214368,-0.03862443307372487
2022-04-26 00:00:00+00:00,-7.971405289699363,-8.076048383287862,0.10464309358849899,0.10464309358849899,0.010950177035771358,0.2635221243990111,0.2731224669725574,-0.00960034257354625
2022-04-27 00:00:00+00:00,-8.070450455330022,-8.112740696177427,0.042290240847405514,0.042290240847405514,0.001788464470931566,-0.0990451656306588,-0.036692312889565315,-0.06235285274109348
2022-04-28 00:00:00+00:00,-8.157699466472339,-8.338807716004208,0.181108249531869,0.181108249531869,0.03280019804849772,-0.0872490111423172,-0.22606701982678068,0.13881800868446348
2022-04-29 00:00:00+00:00,-7.930339614766727,-7.98813999088256,0.057800376115832997,0.057800376115832997,0.0033408834791317575,0.22735985170561168,0.3506677251216477,-0.123307873416036
2022-05-02 00:00:00+00:00,-7.964388014271147,-8.050577611602963,0.0861895973318152,0.0861895973318152,0.007428646688220445,-0.03404839950442007,-0.062437620720402265,0.028389221215982197
2022-05-03 00:00:00+00:00,-8.039726109234188,-8.101931344344107,0.0622052351099196,0.0622052351099196,0.003869491275080374,-0.07533809496304045,-0.05135373274114485,-0.023984362221895594
2022-05-04 00:00:00+00:00,-8.294135061431522,-8.369989345922876,0.07585428449135456,0.07585428449135456,0.005753872475695353,-0.25440895219733406,-0.268058001578769,0.013649049381434963
2022-05-05 00:00:00+00:00,-7.969096989621013,-8.027536678275627,0.05843968865461413,0.05843968865461413,0.0034151972100482353,0.3250380718105088,0.34245266764724924,-0.017414595836740432
2022-05-06 00:00:00+00:00,-7.907701653066759,-7.992136209887717,0.08443455682095813,0.08443455682095813,0.007129194385551607,0.06139533655425389,0.03540046838790989,0.025994868166344
2022-05-09 00:00:00+00:00,-7.696245475338888,-7.7440470058753474,0.04780153053645986,0.04780153053645986,0.002284986321628104,0.21145617772787162,0.2480892040123699,-0.03663302628449827
2022-05-10 00:00:00+00:00,-7.764627500728543,-7.777537091639365,0.01290959091082211,0.01290959091082211,0.00016665753748478084,-0.06838202538965543,-0.033490085764017685,-0.03489193962563775
2022-05-11 00:00:00+00:00,-7.624657935645558,-7.678208072729251,0.053550137083692384,0.053550137083692384,0.0028676171816822463,0.13996956508298464,0.09932901891011436,0.04064054617287027
2022-05-12 00:00:00+00:00,-7.646802905854205,-7.688807083673575,0.04200417781937027,0.04200417781937027,0.0017643509542812773,-0.022144970208646697,-0.010599010944324583,-0.011545959264322114
2022-05-13 00:00:00+00:00,-7.812641856004012,-7.8702509108948595,0.057609054890847666,0.057609054890847666,0.0033188032054166992,-0.16583895014980676,-0.18144382722128416,0.015604877071477397
2022-05-16 00:00:00+00:00,-7.808281486988732,-7.854994261136543,0.046712774147811054,0.046712774147811054,0.0021820832685844047,0.004360369015279808,0.01525664975831642,-0.010896280743036613
2022-05-17 00:00:00+00:00,-7.9814425375917875,-8.024029595544745,0.04258705795295725,0.04258705795295725,0.0018136575050885396,-0.17316105060305542,-0.16903533440820162,-0.004125716194853801
2022-05-18 00:00:00+00:00,-7.589571855839059,-7.700915360359398,0.11134350452033903,0.11134350452033903,0.012397375998870759,0.3918706817527289,0.3231142351853471,0.06875644656738178
2022-05-19 00:00:00+00:00,-7.630859570398751,-7.675619194297097,0.044759623898345424,0.044759623898345424,0.0020034239315213347,-0.04128771455969282,0.025296166062300784,-0.06658388062199361
2022-05-20 00:00:00+00:00,-7.509165816134744,-7.6964557471065635,0.18728993097181945,0.18728993097181945,0.0350775182434289,0.1216937542640073,-0.020836552809466724,0.14253030707347403
2022-05-23 00:00:00+00:00,-7.738447279815804,-7.843027237261531,0.10457995744572646,0.10457995744572646,0.010936967499349956,-0.22928146368106006,-0.14657149015496707,-0.082709973526093
2022-05-24 00:00:00+00:00,-7.779791676384078,-7.801585999153907,0.0217943227698294,0.0217943227698294,0.0004749925049955042,-0.04134439656827382,0.041441238107623235,-0.08278563467589706
2022-05-25 00:00:00+00:00,-7.821865162739579,-7.882451613950531,0.060586451210951964,0.060586451210951964,0.0036707180703370625,-0.04207348635550101,-0.08086561479662357,0.038792128441122564
2022-05-26 00:00:00+00:00,-8.01639805158579,-8.04886176887192,0.03246371728612907,0.03246371728612907,0.0010538929400337152,-0.19453288884621145,-0.16641015492138855,-0.028122733924822896
2022-05-27 00:00:00+00:00,-8.266740114613079,-8.263309796116692,-0.0034303184963864197,0.0034303184963864197,1.1767084986650788e-05,-0.2503420630272881,-0.21444802724477263,-0.03589403578251549
2022-05-31 00:00:00+00:00,-8.237646766112793,-8.22218004742309,-0.015466718689703285,0.015466718689703285,0.0002392193870264169,0.029093348500285998,0.04112974869360286,-0.012036400193316865
2022-06-01 00:00:00+00:00,-8.103178551871594,-8.160088332125406,0.05690978025381277,0.05690978025381277,0.0032387230885372576,0.13446821424119904,0.06209171529768298,0.07237649894351605
2022-06-02 00:00:00+00:00,-8.331619768014216,-8.337377282541818,0.00575751452760187,0.00575751452760187,3.3148973535546586e-05,-0.22844121614262214,-0.17728895041641124,-0.0511522657262109
2022-06-03 00:00:00+00:00,-8.152582622373838,-8.18888220025238,0.0362995778785411,0.0362995778785411,0.0013176593541602704,0.1790371456403772,0.14849508228943797,0.03054206335093923
2022-06-06 00:00:00+00:00,-8.200820386536611,-8.227586789392449,0.026766402855837867,0.026766402855837867,0.0007164403218410055,-0.04823776416277248,-0.038704589140069245,-0.009533175022703233
2022-06-07 00:00:00+00:00,-8.276207202403317,-8.325257968483175,0.04905076607985848,0.04905076607985848,0.002405977653020995,-0.0753868158667057,-0.09767117909072631,0.02228436322402061
2022-06-08 00:00:00+00:00,-8.216009228712057,-8.231267648871501,0.015258420159444341,0.015258420159444341,0.00023281938576213748,0.060197973691259676,0.09399031961167381,-0.033792345920414135
2022-06-09 00:00:00+00:00,-8.16367364869367,-8.024006975491282,-0.13966667320238813,0.13966667320238813,0.019506779603422682,0.05233558001838645,0.20726067338021892,-0.15492509336183247
2022-06-10 00:00:00+00:00,-7.746810805252648,-7.796863953644302,0.050053148391654645,0.050053148391654645,0.002505317663917,0.41686284344102287,0.2271430218469801,0.18971982159404277
2022-06-13 00:00:00+00:00,-7.467500454097236,-7.530220459666171,0.0627200055689352,0.0627200055689352,0.003933799098567263,0.27931035115541203,0.2666434939781315,0.012666857177280555
2022-06-14 00:00:00+00:00,-7.485188198780266,-7.530342402938744,0.04515420415847782,0.04515420415847782,0.0020389021531854955,-0.01768774468303036,-0.00012194327257297743,-0.017565801410457382
2022-06-15 00:00:00+00:00,-7.618480144268047,-7.640488223243721,0.022008078975673584,0.022008078975673584,0.00048435554019948563,-0.13329194548778123,-0.110145820304977,-0.023146125182804234
2022-06-16 00:00:00+00:00,-7.367570784558115,-7.430968164310189,0.06339737975207349,0.06339737975207349,0.004019227759428617,0.2509093597099321,0.2095200589335322,0.04138930077639991
2022-06-17 00:00:00+00:00,-7.368501702556886,-7.46463999300577,0.09613829044888433,0.09613829044888433,0.009242570890434045,-0.0009309179987706528,-0.033671828695581496,0.03274091069681084
2022-06-21 00:00:00+00:00,-7.541115860527178,-7.638984567262139,0.09786870673496129,0.09786870673496129,0.009578283757973857,-0.17261415797029223,-0.17434457425636918,0.0017304162860769523
2022-06-22 00:00:00+00:00,-7.526982481967096,-7.644960159544477,0.11797767757738153,0.11797767757738153,0.013918732406552593,0.014133378560082122,-0.005975592282338127,0.02010897084242025
2022-06-23 00:00:00+00:00,-7.626839414293149,-7.72929434139509,0.1024549271019417,0.1024549271019417,0.010497012087464189,-0.09985693232605275,-0.08433418185061292,-0.015522750475439828
2022-06-24 00:00:00+00:00,-7.889331512209868,-7.967861488920248,0.07852997671038064,0.07852997671038064,0.006166957242132926,-0.2624920979167191,-0.23856714752515806,-0.023924950391561062
2022-06-27 00:00:00+00:00,-7.901812361068493,-7.951810951172751,0.049998590104258334,0.049998590104258334,0.0024998590124136392,-0.012480848858625215,0.016050537747497096,-0.02853138660612231
2022-06-28 00:00:00+00:00,-7.74791385146479,-7.80336828698783,0.05545443552303997,0.05545443552303997,0.0030751944191789973,0.1538985096037031,0.14844266418492147,0.005455845418781635
2022-06-29 00:00:00+00:00,-7.746528480077681,-7.813754424178957,0.06722594410127591,0.06722594410127591,0.004519327560307874,0.0013853713871085915,-0.010386137191127354,0.011771508578235945
2022-06-30 00:00:00+00:00,-7.710014240763154,-7.769838606691786,0.05982436592863216,0.05982436592863216,0.0035789547587628846,0.036514239314527686,0.04391581748717144,-0.007401578172643752
2022-07-01 00:00:00+00:00,-7.806855288698558,-7.862508900189422,0.055653611490863675,0.055653611490863675,0.0030973244719759933,-0.09684104793540449,-0.092670293497636,-0.004170754437768487
2022-07-05 00:00:00+00:00,-7.821992632747106,-7.892438606081197,0.07044597333409097,0.07044597333409097,0.004962635158987456,-0.015137344048548051,-0.02992970589177535,0.014792361843227297
2022-07-06 00:00:00+00:00,-7.896542421660202,-7.933614036591459,0.0370716149312571,0.0370716149312571,0.0013743046336114045,-0.07454978891309594,-0.04117543051026207,-0.03337435840283387
2022-07-07 00:00:00+00:00,-8.013724667750346,-8.064805634392037,0.051080966641691816,0.051080966641691816,0.002609265153049632,-0.1171822460901435,-0.1311915978005782,0.014009351710434714
2022-07-08 00:00:00+00:00,-8.039841952142277,-8.071172518017601,0.03133056587532401,0.03133056587532401,0.0009816043580680176,-0.026117284391931506,-0.006366883625563702,-0.019750400766367804
2022-07-11 00:00:00+00:00,-7.968242717731586,-7.988047036387574,0.01980431865598753,0.01980431865598753,0.0003922110374278957,0.07159923441069083,0.08312548163002731,-0.011526247219336483
2022-07-12 00:00:00+00:00,-7.889978846032952,-7.930744242231041,0.04076539619808894,0.04076539619808894,0.0016618175271871645,0.07826387169863391,0.0573027941565325,0.020961077542101414
2022-07-13 00:00:00+00:00,-7.815539093787177,-7.904453980516989,0.0889148867298113,0.0889148867298113,0.007905857082175172,0.07443975224577493,0.026290261714052576,0.04814949053172235
2022-07-14 00:00:00+00:00,-7.901050992158569,-7.9008734828378575,-0.00017750932071169956,0.00017750932071169956,3.150955893952901e-08,-0.08551189837139184,0.003580497679131156,-0.08909239605052299
2022-07-15 00:00:00+00:00,-8.042523861593336,-8.061833515961503,0.019309654368166562,0.019309654368166562,0.000372862751818054,-0.1414728694347671,-0.16096003312364537,0.019487163688878262
2022-07-18 00:00:00+00:00,-8.006904931429288,-8.00594669745258,-0.0009582339767071346,0.0009582339767071346,9.182123541159694e-07,0.03561893016404838,0.055886818508922076,-0.020267888344873697
2022-07-19 00:00:00+00:00,-8.207436898940523,-8.236216410633736,0.028779511693212356,0.028779511693212356,0.0008282602932997467,-0.20053196751123537,-0.23026971318115486,0.02973774566991949
2022-07-20 00:00:00+00:00,-8.29786641416747,-8.305097972185237,0.007231558017767981,0.007231558017767981,5.2295431364344364e-05,-0.09042951522694587,-0.06888156155150149,-0.021547953675444376
2022-07-21 00:00:00+00:00,-8.381499826002225,-8.410670112954513,0.029170286952288293,0.029170286952288293,0.0008509056408788407,-0.08363341183475548,-0.10557214076927579,0.021938728934520313
2022-07-22 00:00:00+00:00,-8.333090234236495,-8.327025348306291,-0.006064885930204156,0.006064885930204156,3.6782841346388325e-05,0.04840959176572923,0.08364476464822168,-0.03523517288249245
2022-07-25 00:00:00+00:00,-8.327657264806415,-8.348498911691042,0.02084164688462664,0.02084164688462664,0.00043437424486346735,0.005432969430080092,-0.021473563384750705,0.026906532814830797
2022-07-26 00:00:00+00:00,-8.334731893951556,-8.24366828410075,-0.09106360985080642,0.09106360985080642,0.008292581039059888,-0.007074629145140676,0.10483062759029238,-0.11190525673543306
2022-07-27 00:00:00+00:00,-8.513900500121224,-8.4887152599353,-0.025185240185923163,0.025185240185923163,0.000634296323222639,-0.179168606169668,-0.24504697583455126,0.06587836966488325
2022-07-28 00:00:00+00:00,-8.740827059152414,-8.625012188980667,-0.11581487017174652,0.11581487017174652,0.013413084152898502,-0.22692655903118997,-0.1362969290453666,-0.09062962998582336
2022-07-29 00:00:00+00:00,-8.827075126212012,-8.790591938360121,-0.036483187851890975,0.036483187851890975,0.0013310229958363653,-0.0862480670595982,-0.16557974937945374,0.07933168231985555
2022-08-01 00:00:00+00:00,-8.802518432303746,-8.758579938512176,-0.04393849379157011,0.04393849379157011,0.001930591236671845,0.024556693908266425,0.03201199984794556,-0.0074553059396791355
2022-08-02 00:00:00+00:00,-8.742405283606807,-8.684515447374809,-0.057889836231998615,0.057889836231998615,0.0033512331389676194,0.06011314869693862,0.07406449113736713,-0.013951342440428505
2022-08-03 00:00:00+00:00,-8.919363063319366,-8.866141938140974,-0.053221125178392725,0.053221125178392725,0.0028324881652541482,-0.17695777971255922,-0.1816264907661651,0.0046687110536058896
2022-08-04 00:00:00+00:00,-8.935877836168707,-8.860128095577743,-0.07574974059096462,0.07574974059096462,0.005738023199598433,-0.016514772849340886,0.006013842563231009,-0.022528615412571895
2022-08-05 00:00:00+00:00,-8.893124359540279,-8.841636737608859,-0.05148762193141998,0.05148762193141998,0.00265097521215284,0.042753476628428544,0.018491357968883904,0.02426211865954464
2022-08-08 00:00:00+00:00,-8.915893173369719,-8.830121854739827,-0.08577131862989162,0.08577131862989162,0.007356719099510394,-0.022768813829440404,0.01151488286903124,-0.034283696698471644
2022-08-09 00:00:00+00:00,-8.8560659187794,-8.784440650246388,-0.07162526853301188,0.07162526853301188,0.005130179092426061,0.0598272545903189,0.045681204493439154,0.014146050096879748
2022-08-10 00:00:00+00:00,-9.12568516845972,-9.036286832135875,-0.08939833632384442,0.08939833632384442,0.0079920625374712,-0.2696192496803196,-0.25184618188948704,-0.017773067790832542
2022-08-11 00:00:00+00:00,-9.134372114380056,-9.036073576918266,-0.0982985374617904,0.0982985374617904,0.009662602467127012,-0.008686945920336697,0.00021325521760928723,-0.008900201137945984
2022-08-12 00:00:00+00:00,-9.36837337067279,-9.26303509946725,-0.10533827120553951,0.10533827120553951,0.011096151380571795,-0.23400125629273383,-0.22696152254898472,-0.00703973374374911
2022-08-15 00:00:00+00:00,-9.424253134817675,-9.321436883418626,-0.10281625139904982,0.10281625139904982,0.010571181551752613,-0.05587976414488516,-0.05840178395137485,0.002522019806489695
2022-08-16 00:00:00+00:00,-9.46568690405486,-9.34707829434724,-0.11860860970761955,0.11860860970761955,0.014068002296774422,-0.04143376923718378,-0.02564141092861405,-0.01579235830856973
2022-08-17 00:00:00+00:00,-9.296219911175388,-9.229275332247289,-0.06694457892809957,0.06694457892809957,0.0044815766478605535,0.16946699287947098,0.117802962099951,0.051664030779519976
2022-08-18 00:00:00+00:00,-9.3396952382802,-9.26917787455278,-0.07051736372742035,0.07051736372742035,0.0049726985870652985,-0.04347532710481161,-0.03990254230549084,-0.0035727847993207718
2022-08-19 00:00:00+00:00,-9.11527725273745,-9.05964519177734,-0.055632060960109087,0.055632060960109087,0.0030949262066692937,0.2244179855427504,0.20953268277543913,0.01488530276731126
2022-08-22 00:00:00+00:00,-8.842276712648276,-8.770961468079575,-0.07131524456870153,0.07131524456870153,0.005085864107893713,0.27300054008917307,0.2886837236977655,-0.015683183608592444
2022-08-23 00:00:00+00:00,-8.770516563744808,-8.746023775327815,-0.02449278841699254,0.02449278841699254,0.0005998966844395639,0.07176014890346849,0.0249376927517595,0.04682245615170899
2022-08-24 00:00:00+00:00,-8.827576049210474,-8.787634273156758,-0.03994177605371618,0.03994177605371618,0.0015953454743252156,-0.057059485465666526,-0.04161049782894288,-0.015448987636723643
2022-08-25 00:00:00+00:00,-8.993796742627305,-8.95887741516372,-0.0349193274635855,0.0349193274635855,0.0012193594305091168,-0.16622069341683066,-0.17124314200696134,0.005022448590130679
2022-08-26 00:00:00+00:00,-8.477623443922035,-8.511405028764,0.03378158484196625,0.03378158484196625,0.001141195474434964,0.5161732987052705,0.44747238639971876,0.06870091230555175
2022-08-29 00:00:00+00:00,-8.469829351970537,-8.44968037336466,-0.020148978605876167,0.020148978605876167,0.0004059813388600555,0.007794091951497606,0.06172465539934002,-0.05393056344784242
2022-08-30 00:00:00+00:00,-8.332297071032022,-8.346335518595804,0.014038447563782697,0.014038447563782697,0.00019707801000107633,0.13753228093851533,0.10334485476885646,0.03418742616965886
2022-08-31 00:00:00+00:00,-8.20800294596747,-8.282618984539146,0.07461603857167631,0.07461603857167631,0.005567553212129888,0.12429412506455151,0.06371653405665789,0.060577591007893616
2022-09-01 00:00:00+00:00,-8.305414248593406,-8.322278353855838,0.01686410526243165,0.01686410526243165,0.00028439804630237485,-0.097411302625936,-0.03965936931669134,-0.05775193330924466
2022-09-02 00:00:00+00:00,-8.216946713777903,-8.231623253155039,0.014676539377136422,0.014676539377136422,0.00021540080808863594,0.08846753481550351,0.09065510070079874,-0.0021875658852952284
2022-09-06 00:00:00+00:00,-8.16996154291736,-8.20846824953151,0.03850670661415023,0.03850670661415023,0.0014827664542682412,0.04698517086054288,0.02315500362352907,0.02383016723701381
2022-09-07 00:00:00+00:00,-8.333017511984346,-8.379660467719477,0.04664295573513044,0.04664295573513044,0.002175565319709338,-0.1630559690669866,-0.17119221818796682,0.00813624912098021
2022-09-08 00:00:00+00:00,-8.454899150203946,-8.452529331193594,-0.002369819010352714,0.002369819010352714,5.616042141829116e-06,-0.12188163821959996,-0.07286886347411681,-0.049012774745483156
2022-09-09 00:00:00+00:00,-8.619347804715327,-8.616917001770512,-0.0024308029448150137,0.0024308029448150137,5.908802956521342e-06,-0.16444865451138035,-0.16438767057691805,-6.098393446229977e-05
2022-09-12 00:00:00+00:00,-8.768887300718422,-8.740397473699723,-0.028489827018699287,0.028489827018699287,0.000811670243555408,-0.14953949600309535,-0.12348047192921108,-0.026059024073884274
2022-09-13 00:00:00+00:00,-8.214074542448383,-8.225199367034223,0.011124824585840187,0.011124824585840187,0.0001237617220657143,0.5548127582700388,0.5151981066654994,0.039614651604539475
2022-09-14 00:00:00+00:00,-8.261876352730873,-8.270886692813002,0.009010340082129531,0.009010340082129531,8.118622839563e-05,-0.047801810282489754,-0.0456873257787791,-0.0021144845037106563
2022-09-15 00:00:00+00:00,-8.078238620974194,-8.175865684955491,0.09762706398129772,0.09762706398129772,0.0095310436216084,0.1836377317566793,0.09502100785751111,0.08861672389916819
2022-09-16 00:00:00+00:00,-8.07982860930234,-8.120118871153105,0.040290261850765674,0.040290261850765674,0.0016233052000032638,-0.0015899883281456084,0.05574681380238644,-0.05733680213053205
2022-09-19 00:00:00+00:00,-8.157774002164349,-8.199009725702476,0.041235723538127544,0.041235723538127544,0.001700384895712886,-0.0779453928620093,-0.07889085454937117,0.0009454616873618704
2022-09-20 00:00:00+00:00,-8.038076907376517,-8.107479934151812,0.06940302677529431,0.06940302677529431,0.004816780125572219,0.1196970947878313,0.09152979155066454,0.028167303237166763
2022-09-21 00:00:00+00:00,-7.835553504656795,-7.970032186166136,0.13447868150934106,0.13447868150934106,0.01808451578049079,0.2025234027197227,0.13744774798567594,0.06507565473404675
2022-09-22 00:00:00+00:00,-7.85206243382275,-7.917194442981752,0.06513200915900175,0.06513200915900175,0.004242178617088288,-0.0165089291659557,0.05283774318438361,-0.06934667235033931
2022-09-23 00:00:00+00:00,-7.724550309331873,-7.80103918486542,0.07648887553354733,0.07648887553354733,0.005850548080386495,0.12751212449087745,0.11615525811633187,0.011356866374545582
2022-09-26 00:00:00+00:00,-7.677092546682157,-7.7445717627463555,0.06747921606419816,0.06747921606419816,0.004553444600638739,0.04745776264971546,0.056467422119064636,-0.009009659469349174
2022-09-27 00:00:00+00:00,-7.621803660352516,-7.743402174673662,0.12159851432114621,0.12159851432114621,0.01478619868511,0.055288886329641684,0.001169588072693628,0.054119298256948056
2022-09-28 00:00:00+00:00,-7.815890029538546,-7.899227970516906,0.08333794097835945,0.08333794097835945,0.006945212406512523,-0.19408636918603062,-0.15582579584324385,-0.03826057334278676
2022-09-29 00:00:00+00:00,-7.708351118677485,-7.752031252099248,0.04368013342176269,0.04368013342176269,0.00190795405574299,0.10753891086106115,0.1471967184176579,-0.03965780755659676
2022-09-30 00:00:00+00:00,-7.599876283039977,-7.657524970469506,0.05764868742952878,0.05764868742952878,0.0033233711623475094,0.10847483563750782,0.09450628162974173,0.013968554007766087
2022-10-03 00:00:00+00:00,-7.813667467744322,-7.853397876082034,0.03973040833771169,0.03973040833771169,0.0015785053466813104,-0.21379118470434477,-0.19587290561252768,-0.01791827909181709
2022-10-04 00:00:00+00:00,-8.034661454005493,-8.098708616317674,0.06404716231218188,0.06404716231218188,0.0041020390002429715,-0.2209939862611705,-0.2453107402356407,0.024316753974470195
2022-10-05 00:00:00+00:00,-8.086896099984946,-8.091726577549768,0.004830477564821578,0.004830477564821578,2.3333513504244604e-05,-0.052234645979453376,0.0069820387679069285,-0.059216684747360304
2022-10-06 00:00:00+00:00,-7.945190671232269,-8.016841848808104,0.07165117757583506,0.07165117757583506,0.005133891248003848,0.1417054287526769,0.07488472874166341,0.06682070001101348
2022-10-07 00:00:00+00:00,-7.765659414346444,-7.799889909257659,0.034230494911215104,0.034230494911215104,0.0011717267818667232,0.17953125688582539,0.21695193955044534,-0.03742068266461995
2022-10-10 00:00:00+00:00,-7.724195221231271,-7.760156469367189,0.03596124813591839,0.03596124813591839,0.0012932113674930937,0.04146419311517313,0.039733439890469846,0.0017307532247032853
2022-10-11 00:00:00+00:00,-7.688001584916948,-7.731398342162755,0.04339675724580694,0.04339675724580694,0.001883278539451497,0.03619363631432293,0.02875812720443438,0.0074355091098885495
2022-10-12 00:00:00+00:00,-7.6954765703438355,-7.725206013487218,0.029729443143382106,0.029729443143382106,0.0008838397896155894,-0.007474985426887848,0.006192328675536984,-0.013667314102424832
2022-10-13 00:00:00+00:00,-7.887573118049237,-7.926316047491944,0.03874292944270685,0.03874292944270685,0.0015010145818025616,-0.1920965477054013,-0.20111003400472605,0.009013486299324747
2022-10-14 00:00:00+00:00,-7.70850410988297,-7.761450849673002,0.05294673979003228,0.05294673979003228,0.0028033572543933877,0.17906900816626692,0.1648651978189415,0.01420381034732543
2022-10-17 00:00:00+00:00,-7.947642790962935,-7.960621314315787,0.0129785233528521,0.0129785233528521,0.00016844206842052734,-0.2391386810799654,-0.1991704646427852,-0.03996821643718018
2022-10-18 00:00:00+00:00,-8.115545716597383,-8.067793524184774,-0.04775219241260942,0.04775219241260942,0.0022802718802108725,-0.16790292563444797,-0.10717220986898646,-0.06073071576546152
2022-10-19 00:00:00+00:00,-7.9639019658961185,-8.021497656771162,0.05759569087504346,0.05759569087504346,0.003317263607373564,0.15164375070126468,0.0462958674136118,0.10534788328765288
2022-10-20 00:00:00+00:00,-7.901370895653271,-7.966416187008511,0.06504529135523995,0.06504529135523995,0.004230889927488053,0.06253107024284787,0.05508146976265138,0.007449600480196494
2022-10-21 00:00:00+00:00,-8.168234774679913,-8.171877918653095,0.003643143973182106,0.003643143973182106,1.32724980093331e-05,-0.26686387902664244,-0.2054617316445846,-0.06140214738205785
2022-10-24 00:00:00+00:00,-8.276954279956515,-8.290939473971159,0.013985194014644264,0.013985194014644264,0.00019558565162724177,-0.10871950527660168,-0.11906155531806384,0.010342050041462159
2022-10-25 00:00:00+00:00,-8.349581312340886,-8.449406836049969,0.09982552370908238,0.09982552370908238,0.009965135183792568,-0.0726270323843714,-0.15846736207880951,0.08584032969443811
2022-10-26 00:00:00+00:00,-8.434301506434188,-8.381231863555007,-0.0530696428791817,0.0530696428791817,0.0028163869953238808,-0.08472019409330223,0.06817497249496185,-0.15289516658826408
2022-10-27 00:00:00+00:00,-8.363671327453698,-8.338100778756376,-0.025570548697322337,0.025570548697322337,0.000653852960682133,0.0706301789804904,0.043131084798631036,0.027499094181859363
2022-10-28 00:00:00+00:00,-8.610181249734609,-8.572848398883407,-0.03733285085120208,0.03733285085120208,0.0013937417526781,-0.24650992228091084,-0.2347476201270311,-0.011762302153879745
2022-10-31 00:00:00+00:00,-8.527246070105546,-8.5015202208537,-0.02572584925184529,0.02572584925184529,0.0006618193197286689,0.08293517962906272,0.07132817802970592,0.011607001599356792
2022-11-01 00:00:00+00:00,-8.466789102221748,-8.463604588549801,-0.0031845136719468314,0.0031845136719468314,1.0141127326816291e-05,0.060456967883798285,0.03791563230389983,0.022541335579898458
2022-11-02 00:00:00+00:00,-8.1712771963398,-8.212877828874277,0.0416006325344771,0.0416006325344771,0.0017306126272685946,0.2955119058819484,0.2507267596755245,0.04478514620642393
2022-11-03 00:00:00+00:00,-8.090663015917432,-8.131202885133101,0.0405398692156691,0.0405398692156691,0.0016434809960235552,0.08061418042236745,0.08167494374117545,-0.0010607633188080001
2022-11-04 00:00:00+00:00,-8.238461867243474,-8.26700721032814,0.02854534308466583,0.02854534308466583,0.0008148366118212794,-0.14779885132604242,-0.13580432519503916,-0.01199452613100327
2022-11-07 00:00:00+00:00,-8.359379284831165,-8.365638088490837,0.0062588036596711305,0.0062588036596711305,3.917262325031274e-05,-0.12091741758769103,-0.09863087816269633,-0.0222865394249947
2022-11-08 00:00:00+00:00,-8.445629058010592,-8.427248326227252,-0.01838073178334021,0.01838073178334021,0.000337851300891093,-0.08624977317942673,-0.061610237736415385,-0.02463953544301134
2022-11-09 00:00:00+00:00,-8.211550609869413,-8.227638985567578,0.01608837569816579,0.01608837569816579,0.0002588358326053316,0.2340784481411795,0.1996093406596735,0.034469107481506
2022-11-10 00:00:00+00:00,-8.76734301750319,-8.723403763327093,-0.04393925417609701,0.04393925417609701,0.0019306580575516583,-0.5557924076337777,-0.4957647777595149,-0.0600276298742628
2022-11-11 00:00:00+00:00,-8.86534603996956,-8.839486968765394,-0.02585907120416664,0.02585907120416664,0.0006686915635421603,-0.09800302246637038,-0.11608320543830075,0.01808018297193037
2022-11-14 00:00:00+00:00,-8.773350731641694,-8.737423889336661,-0.035926842305032736,0.035926842305032736,0.0012907379980106898,0.09199530832786706,0.10206307942873316,-0.010067771100866096
2022-11-15 00:00:00+00:00,-8.84592304521223,-8.840795982210164,-0.005127063002065668,0.005127063002065668,2.6286775027150623e-05,-0.07257231357053584,-0.10337209287350291,0.030799779302967067
2022-11-16 00:00:00+00:00,-8.810865198248791,-8.749513703795838,-0.0613514944529534,0.0613514944529534,0.0037640058716107722,0.035057846963438166,0.0912822784143259,-0.056224431450887735
2022-11-17 00:00:00+00:00,-8.720094381386241,-8.717652671091694,-0.002441710294547761,0.002441710294547761,5.961949162500513e-06,0.09077081686255006,0.03186103270414442,0.05890978415840564
2022-11-18 00:00:00+00:00,-8.78418303153496,-8.774562913661864,-0.009620117873096135,0.009620117873096135,9.254666789226369e-05,-0.06408865014871878,-0.05691024257017041,-0.007178407578548374
2022-11-21 00:00:00+00:00,-8.74671661689581,-8.735014980593688,-0.011701636302122509,0.011701636302122509,0.00013692829214715133,0.0374664146391499,0.03954793306817628,-0.0020815184290263744
2022-11-22 00:00:00+00:00,-8.918704406570754,-8.895105340011822,-0.023599066558931625,0.023599066558931625,0.0005569159424528849,-0.17198778967494377,-0.16009035941813465,-0.011897430256809116
2022-11-23 00:00:00+00:00,-9.026112729705092,-8.976325832267563,-0.04978689743752973,0.04978689743752973,0.0024787351564551047,-0.10740832313433835,-0.08122049225574024,-0.026187830878598106
2022-11-25 00:00:00+00:00,-8.987214410010658,-8.974104378762174,-0.013110031248483978,0.013110031248483978,0.00017187291933622636,0.038898319694434136,0.002221453505388382,0.036676866189045754
2022-11-28 00:00:00+00:00,-8.777796231166771,-8.763777835565493,-0.014018395601278044,0.014018395601278044,0.00019651541523393163,0.2094181788438867,0.21032654319668076,-0.0009083643527940666
2022-11-29 00:00:00+00:00,-8.740922232401449,-8.74736085661558,0.006438624214132105,0.006438624214132105,4.145588177080827e-05,0.036873998765322824,0.016416978949912675,0.02045701981541015
2022-11-30 00:00:00+00:00,-9.165425853578515,-9.11514074508174,-0.05028510849677481,0.05028510849677481,0.0025285921365324144,-0.42450362117706675,-0.36777988846615983,-0.056723732710906916
2022-12-01 00:00:00+00:00,-9.1133176349848,-9.103318822867143,-0.009998812117656186,0.009998812117656186,9.997624376418819e-05,0.05210821859371606,0.011821922214597436,0.040286296379118625
2022-12-02 00:00:00+00:00,-9.07791710503523,-9.085892795809777,0.007975690774546962,0.007975690774546962,6.361164333119352e-05,0.03540052994956966,0.01742602705736651,0.017974502892203148
2022-12-05 00:00:00+00:00,-8.85612941881021,-8.833091359245412,-0.023038059564798985,0.023038059564798985,0.000530752188511226,0.221787686225019,0.25280143656436493,-0.031013750339345947
2022-12-06 00:00:00+00:00,-8.656868786874226,-8.658331786983979,0.0014630001097533096,0.0014630001097533096,2.140369321138196e-06,0.1992606319359851,0.1747595722614328,0.024501059674552295
2022-12-07 00:00:00+00:00,-8.630135247975714,-8.644647135956008,0.014511887980294347,0.014511887980294347,0.00021059489275261154,0.02673353889851171,0.013684651027970673,0.013048887870541037
2022-12-08 00:00:00+00:00,-8.718819592320287,-8.737203763594035,0.01838417127374825,0.01838417127374825,0.0003379777534225104,-0.08868434434457306,-0.09255662763802697,0.003872283293453904
2022-12-09 00:00:00+00:00,-8.627067150588926,-8.654018567743972,0.02695141715504512,0.02695141715504512,0.0007263788866652605,0.09175244173136043,0.08318519585006356,0.00856724588129687
2022-12-12 00:00:00+00:00,-8.806932565758794,-8.819725417032462,0.012792851273667694,0.012792851273667694,0.00016365704371018114,-0.17986541516986776,-0.16570684928849033,-0.014158565881377427
2022-12-13 00:00:00+00:00,-8.917147627533144,-8.914462822593311,-0.0026848049398324747,0.0026848049398324747,7.208177564948858e-06,-0.11021506177434937,-0.0947374055608492,-0.015477656213500168
2022-12-14 00:00:00+00:00,-8.860340325719037,-8.834419557196998,-0.025920768522038173,0.025920768522038173,0.0006718862407730851,0.05680730181410709,0.08004326539631279,-0.0232359635822057
2022-12-15 00:00:00+00:00,-8.49474352858843,-8.534080561682863,0.03933703309443359,0.03933703309443359,0.0015474021726725638,0.3655967971306069,0.3003389955141351,0.06525780161647177
2022-12-16 00:00:00+00:00,-8.270645603712305,-8.415974178960305,0.14532857524799958,0.14532857524799958,0.021120394783613477,0.22409792487612457,0.11810638272255858,0.10599154215356599
2022-12-19 00:00:00+00:00,-8.25775921348671,-8.340025530484416,0.08226631699770692,0.08226631699770692,0.006767746912367203,0.01288639022559579,0.07594864847588845,-0.06306225825029266
2022-12-20 00:00:00+00:00,-8.300574219290201,-8.36287382521405,0.0622996059238492,0.0622996059238492,0.0038812408982669064,-0.04281500580349196,-0.022848294729634233,-0.019966711073857724
2022-12-21 00:00:00+00:00,-8.44167018789888,-8.516093039725675,0.0744228518267942,0.0744228518267942,0.005538760874032965,-0.14109596860867946,-0.15321921451162446,0.012123245902945001
2022-12-22 00:00:00+00:00,-8.278714962385854,-8.373296762095093,0.09458179970923908,0.09458179970923908,0.008945716836238618,0.1629552255130271,0.14279627763058222,0.020158947882444878
2022-12-23 00:00:00+00:00,-8.351612843485833,-8.438459901057682,0.0868470575718483,0.0868470575718483,0.007542411408887933,-0.07289788109997986,-0.06516313896258907,-0.007734742137390782
2022-12-27 00:00:00+00:00,-8.317818170552805,-8.40716355937532,0.0893453888225153,0.0893453888225153,0.007982598503846442,0.033794672933028735,0.03129634168236173,0.0024983312506670075
2022-12-28 00:00:00+00:00,-8.219573747718306,-8.292193196997772,0.07261944927946651,0.07261944927946651,0.005273584413653009,0.09824442283449919,0.11497036237754799,-0.016725939543048796
2022-12-29 00:00:00+00:00,-8.373773518357796,-8.469422750926347,0.09564923256855096,0.09564923256855096,0.00914877569095275,-0.1541997706394902,-0.17722955392857465,0.02302978328908445
2022-12-30 00:00:00+00:00,-8.393391701642182,-8.450512450291015,0.057120748648832986,0.057120748648832986,0.0032627799262031553,-0.019618183284386248,0.018910300635331723,-0.03852848391971797
2023-01-03 00:00:00+00:00,-8.338648487707498,-8.416111689731524,0.07746320202402579,0.07746320202402579,0.0060005476678150335,0.05474321393468351,0.034400760559490706,0.020342453375192804
2023-01-04 00:00:00+00:00,-8.426745930922003,-8.501350586747794,0.0746046558257909,0.0746046558257909,0.005565854670884716,-0.08809744321450452,-0.08523889701626963,-0.0028585461982348903
2023-01-05 00:00:00+00:00,-8.318198217298116,-8.389836733085065,0.07163851578694924,0.07163851578694924,0.005132076944156976,0.10854771362388682,0.11151385366272848,-0.002966140038841658
2023-01-06 00:00:00+00:00,-8.553197163860567,-8.62152235446836,0.06832519060779241,0.06832519060779241,0.004668331671591164,-0.23499894656245068,-0.23168562138329385,-0.003313325179156834
2023-01-09 00:00:00+00:00,-8.551744046981275,-8.621212355305602,0.0694683083243266,0.0694683083243266,0.004825845861443704,0.001453116879291727,0.0003099991627575349,0.0011431177165341921
2023-01-10 00:00:00+00:00,-8.652817661586603,-8.704116110235539,0.051298448648935846,0.051298448648935846,0.0026315308337875078,-0.10107361460532793,-0.08290375492993718,-0.018169859675390754
2023-01-11 00:00:00+00:00,-8.802035456561653,-8.853109056503925,0.05107359994227245,0.05107359994227245,0.0026085126110632927,-0.1492177949750495,-0.1489929462683861,-0.00022484870666339418
2023-01-12 00:00:00+00:00,-8.863000098557393,-8.900605577142423,0.03760547858503038,0.03760547858503038,0.0014141720196091786,-0.060964641995740365,-0.047496520638498296,-0.013468121357242069
2023-01-13 00:00:00+00:00,-8.90850245406519,-8.951467806628154,0.0429653525629643,0.0429653525629643,0.0018460215208598227,-0.045502355507796466,-0.05086222948573038,0.0053598739779339155
2023-01-17 00:00:00+00:00,-8.85436153247321,-8.928777034837076,0.07441550236386618,0.07441550236386618,0.005537666992066573,0.05414092159197992,0.022690771791078035,0.03145014980090188
2023-01-18 00:00:00+00:00,-8.676889157310557,-8.72604519823253,0.04915604092197334,0.04915604092197334,0.002416316359122718,0.1774723751626528,0.20273183660454563,-0.02525946144189284
2023-01-19 00:00:00+00:00,-8.600368215758136,-8.645731299468354,0.04536308371021747,0.04536308371021747,0.0020578093637001974,0.0765209415524204,0.08031389876417627,-0.0037929572117558763
2023-01-20 00:00:00+00:00,-8.817608315845842,-8.85708701283498,0.03947869698913742,0.03947869698913742,0.0015585675159601278,-0.21724010008770556,-0.2113557133666255,-0.005884386721080048
2023-01-23 00:00:00+00:00,-8.964532576262176,-9.007287964769986,0.042755388507810466,0.042755388507810466,0.0018280232464538112,-0.1469242604163341,-0.15020095193500715,0.003276691518673047
2023-01-24 00:00:00+00:00,-8.914498205946238,-8.99320258699585,0.07870438104961153,0.07870438104961153,0.00619437959640245,0.05003437031593805,0.014085377774136987,0.03594899254180106
2023-01-25 00:00:00+00:00,-8.860153994682147,-8.998627268875406,0.1384732741932595,0.1384732741932595,0.019174847665801627,0.05434421126409106,-0.005424681879556914,0.05976889314364797
2023-01-26 00:00:00+00:00,-9.07106228804132,-9.14418826892542,0.07312598088410027,0.07312598088410027,0.005347409080261798,-0.21090829335917327,-0.14556100005001404,-0.06534729330915923
2023-01-27 00:00:00+00:00,-9.145868531094152,-9.175025706896896,0.02915717580274446,0.02915717580274446,0.0008501409007921471,-0.07480624305283179,-0.03083743797147598,-0.04396880508135581
2023-01-30 00:00:00+00:00,-8.99275656926143,-8.989530061659549,-0.0032265076018820338,0.0032265076018820338,1.0410351305002553e-05,0.15311196183272102,0.18549564523734752,-0.032383683404626495
2023-01-31 00:00:00+00:00,-9.129270203802248,-9.183051099840714,0.05378089603846625,0.05378089603846625,0.002892384778700315,-0.1365136345408171,-0.1935210381811654,0.057007403640348286
2023-02-01 00:00:00+00:00,-9.383668210479646,-9.334379428627418,-0.04928878185222807,0.04928878185222807,0.002429384016476527,-0.2543980066773983,-0.151328328786704,-0.10306967789069432
2023-02-02 00:00:00+00:00,-9.442821826657289,-9.556082145841136,0.11326031918384771,0.11326031918384771,0.012827899901627061,-0.059153616177642476,-0.22170271721371826,0.16254910103607578
2023-02-03 00:00:00+00:00,-9.347275092184638,-9.359859685519256,0.012584593334617367,0.012584593334617367,0.00015837198939769586,0.09554673447265039,0.19622246032188073,-0.10067572584923035
2023-02-06 00:00:00+00:00,-9.283882987624322,-9.25690804554082,-0.02697494208350193,0.02697494208350193,0.0007276475004082834,0.0633921045603163,0.1029516399784356,-0.039559535418119296
2023-02-07 00:00:00+00:00,-9.432719384183738,-9.449340152898897,0.016620768715158718,0.016620768715158718,0.00027624995268279876,-0.14883639655941572,-0.19243210735807637,0.04359571079866065
2023-02-08 00:00:00+00:00,-9.279374237195787,-9.25957075064896,-0.019803486546827287,0.019803486546827287,0.00039217807941036936,0.15334514698795054,0.18976940224993655,-0.036424255261986005
2023-02-09 00:00:00+00:00,-9.12139333631327,-9.124089557408462,0.002696221095192186,0.002696221095192186,7.269608194159351e-06,0.15798090088251726,0.1354811932404978,0.022499707642019473
2023-02-10 00:00:00+00:00,-9.130122691698716,-9.155433663298137,0.02531097159942064,0.02531097159942064,0.0006406452833066783,-0.00872935538544617,-0.03134410588967462,0.022614750504228454
2023-02-13 00:00:00+00:00,-9.320070380460589,-9.32089544523681,0.0008250647762206853,0.0008250647762206853,6.807318849600895e-07,-0.1899476887618725,-0.16546178193867256,-0.024485906823199954
2023-02-14 00:00:00+00:00,-9.219032383440464,-9.308858101369154,0.0898257179286901,0.0898257179286901,0.008068659601404597,0.10103799702012495,0.012037343867655537,0.08900065315246941
2023-02-15 00:00:00+00:00,-9.351068150174983,-9.354439478528604,0.0033713283536211947,0.0033713283536211947,1.1365854867930195e-05,-0.13203576673451956,-0.04558137715945065,-0.0864543895750689
2023-02-16 00:00:00+00:00,-9.05768754156932,-9.12924996581044,0.0715624242411188,0.0715624242411188,0.005121180563265868,0.29338060860566273,0.22518951271816512,0.06819109588749761
2023-02-17 00:00:00+00:00,-9.04574491397,-9.092111717389107,0.04636680341910804,0.04636680341910804,0.002149880459306209,0.011942627599321298,0.037138248421332065,-0.025195620822010767
2023-02-21 00:00:00+00:00,-8.776858881891954,-8.809046917061652,0.032188035169697926,0.032188035169697926,0.0010360696080857106,0.2688860320780453,0.2830648003274554,-0.014178768249410112
2023-02-22 00:00:00+00:00,-8.778887326347132,-8.79561409757496,0.016726771227828507,0.016726771227828507,0.0002797848757081116,-0.0020284444551776915,0.013432819486691727,-0.015461263941869419
2023-02-23 00:00:00+00:00,-8.795431542862548,-8.862762339580744,0.06733079671819553,0.06733079671819553,0.00453343618670697,-0.01654421651541682,-0.06714824200578384,0.05060402549036702
2023-02-24 00:00:00+00:00,-8.62551468349559,-8.731857050046575,0.10634236655098483,0.10634236655098483,0.011308698923664018,0.16991685936695866,0.13090528953416936,0.039011569832789306
2023-02-27 00:00:00+00:00,-8.732494687830973,-8.775780067247862,0.04328537941688815,0.04328537941688815,0.001873624071263964,-0.10698000433538368,-0.043923017201286996,-0.06305698713409669
2023-02-28 00:00:00+00:00,-8.648360490856115,-8.735478429178555,0.08711793832243941,0.08711793832243941,0.007589535177552358,0.08413419697485836,0.04030163806930709,0.04383255890555127
2023-03-01 00:00:00+00:00,-8.644721614723554,-8.694993810710054,0.05027219598649957,0.05027219598649957,0.002527293689305023,0.0036388761325607533,0.0404846184685006,-0.036845742335939846
2023-03-02 00:00:00+00:00,-8.71450569961737,-8.788392163601502,0.07388646398413279,0.07388646398413279,0.005459209560078552,-0.06978408489381493,-0.09339835289144816,0.02361426799763322
2023-03-03 00:00:00+00:00,-8.949849721195813,-8.982324305847564,0.03247458465175157,0.03247458465175157,0.0010545986483037786,-0.23534402157844347,-0.19393214224606226,-0.04141187933238122
2023-03-06 00:00:00+00:00,-8.99695871351951,-8.992073896317521,-0.004884817201988412,0.004884817201988412,2.3861439096841895e-05,-0.0471089923236967,-0.009749590469956715,-0.03735940185373998
2023-03-07 00:00:00+00:00,-8.732445990102677,-8.788029598398811,0.055583608296133846,0.055583608296133846,0.0030895375112180395,0.2645127234168321,0.20404429791870982,0.06046842549812226
2023-03-08 00:00:00+00:00,-8.749541642405177,-8.81108825681776,0.06154661441258291,0.06154661441258291,0.0037879857456511587,-0.01709565230249943,-0.023058658418948497,0.0059630061164490655
2023-03-09 00:00:00+00:00,-8.490612391878733,-8.588938075674227,0.098325683795494,0.098325683795494,0.009667940093851472,0.2589292505264442,0.22215018114353313,0.03677906938291109
2023-03-10 00:00:00+00:00,-8.388712011976232,-8.437807491127307,0.049095479151075594,0.049095479151075594,0.0024103660730736983,0.10190037990250111,0.15113058454691952,-0.04923020464441841
2023-03-13 00:00:00+00:00,-8.365839509459098,-8.431922645766035,0.0660831363069363,0.0660831363069363,0.004366980904161122,0.022872502517133242,0.005884845361272539,0.016987657155860703
2023-03-14 00:00:00+00:00,-8.536230995467045,-8.604811919707732,0.06858092424068651,0.06858092424068651,0.004703343169706783,-0.17039148600794718,-0.1728892739416974,0.0024977879337502173
2023-03-15 00:00:00+00:00,-8.45995343641298,-8.542449982204353,0.08249654579137378,0.08249654579137378,0.0068056800675082305,0.0762775590540663,0.06236193750337904,0.013915621550687263
2023-03-16 00:00:00+00:00,-8.647385204140802,-8.733681729407069,0.08629652526626685,0.08629652526626685,0.007447090273031433,-0.18743176772782277,-0.19123174720271585,0.003799979474893078
2023-03-17 00:00:00+00:00,-8.53061703048448,-8.601050899326433,0.07043386884195257,0.07043386884195257,0.004960929880045378,0.11676817365632175,0.13263083008063603,-0.01586265642431428
2023-03-20 00:00:00+00:00,-8.611935056797522,-8.71161403523304,0.09967897843551832,0.09967897843551832,0.009935898741948525,-0.08131802631304197,-0.11056313590660771,0.029245109593565743
2023-03-21 00:00:00+00:00,-8.774650608685683,-8.866528137081056,0.09187752839537389,0.09187752839537389,0.008441480224042735,-0.16271555188816045,-0.15491410184801602,-0.007801450040144431
2023-03-22 00:00:00+00:00,-8.578203599248633,-8.655036833545905,0.07683323429727196,0.07683323429727196,0.005903345892579488,0.1964470094370494,0.21149130353515133,-0.015044294098101929
2023-03-23 00:00:00+00:00,-8.619207120528564,-8.690736856373153,0.07152973584458877,0.07152973584458877,0.005116503109996648,-0.04100352127993112,-0.035700022827247935,-0.005303498452683186
2023-03-24 00:00:00+00:00,-8.700563799631977,-8.770252099550314,0.06968829991833658,0.06968829991833658,0.004856459145508031,-0.08135667910341304,-0.07951524317716085,-0.0018414359262521884
2023-03-27 00:00:00+00:00,-8.724347372248772,-8.796213000479991,0.07186562823121889,0.07186562823121889,0.005164668521067766,-0.023783572616794757,-0.025960900929677067,0.0021773283128823095
2023-03-28 00:00:00+00:00,-8.715904013474656,-8.772647572338855,0.05674355886419846,0.05674355886419846,0.003219831472574756,0.00844335877411595,0.02356542814113638,-0.01512206936702043
2023-03-29 00:00:00+00:00,-8.855128494024157,-8.947750559238651,0.09262206521449379,0.09262206521449379,0.00857884696459794,-0.1392244805495011,-0.17510298689979642,0.035878506350295325
2023-03-30 00:00:00+00:00,-8.96778011187266,-9.024522677650385,0.05674256577772496,0.05674256577772496,0.003219718771039444,-0.11265161784850264,-0.07677211841173381,-0.035879499436768825
2023-03-31 00:00:00+00:00,-9.150490461674632,-9.212810309481377,0.06231984780674438,0.06231984780674438,0.003883763430655782,-0.18271034980197243,-0.18828763183099184,0.005577282029019415
2023-04-03 00:00:00+00:00,-9.189460221625714,-9.265948893807176,0.07648867218146194,0.07648867218146194,0.005850516972083149,-0.03896975995108143,-0.05313858432579899,0.014168824374717559
2023-04-04 00:00:00+00:00,-9.127698010192788,-9.177621325836151,0.04992331564336361,0.04992331564336361,0.0024923374448269134,0.06176221143292615,0.08832756797102448,-0.026565356538098328
2023-04-05 00:00:00+00:00,-9.044034354731965,-9.13708736590492,0.09305301117295528,0.09305301117295528,0.00865886288835414,0.083663655460823,0.04053395993123132,0.04312969552959167
2023-04-06 00:00:00+00:00,-9.108020609767555,-9.190665850763477,0.0826452409959213,0.0826452409959213,0.00683023585927391,-0.06398625503559074,-0.05357848485855676,-0.010407770177033981
2023-04-10 00:00:00+00:00,-9.15810165808573,-9.202969298998044,0.04486764091231343,0.04486764091231343,0.002013105201036302,-0.05008104831817484,-0.012303448234566972,-0.037777600083607865
2023-04-11 00:00:00+00:00,-9.145373288404448,-9.204027003472676,0.05865371506822825,0.05865371506822825,0.003440258291304906,0.012728369681282103,-0.0010577044746327147,0.013786074155914818
2023-04-12 00:00:00+00:00,-9.038100736549946,-9.141044446397329,0.10294370984738244,0.10294370984738244,0.010597407397142064,0.10727255185450169,0.0629825570753475,0.044289994779154185
2023-04-13 00:00:00+00:00,-9.249885527763611,-9.327280191660094,0.07739466389648264,0.07739466389648264,0.005989933999649514,-0.211784791213665,-0.1862357452627652,-0.025549045950899796
2023-04-14 00:00:00+00:00,-9.238624555748377,-9.284063562134383,0.0454390063860064,0.0454390063860064,0.00206470330134753,0.011260972015234572,0.043216629525710815,-0.03195565751047624
2023-04-17 00:00:00+00:00,-9.268035251258253,-9.3346487791456,0.06661352788734654,0.06661352788734654,0.004437362097598294,-0.02941069550987585,-0.05058521701121599,0.021174521501340138
2023-04-18 00:00:00+00:00,-9.26314795850634,-9.339786656543287,0.07663869803694823,0.07663869803694823,0.005873490036798532,0.0048872927519134635,-0.005137877397688229,0.010025170149601692
2023-04-19 00:00:00+00:00,-9.21942517439332,-9.33194159280281,0.11251641840948956,0.11251641840948956,0.012659944411699322,0.043722784113018776,0.007845063740477443,0.03587772037254133
2023-04-20 00:00:00+00:00,-9.16828676727244,-9.24112368661438,0.07283691934194003,0.07283691934194003,0.005305216819224278,0.05113840712088091,0.09081790618843044,-0.03967949906754953
2023-04-21 00:00:00+00:00,-9.174384796044198,-9.24923916620889,0.07485437016469199,0.07485437016469199,0.00560317673275273,-0.006098028771758024,-0.008115479594509978,0.002017450822751954
2023-04-24 00:00:00+00:00,-9.179629361049344,-9.261269801059576,0.08164044001023285,0.08164044001023285,0.006665161445064429,-0.005244565005146029,-0.012030634850686894,0.006786069845540865
2023-04-25 00:00:00+00:00,-8.972102264703244,-9.01526365329948,0.04316138859623564,0.04316138859623564,0.00186290546555526,0.20752709634609978,0.246006147760097,-0.03847905141399721
2023-04-26 00:00:00+00:00,-8.918005928226142,-8.958530604006897,0.04052467578075536,0.04052467578075536,0.00164224934713534,0.05409633647710166,0.05673304929258194,-0.00263671281548028
2023-04-27 00:00:00+00:00,-9.137059882678418,-9.216197465472383,0.07913758279396532,0.07913758279396532,0.006262757010471716,-0.21905395445227605,-0.257666861465486,0.03861290701320996
2023-04-28 00:00:00+00:00,-9.274823862570589,-9.33886489045996,0.06404102788937038,0.06404102788937038,0.004101253253127116,-0.1377639798921706,-0.12266742498757566,-0.015096554904594939
2023-05-01 00:00:00+00:00,-9.243559068371528,-9.317807771054284,0.07424870268275541,0.07424870268275541,0.00551286985007221,0.031264794199060475,0.02105711940567545,0.010207674793385024
2023-05-02 00:00:00+00:00,-9.08082251777804,-9.137075852112016,0.0562533343339755,0.0562533343339755,0.003164437623690027,0.1627365505934879,0.1807319189422678,-0.017995368348779905
2023-05-03 00:00:00+00:00,-8.91675545207932,-9.037260759971872,0.12050530789255198,0.12050530789255198,0.014521529230278751,0.16406706569872043,0.09981509214014395,0.06425197355857648
2023-05-04 00:00:00+00:00,-8.90600714398757,-8.940785670469095,0.03477852648152613,0.03477852648152613,0.001209545904226214,0.010748308091750758,0.09647508950277661,-0.08572678141102585
2023-05-05 00:00:00+00:00,-9.093827234487073,-9.178803730085168,0.08497649559809517,0.08497649559809517,0.007221004804133088,-0.18782009049950332,-0.23801805961607236,0.05019796911656904
2023-05-08 00:00:00+00:00,-9.11854052572451,-9.180182833443956,0.061642307719445455,0.061642307719445455,0.003799774100978805,-0.02471329123743793,-0.001379103358788214,-0.023334187878649715
2023-05-09 00:00:00+00:00,-9.071507703802205,-9.113781163451977,0.04227345964977225,0.04227345964977225,0.0017870453907609224,0.047032821922305956,0.06640166999197916,-0.019368848069673206
2023-05-10 00:00:00+00:00,-9.14088900483709,-9.17790059890106,0.037011594063969255,0.037011594063969255,0.0013698580951560441,-0.06938130103488582,-0.06411943544908283,-0.005261865585802994
2023-05-11 00:00:00+00:00,-9.103158443261712,-9.150079668501066,0.0469212252393536,0.0469212252393536,0.0022016013779621534,0.03773056157537802,0.02782093039999367,0.009909631175384348
2023-05-12 00:00:00+00:00,-9.041593754828884,-9.129277632857844,0.08768387802895994,0.08768387802895994,0.007688462466197523,0.06156468843282781,0.020802035643221473,0.040762652789606335
2023-05-15 00:00:00+00:00,-9.080944757206234,-9.176400748354537,0.09545599114830239,0.09545599114830239,0.009111846246104784,-0.039351002377349786,-0.047123115496692236,0.00777211311934245
2023-05-16 00:00:00+00:00,-9.038281714010298,-9.076666265672614,0.03838455166231647,0.03838455166231647,0.001473373806317042,0.04266304319593672,0.09973448268192264,-0.05707143948598592
2023-05-17 00:00:00+00:00,-9.184252019383234,-9.242416658935689,0.0581646395524551,0.0581646395524551,0.0033831252942670242,-0.14597030537293598,-0.1657503932630746,0.01978008789013863
2023-05-18 00:00:00+00:00,-9.36669520545698,-9.382609546009414,0.01591434055243468,0.01591434055243468,0.000253266235218867,-0.18244318607374588,-0.14019288707372546,-0.04225029900002042
2023-05-19 00:00:00+00:00,-9.28568800422542,-9.353281763017751,0.06759375879233076,0.06759375879233076,0.0045689162276757915,0.08100720123155902,0.029327782991662943,0.05167941823989608
2023-05-22 00:00:00+00:00,-9.351001760709098,-9.35429815735645,0.00329639664735204,0.00329639664735204,1.086623085667377e-05,-0.06531375648367721,-0.0010163943386984897,-0.06429736214497872
2023-05-23 00:00:00+00:00,-9.130433575952368,-9.169990117407371,0.03955654145500276,0.03955654145500276,0.0015647199718813517,0.22056818475672912,0.1843080399490784,0.03626014480765072
2023-05-24 00:00:00+00:00,-9.059333052878648,-9.06247913059094,0.003146077712292694,0.003146077712292694,9.897804971784832e-06,0.07110052307372072,0.10751098681643079,-0.036410463742710064
2023-05-25 00:00:00+00:00,-9.126992574535002,-9.18007972696518,0.053087152430178364,0.053087152430178364,0.0028182457531449926,-0.06765952165635447,-0.11760059637424014,0.04994107471788567
2023-05-26 00:00:00+00:00,-9.32455681253205,-9.364598709306511,0.04004189677446135,0.04004189677446135,0.0016033534972966182,-0.1975642379970477,-0.18451898234133068,-0.013045255655717014
2023-05-30 00:00:00+00:00,-9.31899707959475,-9.365056489615233,0.04605941002048297,0.04605941002048297,0.002121469251434967,0.005559732937300055,-0.00045778030872156705,0.006017513246021622
2023-05-31 00:00:00+00:00,-9.235047047916275,-9.270835473099394,0.03578842518311909,0.03578842518311909,0.0012808113770877126,0.0839500316784747,0.09422101651583858,-0.010270984837363883
2023-06-01 00:00:00+00:00,-9.368747004104414,-9.410603836509594,0.041856832405180455,0.041856832405180455,0.0017519944189953647,-0.13369995618813846,-0.13976836341019983,0.006068407222061367
2023-06-02 00:00:00+00:00,-9.606591311629217,-9.6382008927682,0.0316095811389836,0.0316095811389836,0.0009991656197819877,-0.2378443075248029,-0.22759705625860605,-0.010247251266196855
2023-06-05 00:00:00+00:00,-9.530944371364097,-9.592667529464158,0.06172315810006168,0.06172315810006168,0.00380974824584521,0.07564694026511987,0.045533363304041785,0.03011357696107808
2023-06-06 00:00:00+00:00,-9.600781840828288,-9.621787013529628,0.021005172701340058,0.021005172701340058,0.0004412172802131216,-0.06983746946419167,-0.029119484065470047,-0.04071798539872162
2023-06-07 00:00:00+00:00,-9.504137771980936,-9.548871839708791,0.044734067727855376,0.044734067727855376,0.002001136815480352,0.09664406884735222,0.0729151738208369,0.023728895026515318
2023-06-08 00:00:00+00:00,-9.589852550988642,-9.645261767252435,0.05540921626379358,0.05540921626379358,0.003070181246967847,-0.08571477900770574,-0.09638992754364395,0.010675148535938206
2023-06-09 00:00:00+00:00,-9.63131130809316,-9.667427988258464,0.03611668016530345,0.03611668016530345,0.0013044145861628236,-0.041458757104518185,-0.022166221006028053,-0.019292536098490132
2023-06-12 00:00:00+00:00,-9.794915692113706,-9.823555778781198,0.02864008666749207,0.02864008666749207,0.000820254564321457,-0.16360438402054633,-0.15612779052273495,-0.007476593497811379
2023-06-13 00:00:00+00:00,-9.919433748703351,-9.940922761145336,0.0214890124419842,0.0214890124419842,0.0004617776557317518,-0.1245180565896451,-0.11736698236413723,-0.00715107422550787
2023-06-14 00:00:00+00:00,-9.932454704633384,-9.949668060939334,0.01721335630595,0.01721335630595,0.00029629963531558863,-0.01302095593003294,-0.00874529979399874,-0.0042756561360342005
2023-06-15 00:00:00+00:00,-10.148476344361516,-10.195451439322293,0.046975094960776786,0.046975094960776786,0.0022066595465739967,-0.21602163972813138,-0.24578337838295816,0.029761738654826786
2023-06-16 00:00:00+00:00,-9.988278237117674,-10.09134040312032,0.10306216600264584,0.10306216600264584,0.010621810061156927,0.16019810724384165,0.1041110362019726,0.05608707104186905
2023-06-20 00:00:00+00:00,-9.85210190537854,-9.952777531872147,0.10067562649360795,0.10067562649360795,0.010135581769880456,0.13617633173913468,0.13856287124817257,-0.0023865395090378883
2023-06-21 00:00:00+00:00,-9.71426477200828,-9.826444991345898,0.11218021933761868,0.11218021933761868,0.012584401610636236,0.13783713337025993,0.1263325405262492,0.01150459284401073
2023-06-22 00:00:00+00:00,-9.774091794026411,-9.884472425299492,0.11038063127308106,0.11038063127308106,0.012183883760243881,-0.059827022018131615,-0.058027433953594,-0.001799588064537616
2023-06-23 00:00:00+00:00,-9.57105360733376,-9.712637870127235,0.1415842627934758,0.1415842627934758,0.020046103470772018,0.20303818669265183,0.1718345551722571,0.031203631520394737
2023-06-26 00:00:00+00:00,-9.536871586379462,-9.623172612397322,0.0863010260178605,0.0863010260178605,0.007447867091735434,0.03418202095429734,0.08946525772991265,-0.05528323677561531
2023-06-27 00:00:00+00:00,-9.665888960337044,-9.810415901967202,0.14452694163015778,0.14452694163015778,0.020888036856967034,-0.1290173739575824,-0.18724328956987968,0.058225915612297285
2023-06-28 00:00:00+00:00,-9.72121788284526,-9.806592241229856,0.0853743583845965,0.0853743583845965,0.007288781069581524,-0.05532892250821497,0.0038236607373463016,-0.059152583245561274
2023-06-29 00:00:00+00:00,-9.769081513722613,-9.870856418847463,0.10177490512485043,0.10177490512485043,0.010358131313172307,-0.04786363087735346,-0.06426417761760739,0.01640054674025393
2023-06-30 00:00:00+00:00,-9.97016152013332,-10.096096440392492,0.12593492025917108,0.12593492025917108,0.01585960414068378,-0.20108000641070767,-0.2252400215450283,0.024160015134320645
2023-07-03 00:00:00+00:00,-10.009991126433722,-10.1026475956178,0.0926564691840781,0.0926564691840781,0.008585221281660015,-0.03982960630040111,-0.006551155225308136,-0.033278451075092974
2023-07-05 00:00:00+00:00,-9.92908686941056,-10.048510140865892,0.11942327145533227,0.11942327145533227,0.014261917765093978,0.08090425702316217,0.05413745475190801,0.026766802271254164
2023-07-06 00:00:00+00:00,-9.73719521024245,-9.853866205888815,0.11667099564636452,0.11667099564636452,0.013612121225114009,0.19189165916810857,0.19464393497707633,-0.0027522758089677524
2023-07-07 00:00:00+00:00,-9.686224317646248,-9.787801835914896,0.10157751826864825,0.10157751826864825,0.010317992217617568,0.05097089259620269,0.06606436997391896,-0.015093477377716269
2023-07-10 00:00:00+00:00,-9.716929763314091,-9.82408535538635,0.10715559207225844,0.10715559207225844,0.011482320912356257,-0.03070544566784328,-0.036283519471453474,0.005578073803610195
2023-07-11 00:00:00+00:00,-9.828553798650953,-9.937013987158656,0.10846018850770278,0.10846018850770278,0.011763612491126422,-0.11162403533686138,-0.11292863177230572,0.0013045964354443385
2023-07-12 00:00:00+00:00,-10.006515032612702,-10.090228570096931,0.08371353748422905,0.08371353748422905,0.0070079563581234225,-0.17796123396174934,-0.1532145829382756,-0.02474665102347373
2023-07-13 00:00:00+00:00,-10.142878233255733,-10.251136290557795,0.10825805730206284,0.10825805730206284,0.011719806970816721,-0.13636320064303042,-0.1609077204608642,0.024544519817833788
2023-07-14 00:00:00+00:00,-10.155907722998988,-10.212459709605389,0.05655198660640082,0.05655198660640082,0.0031981271891305374,-0.01302948974325524,0.03867658095240678,-0.05170607069566202
2023-07-17 00:00:00+00:00,-10.14672839550366,-10.274207589556896,0.1274791940532367,0.1274791940532367,0.01625094491646278,0.009179327495328238,-0.061747879951507656,0.0709272074468359
2023-07-18 00:00:00+00:00,-10.333444374032949,-10.435681331899122,0.10223695786617348,0.10223695786617348,0.010452395553729732,-0.18671597852928912,-0.1614737423422259,-0.025242236187063227
2023-07-19 00:00:00+00:00,-10.303249752863476,-10.46826235035411,0.1650125974906338,0.1650125974906338,0.02722915733060592,0.030194621169473024,-0.03258101845498729,0.06277563962446031
2023-07-20 00:00:00+00:00,-10.16900096378194,-10.25636954275276,0.0873685789708194,0.0873685789708194,0.007633268591380306,0.1342487890815356,0.21189280760135,-0.0776440185198144
2023-07-21 00:00:00+00:00,-10.127451409212044,-10.232986248013884,0.10553483880183911,0.10553483880183911,0.011137602200930167,0.04154955456989562,0.023383294738875904,0.018166259831019715
2023-07-24 00:00:00+00:00,-10.254070574462537,-10.31942622371376,0.06535564925122372,0.06535564925122372,0.00427136088904898,-0.12661916525049222,-0.08643997569987683,-0.04017918955061539
2023-07-25 00:00:00+00:00,-10.266166907019716,-10.364355944618293,0.09818903759857633,0.09818903759857633,0.009641087104534637,-0.012096332557179679,-0.04492972090453229,0.03283338834735261
2023-07-26 00:00:00+00:00,-10.256560504713509,-10.342460834834524,0.0859003301210155,0.0859003301210155,0.007378866714899443,0.009606402306207684,0.021895109783768518,-0.012288707477560834
2023-07-27 00:00:00+00:00,-10.06407746973508,-10.14484706050222,0.08076959076714019,0.08076959076714019,0.006523726792691298,0.19248303497842834,0.19761377433230365,-0.005130739353875313
2023-07-28 00:00:00+00:00,-10.268220151120888,-10.352633055759478,0.08441290463859019,0.08441290463859019,0.007125538469523722,-0.20414268138580738,-0.20778599525725738,0.0036433138714500046
2023-07-31 00:00:00+00:00,-10.289773544496386,-10.376491786014167,0.08671824151778118,0.08671824151778118,0.007520053411936228,-0.02155339337549833,-0.02385873025468932,0.002305336879190989
2023-08-01 00:00:00+00:00,-10.094588625709193,-10.274824502739332,0.18023587703013888,0.18023587703013888,0.03248497136882334,0.19518491878719324,0.10166728327483554,0.0935176355123577
2023-08-02 00:00:00+00:00,-9.846560016461329,-9.900336204694929,0.05377618823360031,0.05377618823360031,0.0028918784209356124,0.2480286092478643,0.37448829804440287,-0.12645968879653857
2023-08-03 00:00:00+00:00,-9.776178768277513,-9.825021890252891,0.04884312197537888,0.04884312197537888,0.002385650564301739,0.07038124818381597,0.0753143144420374,-0.00493306625822143
2023-08-04 00:00:00+00:00,-9.61920102346229,-9.720118508818974,0.10091748535668366,0.10091748535668366,0.01018433885071646,0.1569777448152223,0.10490338143391753,0.05207436338130478
2023-08-07 00:00:00+00:00,-9.7780438288046,-9.873205776232108,0.09516194742750805,0.09516194742750805,0.009055796238195806,-0.1588428053423101,-0.1530872674131345,-0.005755537929175603
2023-08-08 00:00:00+00:00,-9.661827587910528,-9.768726091163009,0.10689850325248074,0.10689850325248074,0.011427289997620634,0.11621624089407234,0.10447968506909966,0.011736555824972683
2023-08-09 00:00:00+00:00,-9.567502253512869,-9.625091169373636,0.05758891586076764,0.05758891586076764,0.0033164832300185748,0.09432533439765933,0.14363492178937243,-0.049309587391713094
2023-08-10 00:00:00+00:00,-9.540982205580349,-9.62131253048078,0.0803303249004319,0.0803303249004319,0.00645296109860895,0.02652004793251983,0.003778638892855568,0.022741409039664262
2023-08-11 00:00:00+00:00,-9.502507570038048,-9.600544502316112,0.0980369322780632,0.0980369322780632,0.00961124009049355,0.03847463554230046,0.02076802816466916,0.0177066073776313
2023-08-14 00:00:00+00:00,-9.605909904928406,-9.68930766627312,0.08339776134471322,0.08339776134471322,0.006955186597309742,-0.1034023348903581,-0.08876316395700812,-0.014639170933349988
2023-08-15 00:00:00+00:00,-9.359738761259347,-9.458489623211449,0.09875086195210159,0.09875086195210159,0.009751732736283025,0.24617114366905923,0.23081804306167086,0.01535310060738837
2023-08-16 00:00:00+00:00,-9.209458171530596,-9.32831185770616,0.11885368617556402,0.11885368617556402,0.014126198717519458,0.15028058972875158,0.13017776550528914,0.020102824223462434
2023-08-17 00:00:00+00:00,-9.07776841396454,-9.20364934936906,0.1258809354045205,0.1258809354045205,0.015846009898317064,0.13168975756605583,0.12466250833709935,0.007027249228956478
2023-08-18 00:00:00+00:00,-9.081158064993046,-9.207825679698676,0.12666761470562982,0.12666761470562982,0.016044684615213887,-0.00338965102850608,-0.004176330329615396,0.0007866793011093165
2023-08-21 00:00:00+00:00,-9.163056099732891,-9.300427572892946,0.13737147316005505,0.13737147316005505,0.018870921638163726,-0.08189803473984547,-0.0926018931942707,0.01070385845442523
2023-08-22 00:00:00+00:00,-9.144031866102054,-9.254064340007124,0.1100324739050702,0.1100324739050702,0.012107145313669956,0.019024233630837273,0.046363232885822114,-0.02733899925498484
2023-08-23 00:00:00+00:00,-9.32665199902756,-9.417349029502423,0.090697030474864,0.090697030474864,0.008225951336958408,-0.18262013292550527,-0.16328468949529906,-0.01933544343020621
2023-08-24 00:00:00+00:00,-9.076458417173702,-9.182602346408393,0.1061439292346904,0.1061439292346904,0.011266533713378964,0.250193581853857,0.23474668309403057,0.01544689875982641
2023-08-25 00:00:00+00:00,-9.164529340612098,-9.282285955899836,0.11775661528773718,0.11775661528773718,0.013866620444024137,-0.08807092343839606,-0.09968360949144284,0.011612686053046772
2023-08-28 00:00:00+00:00,-9.266771968207754,-9.37474253421593,0.10797056600817534,0.10797056600817534,0.011657643124125748,-0.10224262759565583,-0.092456578316094,-0.009786049279561837
2023-08-29 00:00:00+00:00,-9.50485836645538,-9.598729803011503,0.09387143655612284,0.09387143655612284,0.008811846601110196,-0.238086398247626,-0.2239872687955735,-0.014099129452052495
2023-08-30 00:00:00+00:00,-9.56112911853341,-9.662489028022552,0.1013599094891422,0.1013599094891422,0.010273831251647098,-0.05627075207802967,-0.06375922501104903,0.007488472933019352
2023-08-31 00:00:00+00:00,-9.532814890801216,-9.62445187886521,0.09163698806399445,0.09163698806399445,0.00839733758144066,0.02831422773219394,0.03803714915734169,-0.009722921425147746
2023-09-01 00:00:00+00:00,-9.532354101932915,-9.64795327564662,0.11559917371370432,0.11559917371370432,0.013363168963291188,0.0004607888683008099,-0.023501396781409056,0.023962185649709866
2023-09-05 00:00:00+00:00,-9.447725183157871,-9.557816583273086,0.11009140011521446,0.11009140011521446,0.012120116379328241,0.08462891877504397,0.09013669237353383,-0.005507773598489862
2023-09-06 00:00:00+00:00,-9.317187656925654,-9.430501979854697,0.11331432292904253,0.11331432292904253,0.012840135780867333,0.13053752623221726,0.12731460341838918,0.0032229228138280774
2023-09-07 00:00:00+00:00,-9.268924410931168,-9.373128716682022,0.10420430575085327,0.10420430575085327,0.010858537337017311,0.048263245994485615,0.05737326317267488,-0.009110017178189267
2023-09-08 00:00:00+00:00,-9.266184902886511,-9.391448863711355,0.12526396082484403,0.12526396082484403,0.01569105988152806,0.0027395080446570574,-0.01832014702933371,0.02105965507399077
2023-09-11 00:00:00+00:00,-9.366976509748296,-9.491199378943255,0.12422286919495917,0.12422286919495917,0.015431321231027936,-0.1007916068617849,-0.09975051523190004,-0.0010410916298848605
2023-09-12 00:00:00+00:00,-9.336610504286732,-9.390047912317035,0.0534374080303035,0.0534374080303035,0.0028555565769971454,0.030366005461564427,0.1011514666262201,-0.07078546116465567
2023-09-13 00:00:00+00:00,-9.313993819693522,-9.402797593190574,0.08880377349705171,0.08880377349705171,0.007886110187315663,0.022616684593209868,-0.012749680873538338,0.035366365466748206
2023-09-14 00:00:00+00:00,-9.4451228451481,-9.535911455884358,0.09078861073625788,0.09078861073625788,0.00824257183941976,-0.1311290254545785,-0.13311386269378467,0.001984837239206172
2023-09-15 00:00:00+00:00,-9.13935812735102,-9.317028494447612,0.17767036709659223,0.17767036709659223,0.031566759344237846,0.30576471779708037,0.21888296143674602,0.08688175636033435
2023-09-18 00:00:00+00:00,-9.157348953828109,-9.321351653553798,0.16400269972568893,0.16400269972568893,0.02689688551731449,-0.017990826477088717,-0.004323159106185415,-0.013667667370903303
2023-09-19 00:00:00+00:00,-9.118257401931212,-9.284115349710902,0.1658579477796902,0.1658579477796902,0.027508858841690444,0.03909155189689706,0.03723630384289578,0.0018552480540012795
2023-09-20 00:00:00+00:00,-8.94217400945157,-9.138510966048882,0.1963369565973121,0.1963369565973121,0.03854820052589481,0.1760833924796419,0.14560438366202,0.03047900881762189
2023-09-21 00:00:00+00:00,-8.723861123977013,-8.89936897018584,0.1755078462088271,0.1755078462088271,0.030803004080861302,0.21831288547455685,0.23914199586304186,-0.020829110388485006
2023-09-22 00:00:00+00:00,-8.747939446411795,-8.872797823827078,0.12485837741528272,0.12485837741528272,0.015589614410777181,-0.02407832243478225,0.02657114635876212,-0.05064946879354437
2023-09-25 00:00:00+00:00,-8.760615200879487,-8.927455265085362,0.16684006420587494,0.16684006420587494,0.02783560702422047,-0.012675754467691647,-0.05465744125828387,0.04198168679059222
2023-09-26 00:00:00+00:00,-8.598589092360656,-8.739159113538303,0.1405700211776466,0.1405700211776466,0.019759930853884018,0.16202610851883037,0.1882961515470587,-0.02627004302822833
2023-09-27 00:00:00+00:00,-8.608059922234881,-8.748078033351968,0.14001811111708662,0.14001811111708662,0.019605071440796814,-0.009470829874224762,-0.008918919813664772,-0.0005519100605599903
2023-09-28 00:00:00+00:00,-8.670166182514413,-8.820011639414568,0.14984545690015594,0.14984545690015594,0.02245366095361649,-0.062106260279531256,-0.07193360606260057,0.009827345783069319
2023-09-29 00:00:00+00:00,-8.639857929212106,-8.79355230826581,0.15369437905370376,0.15369437905370376,0.023621962152703572,0.03030825330230691,0.02645933114875909,0.003848922153547818
2023-10-02 00:00:00+00:00,-8.602850449370406,-8.792249569218978,0.18939911984857183,0.18939911984857183,0.03587202659941367,0.03700747984169972,0.0013027390468316469,0.03570474079486807
2023-10-03 00:00:00+00:00,-8.487528476164945,-8.634164102926906,0.1466356267619613,0.1466356267619613,0.021502007035873218,0.11532197320546089,0.15808546629207143,-0.04276349308661054
2023-10-04 00:00:00+00:00,-8.565206868298652,-8.720344024691082,0.15513715639242953,0.15513715639242953,0.02406753729352914,-0.07767839213370742,-0.08617992176417566,0.00850152963046824
2023-10-05 00:00:00+00:00,-8.565890043553143,-8.72051584279114,0.1546257992379978,0.1546257992379978,0.0239091377899896,-0.0006831752544904646,-0.00017181810005872933,-0.0005113571544317352
2023-10-06 00:00:00+00:00,-8.741558231016386,-8.861597067633422,0.12003883661703618,0.12003883661703618,0.014409322296371506,-0.1756681874632431,-0.14108122484228147,-0.034586962620961614
2023-10-09 00:00:00+00:00,-8.807607713434114,-8.943249615499466,0.13564190206535187,0.13564190206535187,0.01839872559590651,-0.06604948241772846,-0.08165254786604415,0.01560306544831569
2023-10-10 00:00:00+00:00,-8.88269108814368,-9.011562773154504,0.12887168501082336,0.12887168501082336,0.016607911197528875,-0.07508337470956583,-0.06831315765503732,-0.006770217054528516
2023-10-11 00:00:00+00:00,-8.968407238078049,-9.066384753853075,0.09797751577502645,0.09797751577502645,0.009599593597445557,-0.0857161499343686,-0.05482198069857169,-0.03089416923579691
2023-10-12 00:00:00+00:00,-8.816874373677809,-8.98169257404538,0.16481820036757178,0.16481820036757178,0.027165039172405037,0.15153286440023983,0.0846921798076945,0.06684068459254533
2023-10-13 00:00:00+00:00,-8.75050416432999,-8.916558300786976,0.1660541364569852,0.1660541364569852,0.027573976234475057,0.06637020934781823,0.06513427325840482,0.0012359360894134142
2023-10-16 00:00:00+00:00,-8.918490553647365,-9.051664169446097,0.13317361579873221,0.13317361579873221,0.01773521194490834,-0.16798638931737386,-0.1351058686591209,-0.032880520658252976
2023-10-17 00:00:00+00:00,-8.888440194007456,-9.050583406486949,0.16214321247949215,0.16214321247949215,0.026290421353169738,0.03005035963990821,0.0010807629591482737,0.028969596680759935
2023-10-18 00:00:00+00:00,-8.742809579993809,-8.867302668559153,0.12449308856534458,0.12449308856534458,0.015498529100538729,0.14563061401364763,0.1832807379277952,-0.03765012391414757
2023-10-19 00:00:00+00:00,-8.608769382002409,-8.759853854746646,0.15108447274423753,0.15108447274423753,0.022826517904404254,0.13404019799139988,0.10744881381250693,0.02659138417889295
2023-10-20 00:00:00+00:00,-8.470352800902324,-8.617943730985816,0.1475909300834921,0.1475909300834921,0.021783082642910255,0.1384165811000848,0.14191012376083023,-0.003493542660745419
2023-10-23 00:00:00+00:00,-8.51084637920368,-8.604857994065611,0.09401161486193033,0.09401161486193033,0.008838183728947919,-0.04049357830135669,0.013085736920205093,-0.053579315221561785
2023-10-24 00:00:00+00:00,-8.557094893572847,-8.693076485934233,0.13598159236138585,0.13598159236138585,0.01849099346113811,-0.046248514369166216,-0.08821849186862174,0.041969977499455524
2023-10-25 00:00:00+00:00,-8.356496365143796,-8.533011774812344,0.17651540966854817,0.17651540966854817,0.03115768985045539,0.20059852842905102,0.1600647111218887,0.04053381730716232
2023-10-26 00:00:00+00:00,-8.344513199443126,-8.413190798245731,0.06867759880260493,0.06867759880260493,0.004716612577291563,0.011983165700669929,0.11982097656661317,-0.10783781086594324
2023-10-27 00:00:00+00:00,-8.241941528098668,-8.376852370412141,0.13491084231347372,0.13491084231347372,0.01820093537373097,0.10257167134445844,0.03633842783358965,0.06623324351086879
2023-10-30 00:00:00+00:00,-8.37038409493428,-8.50204686237282,0.13166276743853977,0.13166276743853977,0.01733508432957501,-0.12844256683561284,-0.1251944919606789,-0.0032480748749339483
2023-10-31 00:00:00+00:00,-8.433972327176358,-8.57461993097629,0.14064760379993224,0.14064760379993224,0.019781748454662716,-0.06358823224207732,-0.07257306860346979,0.008984836361392468
2023-11-01 00:00:00+00:00,-8.518443082622069,-8.69536428557636,0.1769212029542917,0.1769212029542917,0.031301112054793676,-0.08447075544571092,-0.12074435460007038,0.03627359915435946
2023-11-02 00:00:00+00:00,-8.786750544151253,-8.917152141481262,0.13040159733000856,0.13040159733000856,0.017004576586217696,-0.2683074615291847,-0.22178785590490158,-0.046519605624283145
2023-11-03 00:00:00+00:00,-8.95131166204535,-9.034629041228724,0.08331737918337367,0.08331737918337367,0.006941785673986069,-0.1645611178940971,-0.11747689974746223,-0.04708421814663488
2023-11-06 00:00:00+00:00,-8.93889848971297,-9.0655154288429,0.12661693912992966,0.12661693912992966,0.016031849274632314,0.01241317233237993,-0.03088638761417606,0.04329955994655599
2023-11-07 00:00:00+00:00,-8.999378441397255,-9.10386610185592,0.10448766045866442,0.10448766045866442,0.010917671188125144,-0.06047995168428422,-0.03835067301301898,-0.02212927867126524
2023-11-08 00:00:00+00:00,-8.993742116956994,-9.112827996508916,0.11908587955192118,0.11908587955192118,0.014181446708654679,0.00563632444026041,-0.00896189465299635,0.014598219093256759
2023-11-09 00:00:00+00:00,-8.894390303563375,-9.001339519255017,0.10694921569164251,0.10694921569164251,0.011438134737057471,0.09935181339361954,0.11148847725389821,-0.012136663860278674
2023-11-10 00:00:00+00:00,-9.093988756278002,-9.2076249884997,0.11363623222169927,0.11363623222169927,0.012913193273543963,-0.19959845271462662,-0.20628546924468338,0.006687016530056766
2023-11-13 00:00:00+00:00,-9.105990864003912,-9.190605960067307,0.0846150960633949,0.0846150960633949,0.007159714481817547,-0.012002107725910705,0.017019028432393668,-0.029021136158304373
2023-11-14 00:00:00+00:00,-9.406720549804314,-9.468681255171669,0.06196070536735476,0.06196070536735476,0.003839129009620145,-0.3007296858004018,-0.2780752951043617,-0.02265439069604014
2023-11-15 00:00:00+00:00,-9.403035654872816,-9.49672354244499,0.09368788757217317,0.09368788757217317,0.00877742027773616,0.0036848949314975954,-0.02804228727332081,0.031727182204818405
2023-11-16 00:00:00+00:00,-9.433883821423024,-9.50958147908473,0.07569765766170633,0.07569765766170633,0.005730135375468887,-0.030848166550207168,-0.01285793663974033,-0.017990229910466837
2023-11-17 00:00:00+00:00,-9.419826858852376,-9.522697014918627,0.10287015606625083,0.10287015606625083,0.010582269009094801,0.014056962570647258,-0.01311553583389724,0.0271724984045445
2023-11-20 00:00:00+00:00,-9.574776895495896,-9.646424689598645,0.07164779410274846,0.07164779410274846,0.005133406399789838,-0.1549500366435197,-0.12372767468001733,-0.031222361963502365
2023-11-21 00:00:00+00:00,-9.520657139523422,-9.595762175825447,0.07510503630202514,0.07510503630202514,0.005640766477928515,0.05411975597247398,0.050662513773197304,0.0034572421992766778
2023-11-22 00:00:00+00:00,-9.56363348439567,-9.654874527710586,0.09124104331491623,0.09124104331491623,0.008324927985194418,-0.04297634487224755,-0.059112351885138636,0.016136007012891085
2023-11-24 00:00:00+00:00,-9.580613238447803,-9.655347753036532,0.07473451458872837,0.07473451458872837,0.005585247670812854,-0.0169797540521337,-0.00047322532594584743,-0.016506528726187852
2023-11-27 00:00:00+00:00,-9.545570160769008,-9.61132265368456,0.06575249291555174,0.06575249291555174,0.004323390324609682,0.03504307767879489,0.04402509935197152,-0.008982021673176632
2023-11-28 00:00:00+00:00,-9.541088615737412,-9.619110549897146,0.07802193415973413,0.07802193415973413,0.006087422210025888,0.004481545031596923,-0.007787896212585466,0.012269441244182389
2023-11-29 00:00:00+00:00,-9.523845702530783,-9.596217059063555,0.07237135653277171,0.07237135653277171,0.005237613246393559,0.017242913206628074,0.02289349083359049,-0.005650577626962416
2023-11-30 00:00:00+00:00,-9.563601105248106,-9.65670010874915,0.09309900350104527,0.09309900350104527,0.00866742445288764,-0.03975540271732214,-0.0604830496855957,0.02072764696827356
2023-12-01 00:00:00+00:00,-9.693178277743488,-9.754453399820902,0.06127512207741326,0.06127512207741326,0.0037546405856018978,-0.1295771724953827,-0.09775329107175068,-0.03182388142363202
2023-12-04 00:00:00+00:00,-9.52286984638406,-9.639948787716826,0.11707894133276575,0.11707894133276575,0.013707478503601205,0.17030843135942852,0.11450461210407603,0.055803819255352494
2023-12-05 00:00:00+00:00,-9.548201147157789,-9.625785940359256,0.07758479320146705,0.07758479320146705,0.006019400136114408,-0.025331300773729026,0.014162847357569675,-0.0394941481312987
2023-12-06 00:00:00+00:00,-9.444104600226874,-9.542252466745198,0.09814786651832463,0.09814786651832463,0.00963300370209887,0.10409654693091497,0.08353347361405739,0.020563073316857583
2023-12-07 00:00:00+00:00,-9.56096497999798,-9.665756700573825,0.10479172057584485,0.10479172057584485,0.010981304701245944,-0.11686037977110608,-0.1235042338286263,0.006643854057520215
2023-12-08 00:00:00+00:00,-9.657685198618047,-9.734070743534534,0.07638554491648719,0.07638554491648719,0.005834751472188682,-0.0967202186200673,-0.06831404296070964,-0.028406175659357658
2023-12-11 00:00:00+00:00,-9.66550952006273,-9.796007161184836,0.13049764112210482,0.13049764112210482,0.017029634338433665,-0.00782432144468359,-0.06193641765030122,0.05411209620561763
2023-12-12 00:00:00+00:00,-9.814705631441017,-9.872376656440984,0.05767102499996746,0.05767102499996746,0.0033259471245468716,-0.14919611137828603,-0.07636949525614867,-0.07282661612213737
2023-12-13 00:00:00+00:00,-10.103992778034666,-10.13803476973846,0.03404199170379485,0.03404199170379485,0.0011588571991612373,-0.28928714659364907,-0.26565811329747646,-0.023629033296172608
2023-12-14 00:00:00+00:00,-10.10101944624846,-10.192270090534892,0.0912506442864327,0.0912506442864327,0.008326680082689074,0.0029733317862064013,-0.05423532079643145,0.05720865258263785
2023-12-15 00:00:00+00:00,-9.989434504894357,-10.130747194465275,0.1413126895709187,0.1413126895709187,0.019969276233766833,0.1115849413541028,0.061522896069616806,0.05006204528448599
2023-12-18 00:00:00+00:00,-10.058329811530568,-10.240926914871254,0.18259710334068657,0.18259710334068657,0.03334170214840937,-0.06889530663621102,-0.1101797204059789,0.04128441376976788
2023-12-19 00:00:00+00:00,-10.18076419971789,-10.367127107943496,0.18636290822560575,0.18636290822560575,0.034731133562305554,-0.12243438818732244,-0.12620019307224162,0.003765804884919177
2023-12-20 00:00:00+00:00,-9.841597233720044,-9.97543611283397,0.13383887911392556,0.13383887911392556,0.01791284556247198,0.3391669659978458,0.391690995109526,-0.05252402911168019
2023-12-21 00:00:00+00:00,-9.86392201371816,-10.161833106277635,0.2979110925594757,0.2979110925594757,0.08875101906998048,-0.02232477999811522,-0.18639699344366534,0.16407221344555012
2023-12-22 00:00:00+00:00,-10.008813605536709,-10.188109085752185,0.17929548021547603,0.17929548021547603,0.032146869225698156,-0.14489159181854916,-0.026275979474549516,-0.11861561234399964
2023-12-26 00:00:00+00:00,-10.118474065625518,-10.267315376384497,0.14884131075897855,0.14884131075897855,0.022153735788450823,-0.10966046008880959,-0.0792062906323121,-0.030454169456497482
2023-12-27 00:00:00+00:00,-10.135112474137909,-10.288735047973024,0.1536225738351149,0.1536225738351149,0.02359989519172533,-0.016638408512390512,-0.021419671588526867,0.004781263076136355
2023-12-28 00:00:00+00:00,-10.13681505296003,-10.27411925902461,0.13730420606458082,0.13730420606458082,0.018852445003024874,-0.0017025788221207705,0.01461578894841331,-0.01631836777053408
2023-12-29 00:00:00+00:00,-10.011188492537851,-10.177777449858572,0.16658895732072132,0.16658895732072132,0.02775188070120511,0.12562656042217846,0.09634180916603796,0.029284751256140495
2024-01-02 00:00:00+00:00,-9.867798139288125,-10.0222981388738,0.15449999958567595,0.15449999958567595,0.023870249871973868,0.1433903532497265,0.15547931098477186,-0.01208895773504537
2024-01-03 00:00:00+00:00,-9.680261664391235,-9.823012560147694,0.14275089575645872,0.14275089575645872,0.020377818239271345,0.18753647489688952,0.19928557872610675,-0.011749103829217233
2024-01-04 00:00:00+00:00,-9.609960146604342,-9.744376156334532,0.13441600973018986,0.13441600973018986,0.018067663671786496,0.07030151778689309,0.07863640381316195,-0.008334886026268862
2024-01-05 00:00:00+00:00,-9.623352010936353,-9.758150694611563,0.13479868367521064,0.13479868367521064,0.018170685120569498,-0.013391864332010783,-0.013774538277031567,0.0003826739450207839
2024-01-08 00:00:00+00:00,-9.853357960947566,-10.019872601387812,0.166514640440246,0.166514640440246,0.027727125480944408,-0.23000595001121305,-0.2617219067762484,0.03171595676503536
2024-01-09 00:00:00+00:00,-9.815446768877576,-9.968234379023396,0.1527876101458201,0.1527876101458201,0.02334405381407111,0.0379111920699895,0.0516382223644154,-0.013727030294425902
2024-01-10 00:00:00+00:00,-9.868755971688175,-10.072411862519676,0.20365589083150049,0.20365589083150049,0.041475721870372045,-0.05330920281059903,-0.10417748349627942,0.05086828068568039
2024-01-11 00:00:00+00:00,-9.884908120514602,-10.043155097455978,0.1582469769413759,0.1582469769413759,0.025042105711084357,-0.016152148826426682,0.029256765063697898,-0.04540891389012458
2024-01-12 00:00:00+00:00,-9.853587770687469,-10.039959651063104,0.1863718803756349,0.1863718803756349,0.03473447779474997,0.0313203498271335,0.0031954463928745014,0.028124903434258997
2024-01-16 00:00:00+00:00,-9.806021606250813,-9.939446834688718,0.13342522843790583,0.13342522843790583,0.017802291583707355,0.047566164436656067,0.10051281637438514,-0.05294665193772907
2024-01-17 00:00:00+00:00,-9.658057854582482,-9.804848244885116,0.14679039030263397,0.14679039030263397,0.021547418685199615,0.1479637516683301,0.13459858980360195,0.013365161864728137
2024-01-18 00:00:00+00:00,-9.841485701691486,-9.966609936216717,0.1251242345252308,0.1251242345252308,0.01565607406552496,-0.1834278471090034,-0.16176169133160023,-0.021666155777403162
2024-01-19 00:00:00+00:00,-10.079335906294018,-10.21570988899105,0.13637398269703205,0.13637398269703205,0.018597863156650397,-0.23785020460253214,-0.2490999527743334,0.011249748171801244
2024-01-22 00:00:00+00:00,-10.109276605232902,-10.24460052211911,0.13532391688620926,0.13532391688620926,0.01831256248142567,-0.029940698938883514,-0.028890633128060728,-0.0010500658108227867
2024-01-23 00:00:00+00:00,-10.209115119162703,-10.29330705319,0.08419193402729697,0.08419193402729697,0.0070882817552567244,-0.09983851392980192,-0.048706531070889625,-0.051131982858912295
2024-01-24 00:00:00+00:00,-10.158329169195335,-10.296669307596993,0.1383401384016576,0.1383401384016576,0.01913799389298978,0.05078594996736818,-0.0033622544069924487,0.05414820437436063
2024-01-25 00:00:00+00:00,-10.219728190125965,-10.40961807341616,0.18988988329019563,0.18988988329019563,0.036058167775964114,-0.06139902093062943,-0.11294876581916746,0.05154974488853803
2024-01-26 00:00:00+00:00,-10.189185029253116,-10.348580539033865,0.15939550978074912,0.15939550978074912,0.02540692853826489,0.03054316087284903,0.06103753438229553,-0.030494373509446504
2024-01-29 00:00:00+00:00,-10.38068745822073,-10.527871804212708,0.1471843459919775,0.1471843459919775,0.02166323170508614,-0.19150242896761505,-0.17929126517884342,-0.012211163788771628
2024-01-30 00:00:00+00:00,-10.32534350762426,-10.475958952673247,0.15061544504898805,0.15061544504898805,0.02268501228730474,0.05534395059647146,0.0519128515394609,0.003431099057010556
2024-01-31 00:00:00+00:00,-9.90499238636314,-9.99220198169676,0.08720959533362027,0.08720959533362027,0.007605513518253802,0.4203511212611186,0.4837569709764864,-0.06340584971536778
2024-02-01 00:00:00+00:00,-10.252555302812857,-10.257533960124263,0.004978657311406565,0.004978657311406565,2.478702862442204e-05,-0.34756291644971604,-0.26533197842750234,-0.0822309380222137
2024-02-02 00:00:00+00:00,-10.364603306005437,-10.494040776744022,0.12943747073858525,0.12943747073858525,0.016754058831202113,-0.11204800319258013,-0.2365068166197588,0.12445881342717868
2024-02-05 00:00:00+00:00,-10.22249213863204,-10.363123435304631,0.14063129667259133,0.14063129667259133,0.0197771616038144,0.1421111673733968,0.1309173414393907,0.011193825934006085
2024-02-06 00:00:00+00:00,-10.28128023897685,-10.413059932258005,0.13177969328115502,0.13177969328115502,0.017365887561275294,-0.058788100344809635,-0.04993649695337332,-0.008851603391436313
2024-02-07 00:00:00+00:00,-10.477042548102796,-10.608665463760545,0.13162291565774886,0.13162291565774886,0.01732459192624687,-0.1957623091259464,-0.19560553150254023,-0.00015677762340615686
2024-02-08 00:00:00+00:00,-10.470420426408069,-10.58968175455844,0.11926132815037072,0.11926132815037072,0.014223264392190406,0.006622121694727312,0.01898370920210546,-0.012361587507378147
2024-02-09 00:00:00+00:00,-10.56322037269273,-10.726823941399248,0.1636035687065185,0.1636035687065185,0.026766127693508515,-0.0927999462846607,-0.13714218684080848,0.04434224055614777
2024-02-12 00:00:00+00:00,-10.53203037945384,-10.677874289748052,0.14584391029421262,0.14584391029421262,0.021270446169906337,0.031189993238889713,0.04894965165119558,-0.017759658412305868
2024-02-13 00:00:00+00:00,-10.12003411664512,-10.219896444119373,0.09986232747425206,0.09986232747425206,0.009972484448574757,0.41199626280871904,0.4579778456286796,-0.045981582819960565
2024-02-14 00:00:00+00:00,-10.331426823550048,-10.417720685234125,0.08629386168407649,0.08629386168407649,0.007446630564350525,-0.2113927069049275,-0.19782424111475194,-0.013568465790175566
2024-02-15 00:00:00+00:00,-10.48050854935858,-10.575304977486452,0.09479642812787148,0.09479642812787148,0.008986362785802704,-0.14908172580853218,-0.15758429225232717,0.00850256644379499
2024-02-16 00:00:00+00:00,-10.2456274270244,-10.399047022952088,0.15341959592768717,0.15341959592768717,0.023537572414614804,0.2348811223341798,0.1762579545343641,0.05862316779981569
2024-02-20 00:00:00+00:00,-10.093345401731783,-10.225301653297304,0.13195625156552104,0.13195625156552104,0.017412452327223073,0.15228202529261736,0.1737453696547835,-0.021463344362166126
2024-02-21 00:00:00+00:00,-10.234032596624552,-10.224745439410722,-0.00928715721383,0.00928715721383,8.62512891143946e-05,-0.14068719489276837,0.0005562138865826682,-0.14124340877935104
2024-02-22 00:00:00+00:00,-10.628827878660193,-10.702285503606662,0.07345762494646912,0.07345762494646912,0.005396022662776123,-0.3947952820356413,-0.4775400641959404,0.08274478216029912
2024-02-23 00:00:00+00:00,-10.56647818181719,-10.689101815219,0.12262363340181004,0.12262363340181004,0.015036555468661502,0.06234969684300218,0.013183688387661263,0.049166008455340915
2024-02-26 00:00:00+00:00,-10.44977369554781,-10.542102913787913,0.09232921824010276,0.09232921824010276,0.008524684540828524,0.11670448626938068,0.14699890143108796,-0.030294415161707278
2024-02-27 00:00:00+00:00,-10.46924672197858,-10.564846466017276,0.09559974403869553,0.09559974403869553,0.009139311060264102,-0.01947302643077009,-0.022743552229362862,0.0032705257985927716
2024-02-28 00:00:00+00:00,-10.341614092335517,-10.495717286216427,0.15410319388091054,0.15410319388091054,0.023747794364297505,0.1276326296430632,0.0691291798008482,0.058503449842215005
2024-02-29 00:00:00+00:00,-10.429115853108929,-10.566825043648231,0.13770919053930264,0.13770919053930264,0.01896382115898996,-0.08750176077341187,-0.07110775743180398,-0.0163940033416079
2024-03-01 00:00:00+00:00,-10.673586013377344,-10.806306897111252,0.13272088373390822,0.13272088373390822,0.017614832979109585,-0.24447016026841517,-0.23948185346302076,-0.004988306805394416
2024-03-04 00:00:00+00:00,-10.6071008932063,-10.733941698498176,0.12684080529187725,0.12684080529187725,0.016088589887091914,0.0664851201710448,0.07236519861307578,-0.005880078442030978
2024-03-05 00:00:00+00:00,-10.305933559613148,-10.382719931134996,0.0767863715218482,0.0767863715218482,0.0058961468514913,0.30116733359315084,0.3512217673631799,-0.05005443377002905
2024-03-06 00:00:00+00:00,-10.397700761506073,-10.489851627036265,0.0921508655301917,0.0921508655301917,0.008491782017963473,-0.09176720189292453,-0.10713169590126803,0.015364494008343499
2024-03-07 00:00:00+00:00,-10.662040730182865,-10.73600036686363,0.07395963668076533,0.07395963668076533,0.005470027857950808,-0.26433996867679177,-0.2461487398273654,-0.018191228849426366
2024-03-08 00:00:00+00:00,-10.429622943446995,-10.511060848141804,0.08143790469480905,0.08143790469480905,0.0066321323210808015,0.23241778673586921,0.2249395187218255,0.007478268014043721
2024-03-11 00:00:00+00:00,-10.454167137531725,-10.457320926537264,0.003153789005539309,0.003153789005539309,9.946385091460625e-06,-0.0245441940847293,0.05373992160454044,-0.07828411568926974
2024-03-12 00:00:00+00:00,-10.671029207268855,-10.72240231302474,0.05137310575588394,0.05137310575588394,0.0026391959950052358,-0.21686206973713062,-0.26508138648747526,0.04821931675034463
2024-03-13 00:00:00+00:00,-10.604970487642923,-10.638293583950036,0.03332309630711272,0.03332309630711272,0.0011104287474931094,0.06605871962593213,0.08410872907470335,-0.01805000944877122
2024-03-14 00:00:00+00:00,-10.427738407557474,-10.546146913852724,0.1184085062952498,0.1184085062952498,0.01402057436307221,0.17723208008544944,0.09214667009731237,0.08508540998813707
2024-03-15 00:00:00+00:00,-10.142850364247368,-10.31836477379847,0.1755144095511021,0.1755144095511021,0.030805307960071998,0.2848880433101062,0.2277821400542539,0.0571059032558523
2024-03-18 00:00:00+00:00,-10.25190493807499,-10.44511747417179,0.19321253609679978,0.19321253609679978,0.03733108410495716,-0.10905457382762229,-0.12675270037331998,0.01769812654569769
2024-03-19 00:00:00+00:00,-10.38064458810748,-10.56820892603315,0.1875643379256715,0.1875643379256715,0.0351803808614955,-0.12873965003248955,-0.12309145186136128,-0.005648198171128271
2024-03-20 00:00:00+00:00,-10.357243004453537,-10.803854907361702,0.446611902908165,0.446611902908165,0.1994621918192522,0.023401583653942737,-0.23564598132855075,0.2590475649824935
2024-03-21 00:00:00+00:00,-10.724139769709891,-10.873937381039838,0.14979761132994618,0.14979761132994618,0.02243932436015762,-0.36689676525635484,-0.07008247367813603,-0.2968142915782188
2024-03-22 00:00:00+00:00,-10.54999814572075,-10.77065173370267,0.22065358798191959,0.22065358798191959,0.04868800588929473,0.1741416239891418,0.10328564733716838,0.0708559766519734
2024-03-25 00:00:00+00:00,-10.499659114173234,-10.645662800693716,0.14600368652048168,0.14600368652048168,0.021317076477571084,0.050339031547515845,0.12498893300895375,-0.0746499014614379
2024-03-26 00:00:00+00:00,-10.422477798490108,-10.557018950167029,0.13454115167692038,0.13454115167692038,0.018101321494552094,0.07718131568312536,0.08864385052668666,-0.0114625348435613
2024-03-27 00:00:00+00:00,-10.544509519104516,-10.76733901239872,0.22282949329420454,0.22282949329420454,0.04965298308175194,-0.12203172061440704,-0.2103200622316912,0.08828834161728416
2024-03-28 00:00:00+00:00,-10.5417476746397,-10.724927177499609,0.18317950285990925,0.18317950285990925,0.0335547302680035,0.0027618444648158658,0.042411834899111156,-0.03964999043429529
2024-04-01 00:00:00+00:00,-10.432616077328246,-10.635282236870554,0.20266615954230716,0.20266615954230716,0.0410735722236279,0.10913159731145328,0.08964494062905537,0.019486656682397907
2024-04-02 00:00:00+00:00,-10.235935756104505,-10.41157365755598,0.1756379014514753,0.1756379014514753,0.030848672426278145,0.19668032122374157,0.22370857931457344,-0.02702825809083187
2024-04-03 00:00:00+00:00,-10.311037737443494,-10.41393082231413,0.10289308487063664,0.10289308487063664,0.010586986914196034,-0.07510198133898882,-0.0023571647581501765,-0.07274481658083864
2024-04-04 00:00:00+00:00,-9.8931088450739,-10.057383745020609,0.16427489994670808,0.16427489994670808,0.026986242752500948,0.4179288923695932,0.35654707729352175,0.06138181507607143
2024-04-05 00:00:00+00:00,-10.097624047279124,-10.271969884363076,0.17434583708395124,0.17434583708395124,0.030396470908503666,-0.2045152022052239,-0.21458613934246706,0.010070937137243163
2024-04-08 00:00:00+00:00,-10.089089155074088,-10.26220702455953,0.1731178694854414,0.1731178694854414,0.029969796735178317,0.008534892205036115,0.009762859803545965,-0.0012279675985098493
2024-04-09 00:00:00+00:00,-9.975326074293692,-10.26744419718965,0.2921181228959586,0.2921181228959586,0.08533299772425838,0.11376308078039621,-0.005237172630121023,0.11900025341051723
2024-04-10 00:00:00+00:00,-9.787926104551582,-9.992802683300374,0.20487657874879162,0.20487657874879162,0.04197441251980981,0.18739996974210982,0.2746415138892768,-0.087241544147167
2024-04-11 00:00:00+00:00,-9.979779200030068,-10.138841463830785,0.15906226380071686,0.15906226380071686,0.02530080376540884,-0.1918530954784856,-0.14603878053041086,-0.04581431494807475
2024-04-12 00:00:00+00:00,-9.600145154791612,-9.792888807280592,0.1927436524889803,0.1927436524889803,0.037150115574792794,0.3796340452384559,0.34595265655019247,0.033681388688263425
2024-04-15 00:00:00+00:00,-9.3639219698321,-9.530951014317957,0.1670290444858562,0.1670290444858562,0.027898701701858132,0.23622318495951156,0.26193779296263564,-0.025714608003124084
2024-04-16 00:00:00+00:00,-9.37075497343927,-9.49081588104798,0.12006090760871047,0.12006090760871047,0.01441462153582731,-0.006833003607169985,0.040135133269975753,-0.04696813687714574
2024-04-17 00:00:00+00:00,-9.230531260293132,-9.38231124516768,0.15177998487454758,0.15177998487454758,0.02303716380851789,0.14022371314613835,0.10850463588030124,0.031719077265837115
2024-04-18 00:00:00+00:00,-9.148623020315616,-9.343291520245511,0.19466849992989488,0.19466849992989488,0.037895824864955484,0.0819082399775155,0.03901972492216821,0.0428885150553473
2024-04-19 00:00:00+00:00,-9.127760701931024,-9.199862284812705,0.07210158288168067,0.07210158288168067,0.005198638254043867,0.020862318384592626,0.14342923543280683,-0.12256691704821421
2024-04-22 00:00:00+00:00,-9.162605871536506,-9.33158615239661,0.16898028086010441,0.16898028086010441,0.02855433531955977,-0.03484516960548234,-0.13172386758390608,0.09687869797842374
2024-04-23 00:00:00+00:00,-9.37892064984186,-9.51141121888524,0.1324905690433802,0.1324905690433802,0.017553750885438694,-0.21631477830535317,-0.17982506648862895,-0.036489711816724224
2024-04-24 00:00:00+00:00,-9.233904877878542,-9.495076233135874,0.26117135525733204,0.26117135525733204,0.06821047680695154,0.14501577196331716,0.016334985749365316,0.12868078621395185
2024-04-25 00:00:00+00:00,-9.377664323029324,-9.422480267222555,0.04481594419323187,0.04481594419323187,0.0020084688539308733,-0.14375944515078132,0.07259596591331885,-0.21635541106410017
2024-04-26 00:00:00+00:00,-9.424610793650466,-9.57045550974568,0.14584471609521366,0.14584471609521366,0.021270681212893473,-0.04694647062114221,-0.147975242523124,0.10102877190198178
2024-04-29 00:00:00+00:00,-9.47244371975696,-9.623559510006023,0.1511157902490634,0.1511157902490634,0.022835982062598927,-0.047832926106494256,-0.05310400026034401,0.005271074153849753
2024-04-30 00:00:00+00:00,-9.137663485545692,-9.324021842984116,0.186358357438424,0.186358357438424,0.0347294373871474,0.33478023421126757,0.299537667021907,0.035242567189360585
2024-05-01 00:00:00+00:00,-9.165510942361808,-9.268327832286149,0.10281688992434113,0.10281688992434113,0.01057131285371408,-0.027847456816115113,0.055694010697967755,-0.08354146751408287
2024-05-02 00:00:00+00:00,-9.292076165615937,-9.405740008634192,0.11366384301825505,0.11366384301825505,0.012919469209678527,-0.12656522325412922,-0.13741217634804315,0.010846953093913925
2024-05-03 00:00:00+00:00,-9.47658460368316,-9.599711283288324,0.12312667960516421,0.12312667960516421,0.015160179230592761,-0.1845084380672226,-0.19397127465413178,0.009462836586909162
2024-05-06 00:00:00+00:00,-9.613352293716696,-9.773832794901772,0.1604805011850754,0.1604805011850754,0.025753991260612986,-0.13676769003353684,-0.17412151161344802,0.037353821579911184
2024-05-07 00:00:00+00:00,-9.63371809315618,-9.782229056580633,0.14851096342445302,0.14851096342445302,0.022055506257259223,-0.020365799439483467,-0.008396261678861094,-0.011969537760622373
2024-05-08 00:00:00+00:00,-9.608224388860672,-9.770828462801028,0.16260407394035603,0.16260407394035603,0.026440084862000772,0.025493704295508124,0.011400593779605117,0.014093110515903007
2024-05-09 00:00:00+00:00,-9.679651216764617,-9.869739976407006,0.19008875964238925,0.19008875964238925,0.036133736542382035,-0.07142682790394517,-0.09891151360597839,0.027484685702033218
2024-05-10 00:00:00+00:00,-9.692974614662653,-9.881053044968189,0.18807843030553606,0.18807843030553606,0.035373495946194385,-0.013323397898036049,-0.01131306856118286,-0.0020103293368531894
2024-05-13 00:00:00+00:00,-9.712794514258688,-9.868549907400212,0.15575539314152387,0.15575539314152387,0.024259742492670662,-0.01981989959603503,0.012503137567977163,-0.03232303716401219
2024-05-14 00:00:00+00:00,-9.808596463912608,-9.947190114781584,0.13859365086897668,0.13859365086897668,0.0192082000611918,-0.09580194965391975,-0.07864020738137256,-0.017161742272547187
2024-05-15 00:00:00+00:00,-10.060535637083492,-10.192395398013923,0.13185976093043195,0.13185976093043195,0.01738699655263067,-0.251939173170884,-0.24520528323233926,-0.006733889938544735
2024-05-16 00:00:00+00:00,-9.97089002734974,-10.12097774924267,0.1500877218929304,0.1500877218929304,0.02252632426300962,0.08964560973375235,0.0714176487712539,0.018227960962498457
2024-05-17 00:00:00+00:00,-9.99001200120853,-10.133958200962816,0.1439461997542857,0.1439461997542857,0.020720508423700715,-0.019121973858791108,-0.012980451720146391,-0.006141522138644717
2024-05-20 00:00:00+00:00,-9.98285176566092,-10.14021267498578,0.15736090932485958,0.15736090932485958,0.024762455783546678,0.007160235547610583,-0.006254474022963308,0.01341470957057389
2024-05-21 00:00:00+00:00,-10.028766978948722,-10.176812209629745,0.1480452306810225,0.1480452306810225,0.021917390327397163,-0.04591521328780246,-0.03659953464396537,-0.009315678643837089
2024-05-22 00:00:00+00:00,-9.98938332353956,-10.086480775160531,0.0970974516209715,0.0970974516209715,0.0094279151112869,0.039383655409162444,0.09033143446921343,-0.05094777906005099
2024-05-23 00:00:00+00:00,-9.750993436170974,-9.899765259995904,0.14877182382493004,0.14877182382493004,0.022133055564196022,0.23838988736858546,0.18671551516462692,0.05167437220395854
2024-05-24 00:00:00+00:00,-9.86552799232875,-10.021146839642972,0.15561884731422104,0.15561884731422104,0.024217225639406842,-0.11453455615777663,-0.12138157964706764,0.006847023489291004
2024-05-28 00:00:00+00:00,-9.8431646662134,-10.01838872764773,0.17522406143432967,0.17522406143432967,0.03070347170554174,0.02236332611535019,0.0027581119952415634,0.019605214120108627
2024-05-29 00:00:00+00:00,-9.733330195988447,-9.84538667998426,0.11205648399581314,0.11205648399581314,0.012556655605503926,0.1098344702249534,0.17300204766346994,-0.06316757743851653
2024-05-30 00:00:00+00:00,-9.512369534589366,-9.696221940048298,0.1838524054589321,0.1838524054589321,0.03380170699303557,0.2209606613990811,0.14916473993596213,0.07179592146311897
2024-05-31 00:00:00+00:00,-9.72832119162562,-9.854886781508124,0.12656558988250488,0.12656558988250488,0.01601884854230642,-0.2159516570362534,-0.15866484145982618,-0.05728681557642723
2024-06-03 00:00:00+00:00,-9.686446650654064,-9.85670515662012,0.1702585059660553,0.1702585059660553,0.028987958853793287,0.04187454097155552,-0.0018183751119948965,0.043692916083550415
2024-06-04 00:00:00+00:00,-9.732600477812111,-9.864659075560606,0.13205859774849493,0.13205859774849493,0.01743947323929879,-0.04615382715804728,-0.007953918940486915,-0.03819990821756036
2024-06-05 00:00:00+00:00,-9.94649975431679,-10.090989903567351,0.14449014925056147,0.14449014925056147,0.02087740323044953,-0.21389927650467833,-0.22633082800674487,0.01243155150206654
2024-06-06 00:00:00+00:00,-9.905889159674269,-10.070881826837615,0.1649926671633466,0.1649926671633466,0.02722258021767487,0.040610594642521036,0.020108076729735913,0.020502517912785123
2024-06-07 00:00:00+00:00,-9.839087332834918,-10.0241187252604,0.18503139242548272,0.18503139242548272,0.03423661618291299,0.06680182683935065,0.04676310157721453,0.020038725262136126
2024-06-10 00:00:00+00:00,-9.895341856097875,-10.074064200890136,0.178722344792261,0.178722344792261,0.031941676528043826,-0.056254523262957434,-0.049945475629735725,-0.006309047633221709
2024-06-11 00:00:00+00:00,-9.955702240086664,-10.109257812139465,0.15355557205280057,0.15355557205280057,0.023579313708462828,-0.06036038398878851,-0.03519361124932807,-0.02516677273946044
2024-06-12 00:00:00+00:00,-10.158768105483864,-10.277778787538832,0.11901068205496834,0.11901068205496834,0.014163542443188763,-0.20306586539719973,-0.1685209753993675,-0.03454488999783223
2024-06-13 00:00:00+00:00,-10.147222215356456,-10.304331773695807,0.1571095583393518,0.1571095583393518,0.02468341332158619,0.011545890127408143,-0.026552986156975322,0.038098876284383465
2024-06-14 00:00:00+00:00,-10.13820275362183,-10.295284085619556,0.1570813319977269,0.1570813319977269,0.024674544862180098,0.009019461734625978,0.009047688076250893,-2.8226341624915108e-05
2024-06-17 00:00:00+00:00,-10.33344380306996,-10.471476491749568,0.13803268867960838,0.13803268867960838,0.01905302314412169,-0.19524104944813025,-0.17619240613001175,-0.019048643318118508
2024-06-18 00:00:00+00:00,-10.3485620460463,-10.512978971364577,0.16441692531827634,0.16441692531827634,0.02703292533111566,-0.015118242976340568,-0.041502479615008525,0.026384236638667957
2024-06-20 00:00:00+00:00,-10.257587490530923,-10.406755776872217,0.1491682863412933,0.1491682863412933,0.022251177649998073,0.09097455551537692,0.10622319449235995,-0.015248638976983031
2024-06-21 00:00:00+00:00,-10.09236319965339,-10.343960181603258,0.25159698194986824,0.25159698194986824,0.06330104132628232,0.16522429087753387,0.06279559526895895,0.10242869560857493
2024-06-24 00:00:00+00:00,-10.011376969676748,-10.23416999752087,0.2227930278441228,0.2227930278441228,0.04963673325595208,0.08098622997664151,0.10979018408238694,-0.028803954105745433
2024-06-25 00:00:00+00:00,-10.060764716043662,-10.305591992240998,0.24482727619733602,0.24482727619733602,0.059940395170206655,-0.04938774636691434,-0.07142199472012756,0.022034248353213215
2024-06-26 00:00:00+00:00,-10.006962971828871,-10.312765852942627,0.3058028811137561,0.3058028811137561,0.09351540209747404,0.053801744214791114,-0.0071738607016289535,0.06097560491642007
2024-06-27 00:00:00+00:00,-10.120857120274144,-10.328253453843791,0.2073963335696476,0.2073963335696476,0.04301323917813253,-0.11389414844527224,-0.015487600901163745,-0.09840654754410849
2024-06-28 00:00:00+00:00,-10.045587442356693,-10.201838687047085,0.15625124469039164,0.15625124469039164,0.024414451467296643,0.07526967791745065,0.1264147667967066,-0.05114508887925595
2024-07-01 00:00:00+00:00,-9.977350385245549,-10.22933491708318,0.2519845318376319,0.2519845318376319,0.06349620428543054,0.06823705711114414,-0.027496230036096136,0.09573328714724028
2024-07-02 00:00:00+00:00,-10.100797980235749,-10.370724479649132,0.2699264994133834,0.2699264994133834,0.07286031508556329,-0.12344759499019986,-0.14138956256595137,0.017941967575751505
2024-07-03 00:00:00+00:00,-10.207978382622388,-10.461559236806009,0.2535808541836211,0.2535808541836211,0.0643032496084949,-0.10718040238663917,-0.09083475715687683,-0.01634564522976234
2024-07-05 00:00:00+00:00,-10.323786377895946,-10.591199284515785,0.26741290661983896,0.26741290661983896,0.07150966262687071,-0.115807995273558,-0.12964004770977589,0.013832052436217879
2024-07-08 00:00:00+00:00,-10.344409636682045,-10.593402934405978,0.24899329772393308,0.24899329772393308,0.06199766231143918,-0.02062325878609883,-0.002203649890192949,-0.01841960889590588
2024-07-09 00:00:00+00:00,-10.361930446864656,-10.590267041222138,0.2283365943574811,0.2283365943574811,0.05213760032277287,-0.017520810182611868,0.0031358931838401105,-0.02065670336645198
2024-07-10 00:00:00+00:00,-10.58786762808436,-10.847018671483411,0.2591510433990507,0.2591510433990507,0.06715926329481667,-0.2259371812197042,-0.2567516302612738,0.030814449041569603
2024-07-11 00:00:00+00:00,-10.292027353763118,-10.520437094227727,0.2284097404646097,0.2284097404646097,0.052171009539110365,0.29584027432124316,0.32658157725568415,-0.030741302934440995
2024-07-12 00:00:00+00:00,-10.428018866447095,-10.668496973704013,0.24047810725691754,0.24047810725691754,0.057829720069869535,-0.1359915126839777,-0.14805987947628552,0.012068366792307827
2024-07-15 00:00:00+00:00,-10.524875771969038,-10.718476916967717,0.19360114499867898,0.19360114499867898,0.03748140334479952,-0.0968569055219426,-0.04997994326370403,-0.046876962258238564
2024-07-16 00:00:00+00:00,-10.610357049519326,-10.86801607294153,0.25765902342220315,0.25765902342220315,0.06638817235088343,-0.08548127755028823,-0.1495391559738124,0.06405787842352417
2024-07-17 00:00:00+00:00,-10.21544025401953,-10.35429594587959,0.1388556918600603,0.1388556918600603,0.01928090316193602,0.3949167954997961,0.5137201270619389,-0.11880333156214284
2024-07-18 00:00:00+00:00,-9.997004092583657,-10.12772330067446,0.1307192080908024,0.1307192080908024,0.0170875113638865,0.2184361614358732,0.2265726452051311,-0.008136483769257907
2024-07-19 00:00:00+00:00,-9.764597661469852,-9.952190213887638,0.1875925524177866,0.1875925524177866,0.03519096572262002,0.2324064311138052,0.175533086786821,0.05687334432698421
2024-07-22 00:00:00+00:00,-9.948413435984977,-10.154225590374343,0.20581215438936695,0.20581215438936695,0.04235864289439262,-0.18381577451512499,-0.20203537648670533,0.018219601971580346
2024-07-23 00:00:00+00:00,-9.806336869601566,-10.096140232367524,0.28980336276595864,0.28980336276595864,0.08398598907045782,0.1420765663834107,0.05808535800681902,0.08399120837659169
2024-07-24 00:00:00+00:00,-9.441132568755622,-9.551222336976922,0.11008976822130023,0.11008976822130023,0.012119757067019607,0.365204300845944,0.5449178953906024,-0.1797135945446584
2024-07-25 00:00:00+00:00,-9.328329647897217,-9.451000352300536,0.12267070440331906,0.12267070440331906,0.015048101718806483,0.11280292085840493,0.1002219846763861,0.012580936182018831
2024-07-26 00:00:00+00:00,-9.476120033051528,-9.62908140905228,0.15296137600075177,0.15296137600075177,0.02339718254804336,-0.14779038515431075,-0.17808105675174346,0.030290671597432706
2024-07-29 00:00:00+00:00,-9.438879636662003,-9.62939650382192,0.190516867159916,0.190516867159916,0.03629667667242908,0.03724039638952448,-0.0003150947696397566,0.037555491159164234
2024-07-30 00:00:00+00:00,-9.40580676208967,-9.5267433902395,0.12093662814982942,0.12093662814982942,0.014625668028250114,0.03307287457233343,0.10265311358242002,-0.06958023901008659
2024-07-31 00:00:00+00:00,-9.74275456459165,-9.796661171847097,0.05390660725544727,0.05390660725544727,0.00290592230579304,-0.33694780250197987,-0.2699177816075977,-0.06703002089438215
2024-08-01 00:00:00+00:00,-9.257881619556075,-9.501513657301532,0.2436320377454564,0.2436320377454564,0.059356569816003485,0.48487294503557443,0.2951475145455653,0.18972543049000912
2024-08-02 00:00:00+00:00,-8.951227893124464,-9.173038312026137,0.22181041890167208,0.22181041890167208,0.04919986193333525,0.3066537264316107,0.328475345275395,-0.021821618843784307
2024-08-05 00:00:00+00:00,-8.725992244364676,-8.742528563360153,0.016536318995477473,0.016536318995477473,0.0002734498459201891,0.22523564875978863,0.43050974866598324,-0.2052740999061946
2024-08-06 00:00:00+00:00,-8.660873199158468,-8.854084407300183,0.19321120814171522,0.19321120814171522,0.0373305709515812,0.06511904520620782,-0.11155584394002993,0.17667488914623775
2024-08-07 00:00:00+00:00,-8.713046130806903,-8.773746621763545,0.06070049095664132,0.06070049095664132,0.0036845496023772944,-0.052172931648435394,0.0803377855366385,-0.1325107171850739
2024-08-08 00:00:00+00:00,-8.946759939170278,-9.048997646103988,0.10223770693371037,0.10223770693371037,0.010452548719063249,-0.2337138083633743,-0.27525102434044335,0.04153721597706905
2024-08-09 00:00:00+00:00,-8.983991767909117,-9.108509866499787,0.12451809859066998,0.12451809859066998,0.015504756876635809,-0.03723182873883957,-0.059512220395799176,0.02228039165695961
2024-08-12 00:00:00+00:00,-8.991386448849715,-9.114519513886302,0.12313306503658694,0.12313306503658694,0.015161751705304349,-0.007394680940597809,-0.0060096473865147715,-0.0013850335540830372
2024-08-13 00:00:00+00:00,-9.222173773225313,-9.342570121862444,0.12039634863713111,0.12039634863713111,0.014495280765153622,-0.2307873243755978,-0.22805060797614196,-0.0027367163994558297
2024-08-14 00:00:00+00:00,-9.270430246660574,-9.386971391723147,0.11654114506257329,0.11654114506257329,0.013581838492495751,-0.04825647343526107,-0.04440126986070325,-0.0038552035745578195
2024-08-15 00:00:00+00:00,-9.559702179272843,-9.654728622295396,0.0950264430225527,0.0950264430225527,0.009030024873518455,-0.28927193261226947,-0.26775723057224887,-0.021514702040020595
2024-08-16 00:00:00+00:00,-9.56031315943386,-9.685093172813795,0.12478001337993483,0.12478001337993483,0.015570051739096714,-0.0006109801610172383,-0.03036455051839937,0.02975357035738213
2024-08-19 00:00:00+00:00,-9.73374422671176,-9.851419966974976,0.11767574026321626,0.11767574026321626,0.013847579846495935,-0.1734310672778996,-0.166326794161181,-0.0071042731167185735
2024-08-20 00:00:00+00:00,-9.690223025932266,-9.803733836453654,0.11351081052138845,0.11351081052138845,0.012884704105222551,0.04352120077949451,0.04768613052132231,-0.004164929741827805
2024-08-21 00:00:00+00:00,-9.771410011999798,-9.857985111687796,0.08657509968799815,0.08657509968799815,0.007495247885986817,-0.08118698606753227,-0.05425127523414197,-0.026935710833390303
2024-08-22 00:00:00+00:00,-9.604647426228452,-9.682811149202124,0.07816372297367202,0.07816372297367202,0.006109567589104943,0.1667625857713464,0.17517396248567252,-0.008411376714326124
2024-08-23 00:00:00+00:00,-9.770145829364235,-9.86863217002944,0.0984863406652039,0.0984863406652039,0.009699559297622595,-0.1654984031357838,-0.18582102082731566,0.020322617691531875
2024-08-26 00:00:00+00:00,-9.679239645118294,-9.804782899778758,0.1255432546604638,0.1255432546604638,0.01576110879074206,0.09090618424594155,0.06384927025068166,0.02705691399525989
2024-08-27 00:00:00+00:00,-9.724567902300295,-9.818241624011108,0.09367372171081279,0.09367372171081279,0.008774766139154799,-0.04532825718200151,-0.013458724232350505,-0.031869532949651
2024-08-28 00:00:00+00:00,-9.433531661146205,-9.688054118672222,0.25452245752601677,0.25452245752601677,0.06478168138508301,0.29103624115409055,0.13018750533888657,0.16084873581520398
2024-08-29 00:00:00+00:00,-9.565840064127928,-9.678255578269528,0.11241551414160078,0.11241551414160078,0.012637247819720445,-0.13230840298172275,0.009798540402693234,-0.14210694338441598
2024-08-30 00:00:00+00:00,-9.710294905977683,-9.843826722899223,0.13353181692153981,0.13353181692153981,0.017830746130367628,-0.14445484184975577,-0.1655711446296948,0.021116302779939033
2024-09-03 00:00:00+00:00,-9.238198785821853,-9.409057965472485,0.17085917965063224,0.17085917965063224,0.029192859270887023,0.4720961201558307,0.43476875742673826,0.03732736272909243
2024-09-04 00:00:00+00:00,-9.21187460706768,-9.369311257400078,0.1574366503323983,0.1574366503323983,0.024786298867885845,0.026324178754173033,0.03974670807240699,-0.013422529318233956
2024-09-05 00:00:00+00:00,-9.171430405873911,-9.324734774876092,0.15330436900218025,0.15330436900218025,0.023502229555156646,0.04044420119376824,0.04457648252398627,-0.004132281330218035
2024-09-06 00:00:00+00:00,-8.91602403143103,-9.05471640018752,0.13869236875648916,0.13869236875648916,0.01923557315128597,0.25540637444288095,0.27001837468857204,-0.014612000245691092
2024-09-09 00:00:00+00:00,-9.090144401859265,-9.2062830791444,0.11613867728513583,0.11613867728513583,0.013488192361540925,-0.17412037042823414,-0.1515666789568808,-0.022553691471353332
2024-09-10 00:00:00+00:00,-9.120014496361163,-9.267344313883129,0.14732981752196572,0.14732981752196572,0.021706075131055717,-0.029870094501898592,-0.06106123473872849,0.031191140236829895
2024-09-11 00:00:00+00:00,-9.283928622461383,-9.418317032891313,0.13438841042992955,0.13438841042992955,0.018060244857883198,-0.16391412610022016,-0.150972719008184,-0.012941407092036172
2024-09-12 00:00:00+00:00,-9.424852182811245,-9.549004997024914,0.12415281421366942,0.12415281421366942,0.015413921277173915,-0.14092356034986153,-0.1306879641336014,-0.010235596216260134
2024-09-13 00:00:00+00:00,-9.492619012818764,-9.63106735947046,0.13844834665169614,0.13844834665169614,0.01916794469058822,-0.06776683000751937,-0.0820623624455461,0.014295532438026726
2024-09-16 00:00:00+00:00,-9.508409413998436,-9.647502895868278,0.1390934818698426,0.1390934818698426,0.019346996698676233,-0.015790401179671676,-0.01643553639781814,0.0006451352181464642
2024-09-17 00:00:00+00:00,-9.531618852256724,-9.644285239706772,0.11266638745004798,0.11266638745004798,0.012693714861044328,-0.023209438258287918,0.00321765616150671,-0.026427094419794628
2024-09-18 00:00:00+00:00,-9.5719544566367,-9.57927627553578,0.0073218188990793465,0.0073218188990793465,5.360903199091549e-05,-0.040335604379976076,0.06500896417099256,-0.10534456855096863
2024-09-19 00:00:00+00:00,-9.73721506567263,-9.869710172456024,0.13249510678339327,0.13249510678339327,0.017554953321542784,-0.16526060903593098,-0.2904338969202449,0.12517328788431392
2024-09-20 00:00:00+00:00,-9.64559349215308,-9.819253786236622,0.17366029408354144,0.17366029408354144,0.0301578977411821,0.09162157351955003,0.05045638621940185,0.041165187300148176
2024-09-23 00:00:00+00:00,-9.67255005377842,-9.855053480255991,0.182503426477572,0.182503426477572,0.03330750067605453,-0.026956561625338438,-0.035799694019369,0.008843132394030562
2024-09-24 00:00:00+00:00,-9.726523296493088,-9.898380176135754,0.17185687964266627,0.17185687964266627,0.02953478708051388,-0.053973242714668856,-0.04332669587976312,-0.010646546834905735
2024-09-25 00:00:00+00:00,-9.701573714575318,-9.83690977966874,0.13533606509342277,0.13533606509342277,0.018315850514971168,0.024949581917770303,0.0614703964670138,-0.0365208145492435
2024-09-26 00:00:00+00:00,-9.708684261849298,-9.902225696974458,0.19354143512516053,0.19354143512516053,0.03745828711030672,-0.007110547273979861,-0.06531591730571762,0.05820537003173776
2024-09-27 00:00:00+00:00,-9.663054197828655,-9.856327029734564,0.19327283190590805,0.19327283190590805,0.037354387552929386,0.04563006402064218,0.045898667239894664,-0.00026860321925248343
2024-09-30 00:00:00+00:00,-9.739444986769088,-9.922891041781082,0.18344605501199318,0.18344605501199318,0.03365245509946323,-0.07639078894043294,-0.06656401204651807,-0.009826776893914868
2024-10-01 00:00:00+00:00,-9.524768194822627,-9.7176163099024,0.19284811507977295,0.19284811507977295,0.03719039548982135,0.21467679194646117,0.2052747318786814,0.009402060067779772
2024-10-02 00:00:00+00:00,-9.579447758872828,-9.713587405210696,0.1341396463378679,0.1341396463378679,0.01799344471964828,-0.05467956405020047,0.004028904691704582,-0.05870846874190505
2024-10-03 00:00:00+00:00,-9.501824809676693,-9.666957863650518,0.16513305397382538,0.16513305397382538,0.027268925514722327,0.07762294919613488,0.0466295415601774,0.03099340763595748
2024-10-04 00:00:00+00:00,-9.637754036425097,-9.823344221865534,0.1855901854404376,0.1855901854404376,0.03444371693181601,-0.13592922674840402,-0.15638635821501623,0.02045713146661221
2024-10-07 00:00:00+00:00,-9.464952516541969,-9.627549638184895,0.16259712164292672,0.16259712164292672,0.02643782396656471,0.1728015198831283,0.19579458368063918,-0.02299306379751087
2024-10-08 00:00:00+00:00,-9.613904467831295,-9.78809097972277,0.1741865118914756,0.1741865118914756,0.030340940924919173,-0.1489519512893267,-0.16054134153787558,0.011589390248548881
2024-10-09 00:00:00+00:00,-9.748152719356282,-9.910371568177473,0.16221884882119042,0.16221884882119042,0.026314954912872234,-0.13424825152498698,-0.1222805884547018,-0.011967663070285184
2024-10-10 00:00:00+00:00,-9.724553912887588,-9.857916878803575,0.13336296591598717,0.13336296591598717,0.01778568067790876,0.023598806468694278,0.05245468937389752,-0.028855882905203245
2024-10-11 00:00:00+00:00,-9.77546038075437,-9.964626619238786,0.18916623848441638,0.18916623848441638,0.03578386578234309,-0.05090646786678121,-0.10670974043521042,0.05580327256842921
2024-10-14 00:00:00+00:00,-9.981415696872366,-10.122430881482469,0.14101518461010265,0.14101518461010265,0.01988528229062133,-0.205955316117997,-0.15780426224368327,-0.04815105387431373
2024-10-15 00:00:00+00:00,-9.766100097387262,-9.92103427988862,0.15493418250135704,0.15493418250135704,0.02400460090736381,0.2153155994851037,0.2013966015938493,0.013918997891254392
2024-10-16 00:00:00+00:00,-9.80700592952215,-9.996027501251625,0.18902157172947476,0.18902157172947476,0.03572915457908097,-0.04090583213488763,-0.07499322136300535,0.034087389228117715
2024-10-17 00:00:00+00:00,-9.845099685779662,-9.980251904358754,0.13515221857909232,0.13515221857909232,0.018266122186850746,-0.03809375625751166,0.01577559689287078,-0.05386935315038244
2024-10-18 00:00:00+00:00,-9.89601092900868,-10.04596734447136,0.14995641546268068,0.14995641546268068,0.022486926538416097,-0.05091124322901841,-0.06571544011260677,0.01480419688358836
2024-10-21 00:00:00+00:00,-9.834932445673225,-9.990534603864685,0.15560215819145995,0.15560215819145995,0.024212031633840128,0.0610784833354554,0.055432740606676134,0.005645742728779268
2024-10-22 00:00:00+00:00,-9.797656585285155,-9.961452820612497,0.16379623532734122,0.16379623532734122,0.026829206707409743,0.037275860388069404,0.02908178325218813,0.008194077135881273
2024-10-23 00:00:00+00:00,-9.615294143616614,-9.747857601048088,0.13256345743147335,0.13256345743147335,0.017573070246186047,0.1823624416685412,0.21359521956440908,-0.03123277789586787
2024-10-24 00:00:00+00:00,-9.629762619162994,-9.77686325205439,0.1471006328913962,0.1471006328913962,0.02163859619704931,-0.014468475546379977,-0.029005651006302813,0.014537175459922835
2024-10-25 00:00:00+00:00,-9.56897535604728,-9.75692183663388,0.18794648058660002,0.18794648058660002,0.035323879564889214,0.060787263115713586,0.019941415420509756,0.04084584769520383
2024-10-28 00:00:00+00:00,-9.649032407289894,-9.803869043248834,0.15483663595894015,0.15483663595894015,0.023974383835081357,-0.08005705124261375,-0.046947206614953885,-0.03310984462765987
2024-10-29 00:00:00+00:00,-9.71502979368654,-9.8221887224578,0.10715892877126088,0.10715892877126088,0.011483036015404163,-0.06599738639664565,-0.018319679208966377,-0.047677707187679275
2024-10-30 00:00:00+00:00,-9.51831346820429,-9.747520633150184,0.229207164945894,0.229207164945894,0.05253592446253426,0.1967163254822495,0.07466808930761637,0.12204823617463312
2024-10-31 00:00:00+00:00,-9.231721184240236,-9.353474084378686,0.12175290013844986,0.12175290013844986,0.014823768692123344,0.2865922839640547,0.3940465487714988,-0.10745426480744413
2024-11-01 00:00:00+00:00,-9.280593684042255,-9.414775374677076,0.13418169063482033,0.13418169063482033,0.01800472610161863,-0.048872499802019576,-0.06130129029839004,0.012428790496370468
2024-11-04 00:00:00+00:00,-9.228797332759733,-9.373076100135677,0.14427876737594403,0.14427876737594403,0.020816362715521772,0.05179635128252258,0.04169927454139888,0.0100970767411237
2024-11-05 00:00:00+00:00,-9.409268279296567,-9.559596390211832,0.15032811091526455,0.15032811091526455,0.02259854093135208,-0.18047094653683438,-0.1865202900761549,0.0060493435393205175
2024-11-06 00:00:00+00:00,-9.840658599250467,-9.98157296305047,0.1409143638000021,0.1409143638000021,0.019856857925159344,-0.4313903199539002,-0.42197657283863776,-0.009413747115262439
2024-11-07 00:00:00+00:00,-10.016648561458103,-10.130918011185836,0.11426944972773256,0.11426944972773256,0.013057507141078799,-0.17598996220763574,-0.1493450481353662,-0.026644914072269543
2024-11-08 00:00:00+00:00,-10.072998877472877,-10.211112211420216,0.1381133339473397,0.1381133339473397,0.01907529301404938,-0.05635031601477358,-0.08019420023438073,0.023843884219607148
2024-11-11 00:00:00+00:00,-10.060545782545857,-10.211858809795396,0.15131302724953954,0.15131302724953954,0.022895632215419896,0.012453094927019848,-0.0007465983751799854,0.013199693302199833
2024-11-12 00:00:00+00:00,-9.96387072823637,-10.114004628651216,0.1501339004148452,0.1501339004148452,0.022540188053774658,0.09667505430948609,0.09785418114418043,-0.001179126834694344
2024-11-13 00:00:00+00:00,-9.991789855127587,-10.10505149412255,0.11326163899496322,0.11326163899496322,0.012828198867825373,-0.02791912689121645,0.00895313452866553,-0.03687226141988198
2024-11-14 00:00:00+00:00,-9.763666261457308,-9.936628679791822,0.17296241833451376,0.17296241833451376,0.02991599815612334,0.22812359367027923,0.1684228143307287,0.059700779339550536
2024-11-15 00:00:00+00:00,-9.472931293443828,-9.647399224116798,0.17446793067296973,0.17446793067296973,0.03043905883330817,0.29073496801347964,0.2892294556750237,0.001505512338455972
2024-11-18 00:00:00+00:00,-9.561433202595383,-9.711652185547544,0.15021898295216118,0.15021898295216118,0.022565742839181693,-0.08850190915155487,-0.06425296143074632,-0.024248947720808545
2024-11-19 00:00:00+00:00,-9.646494974114788,-9.768788239070656,0.1222932649558679,0.1222932649558679,0.014955642653566107,-0.08506177151940442,-0.05713605352311113,-0.027925717996293287
2024-11-20 00:00:00+00:00,-9.610841170732192,-9.762354694994157,0.15151352426196496,0.15151352426196496,0.022956348034281045,0.03565380338259594,0.006433544076498876,0.029220259306097063
2024-11-21 00:00:00+00:00,-9.692327753354927,-9.853361824541183,0.1610340711862559,0.1610340711862559,0.025931972082820134,-0.08148658262273578,-0.09100712954702672,0.00952054692429094
2024-11-22 00:00:00+00:00,-9.794256261523564,-9.90149261928835,0.10723635776478524,0.10723635776478524,0.011499636426657016,-0.10192850816863697,-0.048130794747166306,-0.05379771342147066
2024-11-25 00:00:00+00:00,-9.776574934649927,-9.956233912344771,0.17965897769484407,0.17965897769484407,0.032277348266356476,0.017681326873637104,-0.054741293056421725,0.07242261993005883
2024-11-26 00:00:00+00:00,-9.924697545399749,-10.05071473467673,0.1260171892769808,0.1260171892769808,0.015880331993270404,-0.14812261074982125,-0.09448082233195798,-0.05364178841786327
2024-11-27 00:00:00+00:00,-9.83508461046194,-9.963940218900808,0.128855608438867,0.128855608438867,0.016603767826150615,0.08961293493780786,0.08677451577592166,0.0028384191618862076
2024-11-29 00:00:00+00:00,-9.960367814179191,-10.079820934472108,0.11945312029291699,0.11945312029291699,0.014269047947714098,-0.12528320371725066,-0.11588071557130064,-0.009402488145950016
2024-12-02 00:00:00+00:00,-9.968573422874243,-10.10107956116656,0.1325061382923174,0.1325061382923174,0.01755787668514274,-0.008205608695051936,-0.02125862669445233,0.013053017999400396
2024-12-03 00:00:00+00:00,-9.974173461677736,-10.091822314568647,0.11764885289091076,0.11764885289091076,0.013841252586547162,-0.005600038803493135,0.009257246597913493,-0.014857285401406628
2024-12-04 00:00:00+00:00,-10.053604335613,-10.21363093064671,0.16002659503370964,0.16002659503370964,0.0256085111180829,-0.07943087393526405,-0.12180861607806293,0.04237774214279888
2024-12-05 00:00:00+00:00,-10.083223561592463,-10.15122913498517,0.06800557339270696,0.06800557339270696,0.004624758012470853,-0.029619225979462982,0.062401795661539694,-0.09202102164100268
2024-12-06 00:00:00+00:00,-10.01326922248536,-10.174811214274657,0.1615419917892975,0.1615419917892975,0.026095815111253466,0.06995433910710425,-0.023582079289486302,0.09353641839659055
2024-12-09 00:00:00+00:00,-9.877620346744084,-10.030297882093254,0.15267753534917006,0.15267753534917006,0.023310429800297072,0.13564887574127482,0.14451333218140228,-0.008864456440127455
2024-12-10 00:00:00+00:00,-9.821276246515176,-9.942884177373708,0.1216079308585325,0.1216079308585325,0.01478848884769362,0.0563441002289089,0.08741370471954646,-0.03106960449063756
2024-12-11 00:00:00+00:00,-9.935312353038723,-10.0898358440686,0.1545234910298774,0.1545234910298774,0.023877509280060598,-0.11403610652354779,-0.14695166669489268,0.03291556017134489
2024-12-12 00:00:00+00:00,-9.842001588385047,-9.952209606581524,0.1102080181964773,0.1102080181964773,0.012145807274795072,0.09331076465367616,0.13762623748707625,-0.044315472833400094
2024-12-13 00:00:00+00:00,-9.789663698288956,-9.931248834856987,0.14158513656803073,0.14158513656803073,0.020046350896987915,0.05233789009609069,0.020960771724537253,0.031377118371553436
2024-12-16 00:00:00+00:00,-9.848491018513796,-10.004885770268764,0.1563947517549682,0.1563947517549682,0.02445931837649813,-0.0588273202248395,-0.07363693541177696,0.014809615186937464
2024-12-17 00:00:00+00:00,-9.750630039154489,-9.89666769574818,0.14603765659369117,0.14603765659369117,0.02132699714337687,0.09786097935930727,0.1082180745205843,-0.01035709516127703
2024-12-18 00:00:00+00:00,-9.13440603556143,-9.253329873117806,0.11892383755637681,0.11892383755637681,0.014142879139135499,0.6162240035930591,0.6433378226303734,-0.027113819037314357
2024-12-19 00:00:00+00:00,-9.115785686733416,-9.24497773225754,0.12919204552412467,0.12919204552412467,0.0166905846267075,0.01862034882801389,0.008352140860266033,0.010268207967747855
2024-12-20 00:00:00+00:00,-9.267952198799584,-9.420618929561051,0.1526667307614673,0.1526667307614673,0.02330713068139435,-0.15216651206616838,-0.17564119730351102,0.02347468523734264
2024-12-23 00:00:00+00:00,-9.333003027207146,-9.511831210286608,0.17882818307946202,0.17882818307946202,0.031979519063501584,-0.06505082840756238,-0.0912122807255571,0.026161452317994716
2024-12-24 00:00:00+00:00,-9.507455334947252,-9.69306635194596,0.18561101699870797,0.18561101699870797,0.03445144963129466,-0.1744523077401059,-0.18123514165935184,0.006782833919245945
2024-12-26 00:00:00+00:00,-9.498638591738104,-9.682744357051275,0.1841057653131717,0.1841057653131717,0.03389493282154865,0.008816743209148825,0.010321994894685105,-0.0015052516855362796
2024-12-27 00:00:00+00:00,-9.296279463646544,-9.473944923827228,0.17766546018068397,0.17766546018068397,0.0315650157412142,0.20235912809155998,0.2087994332240477,-0.0064403051324877225
2024-12-30 00:00:00+00:00,-9.090490118668011,-9.27338193996626,0.18289182129824866,0.18289182129824866,0.03344941829779052,0.20578934497853218,0.2005629838609675,0.005226361117564693
2024-12-31 00:00:00+00:00,-9.053476685307212,-9.213834559024658,0.16035787371744625,0.16035787371744625,0.02571464766318044,0.03701343336079965,0.05954738094160206,-0.022533947580802405
2025-01-02 00:00:00+00:00,-8.998706423357609,-9.174403027002436,0.17569660364482687,0.17569660364482687,0.030869296532327388,0.05477026194960288,0.03943153202222227,0.015338729927380612
2025-01-03 00:00:00+00:00,-9.180363222236924,-9.352087971071349,0.1717247488344249,0.1717247488344249,0.029489389362246318,-0.18165679887931496,-0.177684944068913,-0.003971854810401965
2025-01-06 00:00:00+00:00,-9.279086945416068,-9.43763048876072,0.15854354334465093,0.15854354334465093,0.02513605513627721,-0.09872372317914468,-0.08554251768937071,-0.013181205489773973
2025-01-07 00:00:00+00:00,-9.089912850192675,-9.24295784962319,0.15304499943051475,0.15304499943051475,0.02342277185068626,0.18917409522339312,0.1946726391375293,-0.005498543914136178
2025-01-08 00:00:00+00:00,-9.068633154431948,-9.261299874730735,0.19266672029878684,0.19266672029878684,0.03712046511069096,0.02127969576072708,-0.018342025107545012,0.03962172086827209
2025-01-10 00:00:00+00:00,-8.849368060268164,-9.024612256500513,0.17524419623234877,0.17524419623234877,0.030710528313121963,0.21926509416378437,0.23668761823022244,-0.017422524066438072
2025-01-13 00:00:00+00:00,-8.927596745883356,-9.045426454343795,0.11782970846043916,0.11782970846043916,0.013883840195872089,-0.07822868561519236,-0.020814197843282756,-0.057414487771909606
2025-01-14 00:00:00+00:00,-8.85803218880409,-9.063766117483704,0.2057339286796136,0.2057339286796136,0.042326449409948334,0.06956455707926601,-0.018339663139908424,0.08790422021917443
2025-01-15 00:00:00+00:00,-9.156532952150595,-9.31043615186827,0.15390319971767497,0.15390319971767497,0.02368619488333855,-0.2985007633465049,-0.24667003438456625,-0.05183072896193863
2025-01-16 00:00:00+00:00,-9.106141430716876,-9.27590128110793,0.16975985039105446,0.16975985039105446,0.02881840680479319,0.05039152143371872,0.03453487076033923,0.01585665067337949
2025-01-17 00:00:00+00:00,-9.260203575280007,-9.424081120554462,0.1638775452744543,0.1638775452744543,0.026855849845180822,-0.15406214456313094,-0.1481798394465308,-0.0058823051166001505
2025-01-21 00:00:00+00:00,-9.42555933572423,-9.566942164741302,0.141382829017072,0.141382829017072,0.019989104340870617,-0.16535576044422307,-0.14286104418684076,-0.022494716257382308
2025-01-22 00:00:00+00:00,-9.479183312008452,-9.656472112578664,0.1772888005702118,0.1772888005702118,0.03143131880762433,-0.05362397628422144,-0.08952994783736123,0.03590597155313979
2025-01-23 00:00:00+00:00,-9.565626318248722,-9.745833424949218,0.18020710670049667,0.18020710670049667,0.03247460130536419,-0.08644300624026968,-0.08936131237055456,0.0029183061302848756
2025-01-24 00:00:00+00:00,-9.55723040989288,-9.67696985312473,0.11973944323185037,0.11973944323185037,0.014337534265473519,0.008395908355842252,0.06886357182448855,-0.06046766346864629
2025-01-27 00:00:00+00:00,-9.25254225203066,-9.400678138118744,0.1481358860880846,0.1481358860880846,0.021944240747101974,0.3046881578622198,0.2762917150059856,0.028396442856234216
2025-01-28 00:00:00+00:00,-9.347302561707629,-9.533201801525468,0.1858992398178394,0.1858992398178394,0.034558527364850565,-0.09476030967696936,-0.13252366340672417,0.03776335372975481
2025-01-29 00:00:00+00:00,-9.293234469239533,-9.44678314300102,0.15354867376148817,0.15354867376148817,0.02357719521391193,0.054068092468096296,0.08641865852444752,-0.032350566056351227
2025-01-30 00:00:00+00:00,-9.394160456002874,-9.528559867625184,0.13439941162230973,0.13439941162230973,0.018063201844423043,-0.10092598676334141,-0.08177672462416297,-0.019149262139178447
2025-01-31 00:00:00+00:00,-9.236001323407423,-9.427833206116835,0.19183188270941187,0.19183188270941187,0.03679947122383755,0.15815913259545056,0.10072666150834841,0.057432471087102144
2025-02-03 00:00:00+00:00,-9.14210334853252,-9.310125711101398,0.16802236256887682,0.16802236256887682,0.028231514323227097,0.0938979748749027,0.11770749501543776,-0.023809520140535056
2025-02-04 00:00:00+00:00,-9.200048910196898,-9.409111556174617,0.20906264597771873,0.20906264597771873,0.04370718994320495,-0.057945561664377365,-0.09898584507321928,0.041040283408841916
2025-02-05 00:00:00+00:00,-9.321231177223538,-9.468627923407482,0.1473967461839436,0.1473967461839436,0.021725800785613893,-0.12118226702664003,-0.05951636723286491,-0.061665899793775125
2025-02-06 00:00:00+00:00,-9.3460890415805,-9.519395324589144,0.17330628300864426,0.17330628300864426,0.030035067730272296,-0.024857864356961912,-0.050767401181662564,0.025909536824700652
2025-02-07 00:00:00+00:00,-9.196214415179917,-9.352862919202035,0.15664850402211883,0.15664850402211883,0.024538753812367777,0.14987462640058347,0.1665324053871089,-0.01665777898652543
2025-02-10 00:00:00+00:00,-9.273166166043008,-9.454646058203323,0.1814798921603149,0.1814798921603149,0.03293495125851953,-0.07695175086309192,-0.10178313900128799,0.024831388138196075
2025-02-11 00:00:00+00:00,-9.312431557509536,-9.460128310965151,0.14769675345561595,0.14769675345561595,0.021814330981329,-0.03926539146652708,-0.005482252761828121,-0.033783138704698956
2025-02-12 00:00:00+00:00,-9.28031541123072,-9.398946374359587,0.1186309631288669,0.1186309631288669,0.014073305412882577,0.032116146278815094,0.06118193660556415,-0.029065790326749052
2025-02-13 00:00:00+00:00,-9.335106931987486,-9.56292150434378,0.22781457235629432,0.22781457235629432,0.05189947937788126,-0.05479152075676552,-0.16397512998419295,0.10918360922742743
2025-02-14 00:00:00+00:00,-9.409845251092824,-9.552920157645636,0.14307490655281185,0.14307490655281185,0.020470428885095843,-0.07473831910533768,0.010001346698144786,-0.08473966580348247
2025-02-18 00:00:00+00:00,-9.457811101950243,-9.59524689143874,0.13743578948849589,0.13743578948849589,0.018888596232326155,-0.04796585085741967,-0.0423267337931037,-0.005639117064315968
2025-02-19 00:00:00+00:00,-9.467647097982484,-9.627533850426348,0.15988675244386386,0.15988675244386386,0.025563773607045405,-0.009835996032240502,-0.03228695898760847,0.02245096295536797
2025-02-20 00:00:00+00:00,-9.406963511230732,-9.54152853799654,0.13456502676580762,0.13456502676580762,0.01810774642848252,0.06068358675175212,0.08600531242980836,-0.02532172567805624
2025-02-21 00:00:00+00:00,-9.097976079054533,-9.232716888760583,0.1347408097060505,0.1347408097060505,0.018155085800242117,0.30898743217619895,0.30881164923595605,0.00017578294024289676
2025-02-24 00:00:00+00:00,-9.016852271110718,-9.161288270095662,0.1444359989849442,0.1444359989849442,0.0208617578027788,0.0811238079438148,0.07142861866492112,0.009695189278893679
2025-02-25 00:00:00+00:00,-8.982457640632735,-9.087284583235531,0.10482694260279679,0.10482694260279679,0.010988687895450053,0.03439463047798341,0.07400368686013081,-0.0396090563821474
2025-02-26 00:00:00+00:00,-8.9662480271927,-9.09327129518162,0.12702326798891939,0.12702326798891939,0.01613491061058483,0.016209613440034687,-0.005986711946087908,0.022196325386122595
2025-02-27 00:00:00+00:00,-8.751949307721603,-8.86814168723565,0.1161923795140467,0.1161923795140467,0.01350066905713626,0.21429871947109724,0.22512960794596992,-0.01083088847487268
2025-02-28 00:00:00+00:00,-8.92503022480482,-9.06328561943683,0.13825539463200975,0.13825539463200975,0.01911455414485275,-0.17308091708321705,-0.1951439322011801,0.022063015117963047
2025-03-03 00:00:00+00:00,-8.70804200639039,-8.820207853767547,0.11216584737715785,0.11216584737715785,0.012581177317835868,0.21698821841443028,0.2430777656692822,-0.026089547254851908
2025-03-04 00:00:00+00:00,-8.63954214873864,-8.678527753844918,0.03898560510627824,0.03898560510627824,0.0015198774055026681,0.06849985765174971,0.1416800999226293,-0.0731802422708796
2025-03-05 00:00:00+00:00,-8.619275469155301,-8.804788085592289,0.1855126164369878,0.1855126164369878,0.03441493085729695,0.020266679583338387,-0.12626033174737117,0.14652701133070956
2025-03-06 00:00:00+00:00,-8.509204402627438,-8.592019627783213,0.082815225155775,0.082815225155775,0.0068583615176017075,0.11007106652786369,0.2127684578090765,-0.1026973912812128
2025-03-07 00:00:00+00:00,-8.52639258085442,-8.659033944146213,0.13264136329179266,0.13264136329179266,0.01759373125590532,-0.017188178226982487,-0.06701431636300015,0.04982613813601766
2025-03-10 00:00:00+00:00,-8.206382113116897,-8.361494804938301,0.15511269182140452,0.15511269182140452,0.024059947164082014,0.3200104677375233,0.2975391392079114,0.022471328529611867
2025-03-11 00:00:00+00:00,-8.205742463619941,-8.290156839299115,0.08441437567917376,0.08441437567917376,0.0071257868213046825,0.0006396494969553856,0.07133796563918615,-0.07069831614223077
2025-03-12 00:00:00+00:00,-8.269417400084174,-8.350006021540295,0.08058862145612089,0.08058862145612089,0.006494525908197948,-0.06367493646423306,-0.05984918224118019,-0.0038257542230528685
2025-03-13 00:00:00+00:00,-8.158343045484958,-8.230453332851841,0.07211028736688263,0.07211028736688263,0.005199893544134393,0.11107435459921611,0.11955268868845437,-0.00847833408923826
2025-03-14 00:00:00+00:00,-8.311775773790655,-8.427065646490881,0.11528987270022562,0.11528987270022562,0.013291754747234227,-0.1534327283056971,-0.19661231363904008,0.043179585333342985
2025-03-17 00:00:00+00:00,-8.412123117048356,-8.512486724811525,0.10036360776316933,0.10036360776316933,0.010072853763239303,-0.10034734325770067,-0.08542107832064438,-0.014926264937056288
2025-03-18 00:00:00+00:00,-8.311174808183825,-8.406543042345946,0.09536823416212137,0.09536823416212137,0.009095100087201213,0.1009483088645311,0.10594368246557906,-0.004995373601047959
2025-03-19 00:00:00+00:00,-8.458670255594498,-8.522643539929854,0.06397328433535598,0.06397328433535598,0.004092581108652303,-0.1474954474106731,-0.11610049758390772,-0.031394949826765384
2025-03-20 00:00:00+00:00,-8.408700683521715,-8.499582101709057,0.09088141818734208,0.09088141818734208,0.008259432171742551,0.04996957207278285,0.02306143822079676,0.026908133851986094
2025-03-21 00:00:00+00:00,-8.405386130661647,-8.510622186052338,0.10523605539069081,0.10523605539069081,0.011074627354192543,0.0033145528600684315,-0.011040084343280299,0.01435463720334873
2025-03-24 00:00:00+00:00,-8.581762932128273,-8.703123200486093,0.12136026835782054,0.12136026835782054,0.014728314735882219,-0.17637680146662582,-0.19250101443375556,0.016124212967129736
2025-03-25 00:00:00+00:00,-8.595048483292457,-8.735441989233042,0.14039350594058497,0.14039350594058497,0.019710336510289066,-0.013285551164184284,-0.03231878874694871,0.01903323758276443
2025-03-26 00:00:00+00:00,-8.46648160261665,-8.599770378729746,0.13328877611309586,0.13328877611309586,0.017765897837726995,0.12856688067580713,0.13567161050329624,-0.007104729827489109
2025-03-27 00:00:00+00:00,-8.454634184463584,-8.577034604597264,0.12240042013367969,0.12240042013367969,0.0149818628489013,0.011847418153065448,0.022735774132481623,-0.010888355979416176
2025-03-28 00:00:00+00:00,-8.21934088966051,-8.36440933376588,0.14506844410536957,0.14506844410536957,0.021044853475152735,0.23529329480307482,0.21262527083138494,0.022668023971689877
2025-03-31 00:00:00+00:00,-8.282432155392419,-8.438696357256623,0.15626420186420376,0.15626420186420376,0.02441850078425662,-0.06309126573190937,-0.07428702349074356,0.01119575775883419
2025-04-01 00:00:00+00:00,-8.38059947731486,-8.475509036609475,0.09490955929461542,0.09490955929461542,0.00900782444549812,-0.09816732192244082,-0.036812679352852484,-0.061354642569588336
2025-04-02 00:00:00+00:00,-8.065347556158743,-8.548082138821128,0.4827345826623848,0.4827345826623848,0.2330326772982268,0.31525192115611667,-0.0725731022116527,0.38782502336776936
2025-04-03 00:00:00+00:00,-7.938537134263513,-8.018336691301393,0.07979955703787933,0.07979955703787933,0.006367969303441757,0.12681042189522973,0.5297454475197352,-0.40293502562450545
2025-04-04 00:00:00+00:00,-7.580332727415167,-7.539665598227296,-0.04066712918787019,0.04066712918787019,0.0016538153963829233,0.35820440684834676,0.4786710930740963,-0.12046668622574952
2025-04-07 00:00:00+00:00,-7.550425387869136,-7.547542519258752,-0.002882868610383227,0.002882868610383227,8.310931424732918e-06,0.029907339546030975,-0.007876921031455986,0.03778426057748696
2025-04-08 00:00:00+00:00,-7.306390594324094,-7.464798260043087,0.15840766571899234,0.15840766571899234,0.02509298855854002,0.24403479354504132,0.08274425921566575,0.16129053432937557
2025-04-09 00:00:00+00:00,-8.001034554056643,-8.10427691091123,0.1032423568545866,0.1032423568545866,0.010658984248889806,-0.6946439597325487,-0.6394786508681429,-0.05516530886440574
2025-04-10 00:00:00+00:00,-7.624865751640633,-7.735288164866154,0.11042241322552115,0.11042241322552115,0.01219310934254775,0.3761688024160099,0.36898874604507537,0.007180056370934551
2025-04-11 00:00:00+00:00,-7.81573679153194,-7.877884992258019,0.06214820072607896,0.06214820072607896,0.0038623988534890017,-0.19087103989130672,-0.14259682739186452,-0.04827421249944219
2025-04-14 00:00:00+00:00,-7.895832080065542,-7.966883371752413,0.07105129168687085,0.07105129168687085,0.005048286050372803,-0.08009528853360237,-0.08899837949439426,0.008903090960791893
2025-04-15 00:00:00+00:00,-7.839306599251083,-7.9589947092104385,0.11968810995935542,0.11968810995935542,0.014325243665642752,0.05652548081445907,0.007888662541974512,0.04863681827248456
2025-04-16 00:00:00+00:00,-7.74106058641058,-7.795341932783,0.0542813463724201,0.0542813463724201,0.002946464564002645,0.09824601284050338,0.1636527764274387,-0.06540676358693531
2025-04-17 00:00:00+00:00,-7.778330181899093,-7.822218964302261,0.04388878240316796,0.04388878240316796,0.0019262252208326253,-0.03726959548851294,-0.026877031519260797,-0.010392563969252144
2025-04-21 00:00:00+00:00,-7.630999623559007,-7.65994977551389,0.028950151954882486,0.028950151954882486,0.0008381112982107863,0.14733055834008546,0.16226918878837093,-0.014938630448285473
2025-04-22 00:00:00+00:00,-7.940116928681731,-7.853455625810335,-0.08666130287139584,0.08666130287139584,0.007510181415367801,-0.30911730512272406,-0.19350585029644574,-0.11561145482627833
2025-04-23 00:00:00+00:00,-7.958159852495151,-7.984895180696497,0.02673532820134561,0.02673532820134561,0.0007147777740336658,-0.018042923813419876,-0.13143955488616132,0.11339663107274145
2025-04-24 00:00:00+00:00,-8.107884670104063,-8.16635928448546,0.058474614381395895,0.058474614381395895,0.003419280527052952,-0.1497248176089121,-0.18146410378896238,0.031739286180050286
2025-04-25 00:00:00+00:00,-8.227445026777692,-8.24159322830968,0.014148201531988036,0.014148201531988036,0.0002001716065897486,-0.11956035667362919,-0.07523394382422133,-0.04432641284940786
2025-04-28 00:00:00+00:00,-8.237755918696912,-8.256093770369368,0.01833785167245594,0.01833785167245594,0.00033627680396099515,-0.010310891919219856,-0.01450054205968776,0.004189650140467904
2025-04-29 00:00:00+00:00,-8.28410288865898,-8.324618187770914,0.04051529911193441,0.04051529911193441,0.0016414894621295134,-0.046346969962067774,-0.06852441740154624,0.02217744743947847
2025-04-30 00:00:00+00:00,-8.410305218365288,-8.338342561142452,-0.07196265722283535,0.07196265722283535,0.005178624034571296,-0.12620232970630774,-0.013724373371537979,-0.11247795633476976
2025-05-01 00:00:00+00:00,-8.37940344931211,-8.415694891053842,0.036291441741733266,0.036291441741733266,0.0013170687436936197,0.03090176905317854,-0.07735232991139007,0.10825409896456861
2025-05-02 00:00:00+00:00,-8.571779073667578,-8.570974305484233,-0.0008047681833449616,0.0008047681833449616,6.476518289243497e-07,-0.19237562435546884,-0.15527941443039062,-0.03709620992507823
2025-05-05 00:00:00+00:00,-8.495588811174903,-8.515841162885428,0.020252351710524863,0.020252351710524863,0.00041015774980679936,0.07619026249267513,0.05513314259880531,0.021057119893869825
2025-05-06 00:00:00+00:00,-8.515542655497098,-8.435518001455929,-0.08002465404116954,0.08002465404116954,0.006403945254408873,-0.01995384432219538,0.08032316142949902,-0.1002770057516944
2025-05-07 00:00:00+00:00,-8.47512271529377,-8.486149779530797,0.011027064237026707,0.011027064237026707,0.00012159614568751338,0.04041994020332851,-0.05063177807486774,0.09105171827819625
2025-05-08 00:00:00+00:00,-8.549105138773678,-8.565460857891237,0.016355719117559175,0.016355719117559175,0.00026750954785249067,-0.07398242347990802,-0.07931107836044049,0.0053286548805324685
2025-05-09 00:00:00+00:00,-8.570271910681846,-8.558521646325591,-0.011750264356255258,0.011750264356255258,0.00013806871244188279,-0.021166771908168514,0.00693921156564592,-0.028105983473814433
2025-05-12 00:00:00+00:00,-8.925526831441944,-8.912418798403035,-0.013108033038909284,0.013108033038909284,0.00017182053014913734,-0.3552549207600979,-0.3538971520774439,-0.0013577686826540258
2025-05-13 00:00:00+00:00,-9.04815292694217,-8.997880597181608,-0.05027232976056162,0.05027232976056162,0.0025273071395546494,-0.12262609550022496,-0.08546179877857263,-0.037164296721652335
2025-05-14 00:00:00+00:00,-9.048597861764868,-9.015227131259705,-0.03337073050516359,0.03337073050516359,0.001113605654448256,-0.000444934822699139,-0.017346534078097164,0.016901599255398025
2025-05-15 00:00:00+00:00,-9.117782730415978,-9.080596927307516,-0.03718580310846242,0.03718580310846242,0.0013827839528213336,-0.06918486865111007,-0.06536979604781123,-0.0038150726032988302
2025-05-16 00:00:00+00:00,-9.065386383804736,-9.167038188553413,0.10165180474867697,0.10165180474867697,0.010333089408663145,0.052396346611242706,-0.08644126124589668,0.1388376078571394
2025-05-19 00:00:00+00:00,-9.246947568318165,-9.18052610477697,-0.06642146354119483,0.06642146354119483,0.004411810818954274,-0.18156118451342884,-0.01348791622355705,-0.1680732682898718
2025-05-20 00:00:00+00:00,-9.154169400047651,-9.129040013228074,-0.025129386819576993,0.025129386819576993,0.0006314860819279299,0.0927781682705131,0.051486091548895274,0.04129207672161783
2025-05-21 00:00:00+00:00,-8.906012599348006,-8.886516392853805,-0.019496206494201473,0.019496206494201473,0.00038010206766454373,0.24815680069964507,0.24252362037426956,0.00563318032537552
2025-05-22 00:00:00+00:00,-8.907011855961294,-8.893558304846874,-0.013453551114420037,0.013453551114420037,0.00018099803758831262,-0.0009992566132872582,-0.007041911993068695,0.006042655379781436
2025-05-23 00:00:00+00:00,-8.810593578925879,-8.809190009664315,-0.0014035692615639306,0.0014035692615639306,1.9700066720071175e-06,0.09641827703541495,0.08436829518255884,0.012049981852856106
2025-05-27 00:00:00+00:00,-9.089382200196304,-9.061215469415552,-0.028166730780752047,0.028166730780752047,0.0007933647228753649,-0.2787886212704258,-0.2520254597512377,-0.026763161519188117
2025-05-28 00:00:00+00:00,-9.221774499866898,-8.981106265195935,-0.240668234670963,0.240668234670963,0.057921199179637714,-0.13239229967059352,0.08010920421961742,-0.21250150389021094
2025-05-29 00:00:00+00:00,-8.985842572435683,-9.033627014477132,0.04778444204144883,0.04778444204144883,0.002283352901212582,0.23593192743121527,-0.052520749281196544,0.2884526767124118
2025-05-30 00:00:00+00:00,-8.992746199700456,-9.018330910526148,0.025584710825691914,0.025584710825691914,0.000654577428034277,-0.006903627264772894,0.015296103950984019,-0.022199731215756913
2025-06-02 00:00:00+00:00,-9.06719579047332,-9.093743690490143,0.026547900016822723,0.026547900016822723,0.000704790995303216,-0.07444959077286484,-0.07541277996399565,0.0009631891911308088
2025-06-03 00:00:00+00:00,-9.188769813612229,-9.171806957237155,-0.016962856375073443,0.016962856375073443,0.0002877384964013697,-0.12157402313890842,-0.07806326674701225,-0.043510756391896166
2025-06-04 00:00:00+00:00,-9.160153234116644,-9.165540482757011,0.005387248640367659,0.005387248640367659,2.9022447913143188e-05,0.02861657949558527,0.0062664744801441685,0.022350105015441102
2025-06-05 00:00:00+00:00,-9.086900562183436,-9.09335387458798,0.00645331240454361,0.00645331240454361,4.164524099063643e-05,0.07325267193320784,0.07218660816903189,0.0010660637641759507
2025-06-06 00:00:00+00:00,-9.258814475350738,-9.23448190446438,-0.024332570886357985,0.024332570886357985,0.0005920740059396362,-0.17191391316730176,-0.14112802987640016,-0.030785883290901594
2025-06-09 00:00:00+00:00,-9.25740576870134,-9.244524761223111,-0.012881007478227957,0.012881007478227957,0.00016592035365416456,0.0014087066493981837,-0.010042856758731844,0.011451563408130028
2025-06-10 00:00:00+00:00,-9.328725541992185,-9.325801062525546,-0.002924479466638985,0.002924479466638985,8.552580150793042e-06,-0.07131977329084549,-0.08127630130243446,0.009956528011588972
2025-06-11 00:00:00+00:00,-9.25954982924126,-9.27622358108799,0.0166737518467297,0.0166737518467297,0.0002780140006463221,0.06917571275092449,0.049577481437555804,0.019598231313368686
2025-06-12 00:00:00+00:00,-9.245850940997524,-9.332589662126058,0.08673872112853331,0.08673872112853331,0.007523605743013471,0.013698888243736107,-0.056366081038067506,0.07006496928180361
2025-06-13 00:00:00+00:00,-9.236792707294423,-9.151249921750685,-0.08554278554373873,0.08554278554373873,0.007317568158582076,0.009058233703100882,0.18133974037537293,-0.17228150667227204
2025-06-16 00:00:00+00:00,-9.20169212422802,-9.284889049260942,0.08319692503292231,0.08319692503292231,0.006921728334933695,0.035100583066403956,-0.13363912751025708,0.16873971057666104
2025-06-17 00:00:00+00:00,-9.121830076740537,-9.14923026596352,0.02740018922298404,0.02740018922298404,0.0007507703694553307,0.07986204748748271,0.13565878329742098,-0.05579673580993827
2025-06-18 00:00:00+00:00,-9.14917778165103,-9.14506183112618,-0.004115950524850476,0.004115950524850476,1.6941048723016906e-05,-0.02734770491049332,0.004168434837341195,-0.031516139747834515
2025-06-20 00:00:00+00:00,-9.09419780946016,-9.10952996563562,0.015332156175459133,0.015332156175459133,0.00023507501298866964,0.054979972190869475,0.035531865490559866,0.01944810670030961
2025-06-23 00:00:00+00:00,-9.17126082092122,-9.246104955370711,0.07484413444949212,0.07484413444949212,0.0056016444614936526,-0.07706301146105865,-0.13657498973509163,0.059511978274032984
2025-06-24 00:00:00+00:00,-9.39055113215398,-9.40752245286896,0.016971320714979754,0.016971320714979754,0.0002880257268107009,-0.21929031123276133,-0.16141749749824896,-0.05787281373451236
2025-06-25 00:00:00+00:00,-9.384518510114397,-9.410284035823752,0.025765525709354975,0.025765525709354975,0.0006638623150794321,0.006032622039583657,-0.002761582954791564,0.008794204994375221
2025-06-26 00:00:00+00:00,-9.519839371250375,-9.530877107353556,0.011037736103180151,0.011037736103180151,0.00012183161828344656,-0.13532086113597863,-0.12059307152980381,-0.014727789606174824
2025-06-27 00:00:00+00:00,-9.549750247064694,-9.60807383717104,0.05832359010634569,0.05832359010634569,0.003401641162893025,-0.02991087581431806,-0.0771967298174836,0.04728585400316554
2025-06-30 00:00:00+00:00,-9.670087405748616,-9.683854401101552,0.013766995352936462,0.013766995352936462,0.00018953016104777414,-0.12033715868392214,-0.07578056393051291,-0.04455659475340923
2025-07-01 00:00:00+00:00,-9.663547157589262,-9.666415622276045,0.0028684646867827013,0.0028684646867827013,8.22808965931938e-06,0.006540248159353723,0.017438778825507484,-0.01089853066615376
2025-07-02 00:00:00+00:00,-9.737930291186077,-9.739057965107571,0.0011276739214949316,0.0011276739214949316,1.2716484732197572e-06,-0.07438313359681459,-0.07264234283152682,-0.0017407907652877697
2025-07-03 00:00:00+00:00,-9.867569430208269,-9.877222115228594,0.00965268502032579,0.00965268502032579,9.317432810162191e-05,-0.12963913902219204,-0.1381641501210229,0.00852501109883086
2025-07-07 00:00:00+00:00,-9.672319851162436,-9.70833361884024,0.03601376767780273,0.03601376767780273,0.0012969914623507488,0.19524957904583218,0.16888849638835524,0.026361082657476942
2025-07-08 00:00:00+00:00,-9.667047012190014,-9.686122196545362,0.01907518435534783,0.01907518435534783,0.0003638626581905066,0.005272838972421923,0.022211422294876826,-0.016938583322454903
2025-07-09 00:00:00+00:00,-9.76364499527842,-9.7864124662928,0.02276747101437948,0.02276747101437948,0.0005183577363906098,-0.09659798308840628,-0.10029026974743793,0.0036922866590316517
2025-07-10 00:00:00+00:00,-9.836563830477496,-9.828355016443354,-0.008208814034142975,0.008208814034142975,6.738462784714266e-05,-0.07291883519907572,-0.04194255015055326,-0.030976285048522456
2025-07-11 00:00:00+00:00,-9.70530806948423,-9.743517128190422,0.03820905870619207,0.03820905870619207,0.001459932167213232,0.13125576099326608,0.08483788825293104,0.04641787274033504
2025-07-14 00:00:00+00:00,-9.72630542669832,-9.767635462305444,0.04133003560712467,0.04133003560712467,0.0017081718432861931,-0.020997357214088908,-0.02411833411502151,0.003120976900932604
2025-07-15 00:00:00+00:00,-9.609359051361292,-9.671289841340704,0.06193078997941193,0.06193078997941193,0.0038354227474740286,0.11694637533702767,0.09634562096474042,0.020600754372287255
2025-07-16 00:00:00+00:00,-9.663970546245544,-9.722054009054972,0.058083462809428,0.058083462809428,0.0033736886519342055,-0.05461149488425221,-0.05076416771426828,-0.0038473271699839273
2025-07-17 00:00:00+00:00,-9.827283637841932,-9.825994904185036,-0.0012887336568958574,0.0012887336568958574,1.6608344384161696e-06,-0.16331309159638785,-0.10394089513006399,-0.05937219646632386
2025-07-18 00:00:00+00:00,-9.78235986360737,-9.79716024249931,0.014800378891939303,0.014800378891939303,0.00021905121534496248,0.04492377423456162,0.02883466168572646,0.01608911254883516
2025-07-21 00:00:00+00:00,-9.805532022899886,-9.820979263936088,0.015447241036202541,0.015447241036202541,0.00023861725563053976,-0.023172159292515815,-0.023819021436779053,0.0006468621442632383
2025-07-22 00:00:00+00:00,-9.838467795505464,-9.809777258853568,-0.02869053665189547,0.02869053665189547,0.0008231468933737573,-0.032935772605577895,0.011202005082520117,-0.04413777768809801
2025-07-23 00:00:00+00:00,-9.886584045350084,-9.964277093803188,0.07769304845310465,0.07769304845310465,0.006036209777936467,-0.04811624984461993,-0.15449983494962005,0.10638358510500012
2025-07-24 00:00:00+00:00,-9.975511963777938,-9.954398679088182,-0.02111328468975593,0.02111328468975593,0.0004457707903906821,-0.08892791842785464,0.009878414715005945,-0.09880633314286058
2025-07-25 00:00:00+00:00,-10.029446048115537,-10.027630542493348,-0.0018155056221882404,0.0018155056221882404,3.2960606641971098e-06,-0.053934084337598165,-0.07323186340516585,0.01929777906756769
2025-07-28 00:00:00+00:00,-10.0050943568976,-10.003755580349736,-0.0013387765478629632,0.0013387765478629632,1.7923226451078729e-06,0.024351691217937343,0.023874962143612066,0.0004767290743252772
2025-07-29 00:00:00+00:00,-9.912068667918756,-9.92815662121998,0.01608795330122348,0.01608795330122348,0.0002588222414223474,0.09302568897884278,0.07559895912975634,0.017426729849086442
2025-07-30 00:00:00+00:00,-10.017934518069708,-9.885368156007877,-0.1325663620618318,0.1325663620618318,0.01757384035030868,-0.10586585015095196,0.04278846521210333,-0.1486543153630553
2025-07-31 00:00:00+00:00,-9.701366668214703,-9.792474851792482,0.09110818357777895,0.09110818357777895,0.008300701114842268,0.3165678498550051,0.09289330421539432,0.22367454563961076
2025-08-01 00:00:00+00:00,-9.36629995421637,-9.453388007464758,0.08708805324838842,0.08708805324838842,0.0075843290185941365,0.33506671399833365,0.3390868443277242,-0.0040201303293905255
2025-08-04 00:00:00+00:00,-9.649994020507153,-9.697371661724793,0.047377641217639876,0.047377641217639876,0.002244640887347409,-0.2836940662907832,-0.24398365426003465,-0.03971041203074854
2025-08-05 00:00:00+00:00,-9.49274925912738,-9.5901993210836,0.09745006195621997,0.09745006195621997,0.009496514575271111,0.15724476137977206,0.10717234064119197,0.05007242073858009
2025-08-06 00:00:00+00:00,-9.668836597785676,-9.716528584216386,0.04769198643070993,0.04769198643070993,0.00227452556970702,-0.17608733865829507,-0.12632926313278503,-0.04975807552551004
2025-08-07 00:00:00+00:00,-9.64538569710936,-9.688609936591597,0.04322423948223708,0.04322423948223708,0.001868334878817783,0.023450900676316166,0.027918647624789017,-0.0044677469484728505
2025-08-08 00:00:00+00:00,-9.797534733373462,-9.822464110705566,0.02492937733210354,0.02492937733210354,0.0006214738541663979,-0.15214903626410248,-0.13385417411396894,-0.01829486215013354
2025-08-11 00:00:00+00:00,-9.685576781989088,-9.76878816623984,0.08321138425075247,0.08321138425075247,0.006924134468926377,0.11195795138437425,0.05367594446572532,0.05828200691864893
2025-08-12 00:00:00+00:00,-9.871097479571633,-9.961950875520705,0.09085339594907182,0.09085339594907182,0.00825433955547882,-0.18552069758254497,-0.19316270928086432,0.007642011698319351
2025-08-13 00:00:00+00:00,-9.945230073525003,-10.018256234895205,0.07302616137020124,0.07302616137020124,0.005332820244466671,-0.07413259395337057,-0.056305359374499986,-0.017827234578870588
2025-08-14 00:00:00+00:00,-9.941427666714006,-10.002190285942566,0.06076261922856041,0.06076261922856041,0.003692095895515019,0.0038024068109976383,0.016065948952638465,-0.012263542141640826
2025-08-15 00:00:00+00:00,-9.853217011788873,-9.933167296721514,0.07995028493264122,0.07995028493264122,0.006392048060810518,0.08821065492513291,0.0690229892210521,0.019187665704080814
2025-08-18 00:00:00+00:00,-9.84666447793346,-9.912234809780289,0.06557033184682837,0.06557033184682837,0.004299468418503195,0.006552533855412435,0.020932486941225292,-0.014379953085812858
2025-08-19 00:00:00+00:00,-9.680718907461197,-9.782588814613613,0.10186990715241606,0.10186990715241606,0.01037747798324187,0.16594557047226388,0.1296459951666762,0.036299575305587695
2025-08-20 00:00:00+00:00,-9.622584486666392,-9.717125287672175,0.09454080100578288,0.09454080100578288,0.008937963054815038,0.05813442079480424,0.06546352694143742,-0.00732910614663318
2025-08-21 00:00:00+00:00,-9.572046662141773,-9.628806823348237,0.05676016120646388,0.05676016120646388,0.003221715900183767,0.05053782452461952,0.08831846432393853,-0.037780639799319005
2025-08-22 00:00:00+00:00,-9.844642359014497,-9.895266277964646,0.050623918950149616,0.050623918950149616,0.002562781169871317,-0.2725956968727239,-0.26645945461640963,-0.006136242256314262
2025-08-25 00:00:00+00:00,-9.722399793811237,-9.788258790323573,0.06585899651233618,0.06585899651233618,0.004337407421611908,0.12224256520326016,0.1070074876410736,0.01523507756218656
2025-08-26 00:00:00+00:00,-9.793989618315328,-9.856989825557704,0.06300020724237676,0.06300020724237676,0.003969026112582421,-0.07158982450409113,-0.06873103523413171,-0.0028587892699594164
2025-08-27 00:00:00+00:00,-9.748302182529631,-9.888509374937836,0.14020719240820512,0.14020719240820512,0.01965805680299145,0.04568743578569645,-0.031519549380131906,0.07720698516582836
2025-08-28 00:00:00+00:00,-9.8566067199985,-9.946137605375148,0.08953088537664833,0.08953088537664833,0.008015779436326542,-0.10830453746886803,-0.057628230437311245,-0.05067630703155679
2025-08-29 00:00:00+00:00,-9.713093453014762,-9.80234481401417,0.08925136099940723,0.08925136099940723,0.007965805440246509,0.1435132669837369,0.143792791360978,-0.0002795243772411027
2025-09-02 00:00:00+00:00,-9.5783128523347,-9.641397120941685,0.06308426860698546,0.06308426860698546,0.003979624945678291,0.13478060068006315,0.1609476930724849,-0.026167092392421765
2025-09-03 00:00:00+00:00,-9.632254563480116,-9.729594513204349,0.09733994972423332,0.09733994972423332,0.009475065812316271,-0.05394171114541635,-0.08819739226266421,0.03425568111724786
2025-09-04 00:00:00+00:00,-9.804722530040085,-9.876252239334915,0.07152970929483082,0.07152970929483082,0.005116499311803007,-0.1724679665599691,-0.1466577261305666,-0.025810240429402498
2025-09-05 00:00:00+00:00,-9.672299328329,-9.801510317988436,0.12921098965943578,0.12921098965943578,0.01669547984877082,0.13242320171108446,0.0747419213464795,0.05768128036460496
2025-09-08 00:00:00+00:00,-9.75761142597805,-9.83639123483807,0.07877980886001978,0.07877980886001978,0.006206258284021252,-0.08531209764904979,-0.03488091684963379,-0.050431180799416
2025-09-09 00:00:00+00:00,-9.8046932346758,-9.868522483174187,0.06382924849838822,0.06382924849838822,0.004074172963868995,-0.04708180869774914,-0.03213124833611758,-0.01495056036163156
2025-09-10 00:00:00+00:00,-9.8471340034247,-9.912565770788373,0.06543176736367329,0.06543176736367329,0.004281316180333861,-0.042440768748900126,-0.04404328761418519,0.001602518865285063
2025-09-11 00:00:00+00:00,-9.97326842682349,-10.069724223519083,0.09645579669559368,0.09645579669559368,0.0093037207161817,-0.12613442339879022,-0.1571584527307106,0.03102402933192039
2025-09-12 00:00:00+00:00,-9.956002764560782,-10.042940982524351,0.08693821796356893,0.08693821796356893,0.00755825374268102,0.017265662262706982,0.026783240994731727,-0.009517578732024745
2025-09-15 00:00:00+00:00,-10.05733035420242,-10.14276108749024,0.08543073328781858,0.08543073328781858,0.007298410190094394,-0.10132758964163813,-0.09982010496588778,-0.001507484675750348
2025-09-16 00:00:00+00:00,-10.020636346638248,-10.089642105836065,0.06900575919781637,0.06900575919781637,0.004761794802467019,0.03669400756417218,0.05311898165417439,-0.01642497409000221
2025-09-17 00:00:00+00:00,-10.042467124036024,-10.041608094036809,-0.0008590299992157213,0.0008590299992157213,7.379325395525622e-07,-0.021830777397775947,0.04803401179925615,-0.0698647891970321
2025-09-18 00:00:00+00:00,-10.090768228758238,-10.126927669876295,0.036159441118057245,0.036159441118057245,0.001307505181970249,-0.048301104722213495,-0.08531957583948646,0.037018471117272966
2025-09-19 00:00:00+00:00,-10.070279718002055,-10.221385047834396,0.15110532983234037,0.15110532983234037,0.022832820703740375,0.02048851075618252,-0.09445737795810061,0.11494588871428313
2025-09-22 00:00:00+00:00,-10.167200529510056,-10.313864507667398,0.146663978157342,0.146663978157342,0.021510322488937292,-0.09692081150800114,-0.09247945983300276,-0.004441351674998373
2025-09-23 00:00:00+00:00,-10.02080511553308,-10.149823908542135,0.12901879300905605,0.12901879300905605,0.016645848949513653,0.1463954139769772,0.16404059912526314,-0.017645185148285947
2025-09-24 00:00:00+00:00,-9.9333515122709,-10.053879086029376,0.12052757375847634,0.12052757375847634,0.014526896036104953,0.08745360326217977,0.09594482251275949,-0.008491219250579718
2025-09-25 00:00:00+00:00,-9.779648385025286,-9.93127235832658,0.1516239733012945,0.1516239733012945,0.02298982927967167,0.1537031272456133,0.12260672770279513,0.031096399542818176
2025-09-26 00:00:00+00:00,-9.901153306029205,-10.035554007285988,0.1344007012567836,0.1344007012567836,0.018063548498315193,-0.1215049210039183,-0.10428164895940739,-0.017223272044510907
2025-09-29 00:00:00+00:00,-9.924385652613864,-10.079457813946906,0.1550721613330417,0.1550721613330417,0.024047375220500912,-0.02323234658465978,-0.043903806660917866,0.020671460076258086
2025-09-30 00:00:00+00:00,-9.951285622330609,-10.14544469368787,0.19415907135726052,0.19415907135726052,0.03769774499031378,-0.026899969716744465,-0.06598687974096329,0.039086910024218824
2025-10-01 00:00:00+00:00,-10.039691231728916,-10.204428357144282,0.16473712541536578,0.16473712541536578,0.027138320490117954,-0.08840560939830766,-0.05898366345641293,-0.029421945941894734
2025-10-02 00:00:00+00:00,-10.077582075317558,-10.210058911458136,0.1324768361405777,0.1324768361405777,0.017550112113817476,-0.03789084358864159,-0.005630554313853509,-0.03226028927478808
2025-10-03 00:00:00+00:00,-10.059189628806054,-10.187377544125429,0.12818791531937457,0.12818791531937457,0.016432141633927144,0.018392446511503735,0.02268136733270687,-0.004288920821203135
2025-10-06 00:00:00+00:00,-10.07784226821379,-10.2513712223643,0.17352895415051073,0.17352895415051073,0.030112297928570054,-0.018652639407735094,-0.06399367823887125,0.04534103883113616
2025-10-07 00:00:00+00:00,-9.989047371811065,-10.136197173221614,0.14714980141054923,0.14714980141054923,0.021653064055164078,0.08879489640272453,0.11517404914268603,-0.026379152739961498
2025-10-08 00:00:00+00:00,-10.140492517062915,-10.254456192077042,0.11396367501412641,0.11396367501412641,0.01298771922272542,-0.15144514525185038,-0.11825901885542756,-0.03318612639642282
2025-10-09 00:00:00+00:00,-10.048131508870645,-10.15922099839632,0.11108948952567488,0.11108948952567488,0.012340874683075029,0.09236100819227033,0.09523519368072186,-0.0028741854884515305
2025-10-10 00:00:00+00:00,-9.30222533739724,-9.490390783970067,0.1881654465728264,0.1881654465728264,0.03540623528395119,0.7459061714734041,0.6688302144262526,0.07707595704715153
2025-10-13 00:00:00+00:00,-9.564054224404869,-9.740783755241818,0.17672953083694942,0.17672953083694942,0.031233327069848257,-0.26182888700762774,-0.25039297127175075,-0.01143591573587699
2025-10-14 00:00:00+00:00,-9.55011599893913,-9.7048246210826,0.15470862214347036,0.15470862214347036,0.023934757765531087,0.013938225465738086,0.03595913415921714,-0.022020908693479058
2025-10-15 00:00:00+00:00,-9.61061901922411,-9.776585342424482,0.1659663232003723,0.1659663232003723,0.027544820436650436,-0.06050302028497967,-0.0717607213418816,0.011257701056901936
2025-10-16 00:00:00+00:00,-9.41703686533742,-9.629828920977015,0.21279205563959458,0.21279205563959458,0.04528045894332432,0.1935821538866893,0.14675642144746703,0.04682573243922228
2025-10-17 00:00:00+00:00,-9.577597603802683,-9.722317424584366,0.14471982078168288,0.14471982078168288,0.020943826527082415,-0.16056073846526253,-0.09248850360735084,-0.0680722348579117
2025-10-20 00:00:00+00:00,-9.751460095210003,-9.907054485064188,0.15559438985418517,0.15559438985418517,0.02420961415409616,-0.1738624914073199,-0.1847370604798222,0.010874569072502283
2025-10-21 00:00:00+00:00,-9.743897852339137,-9.890945104345958,0.14704725200682134,0.14704725200682134,0.021622894322757623,0.007562242870866598,0.016109380718230426,-0.008547137847363828
2025-10-22 00:00:00+00:00,-9.56725040958379,-9.767634662333489,0.20038425274969818,0.20038425274969818,0.04015384875005492,0.17664744275534616,0.12331044201246932,0.05333700074287684
2025-10-23 00:00:00+00:00,-9.712177003256397,-9.869682787734328,0.15750578447793195,0.15750578447793195,0.02480807214400875,-0.14492659367260607,-0.10204812540083985,-0.042878468271766224
2025-10-24 00:00:00+00:00,-9.849540831210575,-10.021269028476034,0.17172819726545896,0.17172819726545896,0.029490573736044388,-0.13736382795417867,-0.15158624074170568,0.014222412787527006
2025-10-27 00:00:00+00:00,-10.099005123224044,-10.261962221039722,0.1629570978156778,0.1629570978156778,0.026555015728508383,-0.2494642920134691,-0.24069319256368793,-0.008771099449781161
2025-10-28 00:00:00+00:00,-10.137189646275976,-10.304428570311618,0.167238924035642,0.167238924035642,0.027968857712599236,-0.03818452305193176,-0.042466349271895965,0.004281826219964202
2025-10-29 00:00:00+00:00,-10.0931690767249,-10.292126720731504,0.19895764400660454,0.19895764400660454,0.039584144108658785,0.04402056955107625,0.01230184958011371,0.03171871997096254
2025-10-30 00:00:00+00:00,-9.989188936836774,-9.988680789503324,-0.0005081473334502817,0.0005081473334502817,2.582137124926318e-07,0.10398013988812593,0.30344593122818075,-0.19946579134005482
2025-10-31 00:00:00+00:00,-9.856860884034022,-10.042311931534732,0.18545104750070962,0.18545104750070962,0.034392091019110456,0.13232805280275173,-0.053631142031408174,0.1859591948341599
2025-11-03 00:00:00+00:00,-9.880932754858945,-10.065500366017748,0.18456761115880305,0.18456761115880305,0.03406520308886712,-0.02407187082492257,-0.023188434483015996,-0.0008834363419065738
2025-11-04 00:00:00+00:00,-9.59649428407964,-9.77733286774881,0.1808385836691695,0.1808385836691695,0.03270259334347122,0.28443847077930506,0.2881674982689386,-0.003729027489633552
2025-11-05 00:00:00+00:00,-9.703686655120835,-9.831779907941169,0.12809325282033335,0.12809325282033335,0.016407881418093836,-0.1071923710411955,-0.05444704019235935,-0.05274533084883615
2025-11-06 00:00:00+00:00,-9.484651727759102,-9.600790630718878,0.11613890295977569,0.11613890295977569,0.013488244780700195,0.2190349273617329,0.23098927722229057,-0.011954349860557656
2025-11-07 00:00:00+00:00,-9.483200057598394,-9.608583440620588,0.12538338302219465,0.12538338302219465,0.01572099273809037,0.0014516701607085736,-0.007792809901710385,0.009244480062418958
2025-11-10 00:00:00+00:00,-9.668936318296153,-9.877035643787554,0.20809932549140164,0.20809932549140164,0.04330532926997632,-0.18573626069775884,-0.26845220316696583,0.082715942469207
2025-11-11 00:00:00+00:00,-9.755774561594585,-9.908833224863198,0.15305866326861306,0.15305866326861306,0.02342695440157468,-0.08683824329843226,-0.03179758107564368,-0.05504066222278858
2025-11-12 00:00:00+00:00,-9.70195261798751,-9.904607678878149,0.20265506089063834,0.20265506089063834,0.04106907370458833,0.053821943607074374,0.004225545985049095,0.04959639762202528
2025-11-13 00:00:00+00:00,-9.418611310562271,-9.540316078911523,0.12170476834925203,0.12170476834925203,0.0148120506389451,0.2833413074252391,0.3642915999666254,-0.0809502925413863
2025-11-14 00:00:00+00:00,-9.417393320732817,-9.52874577933973,0.11135245860691256,0.11135245860691256,0.012399370037804176,0.0012179898294544245,0.011570299571793896,-0.010352309742339472
2025-11-17 00:00:00+00:00,-9.238647321430047,-9.358463843874356,0.1198165224443084,0.1198165224443084,0.01435599905064746,0.17874599930276958,0.17028193546537373,0.008464063837395841
2025-11-18 00:00:00+00:00,-9.090964748833134,-9.21902874377949,0.12806399494635556,0.12806399494635556,0.016400386801620183,0.14768257259691353,0.13943510009486637,0.00824747250204716
2025-11-19 00:00:00+00:00,-9.291144574283896,-9.2730140978156,-0.018130476468295242,0.018130476468295242,0.00032871417696740755,-0.2001798254507623,-0.05398535403611149,-0.1461944714146508
2025-11-20 00:00:00+00:00,-8.961579430925417,-9.03515984181698,0.07358041089156409,0.07358041089156409,0.005414076866971403,0.3295651433584794,0.2378542559986201,0.09171088735985933
2025-11-21 00:00:00+00:00,-9.020303917360796,-9.169032753416548,0.14872883605575282,0.14872883605575282,0.022120266674499,-0.058724486435378864,-0.1338729115995676,0.07514842516418874
2025-11-24 00:00:00+00:00,-9.232188917540247,-9.377918148264506,0.14572923072425858,0.14572923072425858,0.021237008687484193,-0.21188500017945167,-0.20888539484795743,-0.0029996053314942372
2025-11-25 00:00:00+00:00,-9.37732092293198,-9.522205040368757,0.1448841174367761,0.1448841174367761,0.020991407485433527,-0.14513200539173354,-0.14428689210425105,-0.0008451132874824907
2025-11-26 00:00:00+00:00,-9.49156517138277,-9.632329123456744,0.1407639520739732,0.1407639520739732,0.01981449020348382,-0.11424424845078995,-0.11012408308798705,-0.004120165362802908
2025-11-28 00:00:00+00:00,-9.574813652229926,-9.720956452712748,0.14614280048282247,0.14614280048282247,0.021357718132962056,-0.08324848084715519,-0.08862732925600447,0.005378848408849279
2025-12-01 00:00:00+00:00,-9.463080168824051,-9.621846331532574,0.15876616270852217,0.15876616270852217,0.025206694421188936,0.11173348340587452,0.09911012118017481,0.012623362225699708
2025-12-02 00:00:00+00:00,-9.511092754318543,-9.64511686446849,0.1340241101499462,0.1340241101499462,0.017962462101484913,-0.048012585494491944,-0.023270532935915966,-0.024742052558575978
2025-12-03 00:00:00+00:00,-9.54903360376902,-9.69775572006212,0.14872211629309895,0.14872211629309895,0.022118267874698047,-0.03794084945047693,-0.052638855593629685,0.014698006143152753
2025-12-04 00:00:00+00:00,-9.542542619112188,-9.699834987978274,0.1572923688660861,0.1572923688660861,0.024740889303504893,0.006490984656831955,-0.002079267916155203,0.008570252572987158
2025-12-05 00:00:00+00:00,-9.57992077257568,-9.723841245288224,0.14392047271254427,0.14392047271254427,0.0207131024658022,-0.03737815346349116,-0.02400625730994932,-0.01337189615354184
2025-12-08 00:00:00+00:00,-9.53980601431858,-9.654392135243354,0.11458612092477338,0.11458612092477338,0.013129979108586789,0.04011475825709887,0.06944911004486976,-0.029334351787770885
2025-12-09 00:00:00+00:00,-9.4726365435368,-9.627674118709706,0.15503757517290673,0.15503757517290673,0.024036649715494705,0.06716947078178137,0.026718016533648026,0.040451454248133345
2025-12-10 00:00:00+00:00,-9.486295226777372,-9.737336920421193,0.25104169364382045,0.25104169364382045,0.0630219319475578,-0.013658683240572955,-0.10966280171148668,0.09600411847091372
2025-12-11 00:00:00+00:00,-9.61196171060797,-9.769472919361954,0.15751120875398428,0.15751120875398428,0.024809780883141213,-0.12566648383059764,-0.03213599894076147,-0.09353048488983617
2025-12-12 00:00:00+00:00,-9.40592337417437,-9.545870238992928,0.13994686481855823,0.13994686481855823,0.01958512497254381,0.20603833643360048,0.22360268036902653,-0.017564343935426052
2025-12-15 00:00:00+00:00,-9.357475449378535,-9.51069245161188,0.1532170022333439,0.1532170022333439,0.023475449773372507,0.04844792479583404,0.035177787381048375,0.013270137414785665
2025-12-16 00:00:00+00:00,-9.287244535290542,-9.455640164123464,0.16839562883292203,0.16839562883292203,0.02835708781003524,0.07023091408799331,0.055052287488415175,0.015178626599578138
2025-12-17 00:00:00+00:00,-9.132465750976396,-9.264026265984828,0.1315605150084327,0.1315605150084327,0.017308169109284042,0.15477878431414638,0.19161389813863572,-0.03683511382448934
2025-12-18 00:00:00+00:00,-9.236891102046014,-9.374127155553426,0.13723605350741153,0.13723605350741153,0.01883373438228912,-0.1044253510696187,-0.11010088956859754,0.005675538498978838
2025-12-19 00:00:00+00:00,-9.344019342834049,-9.512766730225952,0.1687473873919032,0.1687473873919032,0.02847568075159305,-0.10712824078803429,-0.13863957467252597,0.03151133388449168
2025-12-22 00:00:00+00:00,-9.426449523984967,-9.611031142436955,0.18458161845198795,0.18458161845198795,0.03407037387035526,-0.08243018115091871,-0.09826441221100346,0.015834231060084747
2025-12-23 00:00:00+00:00,-9.48929124964795,-9.683107225087989,0.1938159754400388,0.1938159754400388,0.03756463233577373,-0.06284172566298274,-0.0720760826510336,0.009234356988050862
2025-12-24 00:00:00+00:00,-9.530762028499996,-9.737252729375616,0.20649070087561938,0.20649070087561938,0.04263840954810452,-0.04147077885204631,-0.05414550428762688,0.01267472543558057
2025-12-26 00:00:00+00:00,-9.534337799871302,-9.7228905791564,0.18855277928509828,0.18855277928509828,0.035552150576134985,-0.003575771371306047,0.014362150219215053,-0.0179379215905211
2025-12-29 00:00:00+00:00,-9.452295693577833,-9.64280425402213,0.19050856044429665,0.19050856044429665,0.03629351160255823,0.08204210629346953,0.08008632513427116,0.0019557811591983665
2025-12-30 00:00:00+00:00,-9.446966976132464,-9.609837330472876,0.16287035434041286,0.16287035434041286,0.026526752322971643,0.005328717445369335,0.032966923549253124,-0.02763820610388379
2025-12-31 00:00:00+00:00,-9.307627946109506,-9.466030952648632,0.15840300653912642,0.15840300653912642,0.02509151248063453,0.139339030022958,0.14380637782424444,-0.0044673478012864365
2026-01-02 00:00:00+00:00,-9.301923844058148,-9.489324846930607,0.1874010028724591,0.1874010028724591,0.035119135877603416,0.005704102051357296,-0.02329389428197537,0.028997996333332665
2026-01-05 00:00:00+00:00,-9.410682237885824,-9.594025928823482,0.183343690937658,0.183343690937658,0.03361490900664346,-0.10875839382767616,-0.10470108189287508,-0.004057311934801078
2026-01-06 00:00:00+00:00,-9.515704215539635,-9.690175437338992,0.17447122179935626,0.17447122179935626,0.030440207236160165,-0.10502197765381105,-0.0961495085155093,-0.008872469138301753
2026-01-07 00:00:00+00:00,-9.448896308767386,-9.618204084679892,0.16930777591250568,0.16930777591250568,0.028665122984439236,0.06680790677224913,0.07197135265909971,-0.005163445886850582
2026-01-08 00:00:00+00:00,-9.439701231369444,-9.60621290876931,0.16651167739986583,0.16651167739986583,0.02772613871051699,0.009195077397942342,0.011991175910582186,-0.002796098512639844
2026-01-09 00:00:00+00:00,-9.544497956315588,-9.714670404543428,0.17017244822783972,0.17017244822783972,0.02895866213585679,-0.10479672494614434,-0.10845749577411823,0.0036607708279738915
2026-01-12 00:00:00+00:00,-9.535980177791677,-9.732431623766615,0.19645144597493847,0.19645144597493847,0.038593170625644165,0.008517778523911446,-0.017761219223187297,0.026278997747098742
2026-01-13 00:00:00+00:00,-9.501488342326226,-9.681832547350956,0.18034420502472948,0.18034420502472948,0.03252403228600166,0.03449183546545065,0.05059907641565964,-0.01610724095020899
2026-01-14 00:00:00+00:00,-9.391067273686424,-9.578591417550513,0.18752414386408844,0.18752414386408844,0.03516530453195934,0.11042106863980194,0.10324112980044298,0.007179938839358968
2026-01-15 00:00:00+00:00,-9.46096149870219,-9.617349465126829,0.1563879664246386,0.1563879664246386,0.024457196042433887,-0.0698942250157657,-0.038758047576315846,-0.031136177439449852
2026-01-16 00:00:00+00:00,-9.42589232209594,-9.592069411727902,0.16617708963196165,0.16617708963196165,0.027614825118549017,0.03506917660624964,0.025280053398926583,0.009789123207323058
2026-01-20 00:00:00+00:00,-9.045124302133342,-9.215584625050276,0.17046032291693436,0.17046032291693436,0.029056721688945537,0.38076801996259846,0.37648478667762575,0.0042832332849727095
2026-01-21 00:00:00+00:00,-9.245323300321596,-9.38224822035905,0.1369249200374547,0.1369249200374547,0.018748433727263366,-0.20019899818825415,-0.1666635953087745,-0.03353540287947965
2026-01-22 00:00:00+00:00,-9.280082966156709,-9.460054129412809,0.1799711632561003,0.1799711632561003,0.0323896196037539,-0.034759665835112585,-0.07780590905375817,0.043046243218645586
2026-01-23 00:00:00+00:00,-9.271042426769084,-9.458831821636135,0.18778939486705148,0.18778939486705148,0.03526485682453338,0.009040539387624946,0.001222307776673759,0.007818231610951187
2026-01-26 00:00:00+00:00,-9.371069280519798,-9.536131381943768,0.16506210142397038,0.16506210142397038,0.027245497326497083,-0.1000268537507143,-0.07729956030763319,-0.02272729344308111
2026-01-27 00:00:00+00:00,-9.44372624228022,-9.59645934735581,0.15273310507558868,0.15273310507558868,0.023327401386030813,-0.07265696176042269,-0.060327965412040996,-0.012328996348381693
2026-01-28 00:00:00+00:00,-9.394343711948084,-9.584907246617249,0.19056353466916498,0.19056353466916498,0.03631446074560604,0.04938253033213691,0.011552100738560611,0.0378304295935763
2026-01-29 00:00:00+00:00,-9.253245805130309,-9.540066926941254,0.2868211218109451,0.2868211218109451,0.08226635591688901,0.1410979068177749,0.04484031967599478,0.09625758714178012
2026-01-30 00:00:00+00:00,-9.277460092360249,-9.479434592502354,0.20197450014210538,0.20197450014210538,0.04079369870765333,-0.024214287229940012,0.060632334438899704,-0.08484662166883972
2026-02-02 00:00:00+00:00,-9.423017586870204,-9.555441339161115,0.13242375229091152,0.13242375229091152,0.017536050170804694,-0.14555749450995492,-0.07600674665876106,-0.06955074785119386
2026-02-03 00:00:00+00:00,-9.228959130061403,-9.397728492514286,0.168769362452883,0.168769362452883,0.02848309770275259,0.19405845680880063,0.15771284664682916,0.036345610161971464
2026-02-04 00:00:00+00:00,-9.166543817247222,-9.312910216546689,0.14636639929946682,0.14636639929946682,0.02142312284389096,0.062415312814181334,0.0848182759675975,-0.022402963153416167
2026-02-05 00:00:00+00:00,-8.833705579394332,-9.113048829255456,0.2793432498611246,0.2793432498611246,0.07803265124297468,0.33283823785289,0.19986138729123226,0.13297685056165776
2026-02-06 00:00:00+00:00,-9.17636186742684,-9.378792790490516,0.20243092306367672,0.20243092306367672,0.040978278612412204,-0.3426562880325079,-0.26574396123506006,-0.07691232679744786
2026-02-09 00:00:00+00:00,-9.251312504117063,-9.450105529063102,0.19879302494603834,0.19879302494603834,0.039518666767196224,-0.0749506366902235,-0.07131273857258513,-0.003637898117638372
2026-02-10 00:00:00+00:00,-9.238415787118466,-9.399112906981651,0.16069711986318502,0.16069711986318502,0.025823564332322854,0.012896716998596958,0.05099262208145028,-0.03809590508285332
2026-02-11 00:00:00+00:00,-9.196757887626568,-9.38915852651381,0.1924006388872428,0.1924006388872428,0.0370180058442192,0.041657899491898576,0.009954380467840807,0.03170351902405777
2026-02-12 00:00:00+00:00,-8.970123328524796,-9.132056277273133,0.16193294874833697,0.16193294874833697,0.02622227989033153,0.22663455910177177,0.2571022492406776,-0.030467690138905823
2026-02-13 00:00:00+00:00,-8.93745841539732,-9.14031651536768,0.20285809997035997,0.20285809997035997,0.04115140872358456,0.032664913127476325,-0.008260238094546679,0.040925151222023004
2026-02-17 00:00:00+00:00,-8.956800481768772,-9.161423712743913,0.204623230975141,0.204623230975141,0.04187066665470591,-0.019342066371452304,-0.021107197376233344,0.0017651310047810398
2026-02-18 00:00:00+00:00,-9.097865031522376,-9.231581134995675,0.133716103473299,0.133716103473299,0.017879996328082,-0.1410645497536045,-0.07015742225176247,-0.07090712750184203
2026-02-19 00:00:00+00:00,-9.015589637076085,-9.188840001390652,0.1732503643145673,0.1732503643145673,0.030015688735130296,0.08227539444629173,0.04274113360502341,0.03953426084126832
2026-02-20 00:00:00+00:00,-9.115709835806038,-9.291378689877476,0.1756688540714375,0.1756688540714375,0.030859546290772005,-0.10012019872995381,-0.10253868848682401,0.0024184897568702013
2026-02-23 00:00:00+00:00,-8.961136514002176,-9.12935065814542,0.16821414414324387,0.16821414414324387,0.028295998289844027,0.15457332180386274,0.16202803173205638,-0.007454709928193637
2026-02-24 00:00:00+00:00,-9.05924195897489,-9.230308259214649,0.1710663002397581,0.1710663002397581,0.029263679077719065,-0.098105444972715,-0.10095760106922924,0.0028521560965142356
2026-02-25 00:00:00+00:00,-9.154350945772796,-9.352192016767594,0.19784107099479797,0.19784107099479797,0.039141089372368695,-0.09510898679790536,-0.12188375755294523,0.026774770755039867
2026-02-26 00:00:00+00:00,-9.024590700472766,-9.258610449268204,0.23401974879543808,0.23401974879543808,0.05476524282627994,0.12976024530003016,0.09358156749939006,0.0361786778006401
2026-02-27 00:00:00+00:00,-8.974586592448253,-9.182050765897548,0.20746417344929569,0.20746417344929569,0.04304138326499944,0.05000410802451327,0.07655968337065566,-0.02655557534614239
2026-03-02 00:00:00+00:00,-8.995888090005103,-9.187774023653049,0.1918859336479457,0.1918859336479457,0.03682021153194382,-0.02130149755685018,-0.0057232577555001996,-0.01557823980134998
2026-03-03 00:00:00+00:00,-8.859372463364151,-9.05595530778318,0.1965828444190283,0.1965828444190283,0.03864481471987588,0.13651562664095174,0.13181871586986915,0.004696910771082585
2026-03-04 00:00:00+00:00,-9.011037729637348,-9.151516203209605,0.14047847357225685,0.14047847357225685,0.019734201537191264,-0.15166526627319676,-0.09556089542642532,-0.056104370846771445
2026-03-05 00:00:00+00:00,-8.91860159270813,-9.069340252331948,0.15073865962381738,0.15073865962381738,0.022722143505185075,0.09243613692921748,0.08217595087765694,0.010260186051560538
2026-03-06 00:00:00+00:00,-8.707775986970857,-8.887091284712168,0.1793152977413115,0.1793152977413115,0.032153976004055194,0.2108256057372735,0.18224896761977938,0.028576638117494113
2026-03-09 00:00:00+00:00,-8.78067620882419,-8.998778118222813,0.21810190939862295,0.21810190939862295,0.04756844288332513,-0.07290022185333278,-0.11168683351064423,0.038786611657311454
2026-03-10 00:00:00+00:00,-8.920225585436516,-8.97778519776161,0.05755961232509499,0.05755961232509499,0.003313108971015227,-0.13954937661232591,0.020992920461202047,-0.16054229707352796
2026-03-11 00:00:00+00:00,-8.690773654571075,-8.961971075643794,0.2711974210727188,0.2711974210727188,0.07354804119649355,0.2294519308654408,0.015814122117816964,0.21363780874762384
2026-03-12 00:00:00+00:00,-8.607327389733218,-8.76332950257853,0.15600211284531262,0.15600211284531262,0.024336659212201656,0.08344626483785689,0.1986415730652631,-0.1151953082274062
2026-03-13 00:00:00+00:00,-8.55234537261208,-8.700156731420849,0.1478113588087684,0.1478113588087684,0.021848197792894472,0.05498201712113726,0.0631727711576815,-0.008190754036544234
2026-03-16 00:00:00+00:00,-8.659340479988753,-8.82094578133491,0.1616053013461567,0.1616053013461567,0.026116273423182113,-0.1069951073766724,-0.1207890499140607,0.013793942537388304
2026-03-17 00:00:00+00:00,-8.690563319500791,-8.855958444985868,0.16539512548507673,0.16539512548507673,0.02735554753422428,-0.031222839512038192,-0.03501266365095823,0.0037898241389200393
2026-03-18 00:00:00+00:00,-8.522290385538545,-8.684618647166058,0.16232826162751302,0.16232826162751302,0.026350464523010316,0.16827293396224619,0.1713397978198099,-0.0030668638575637175
2026-03-19 00:00:00+00:00,-8.533263958263703,-8.66161946307151,0.1283555048078071,0.1283555048078071,0.016475135614466993,-0.010973572725157865,0.022999184094548042,-0.03397275681970591
2026-03-20 00:00:00+00:00,-8.36449728536059,-8.50474775435006,0.14025046898946947,0.14025046898946947,0.01967019405176614,0.16876667290311254,0.15687170872145018,0.01189496418166236
2026-03-23 00:00:00+00:00,-8.467522161597513,-8.62086550704354,0.1533433454460269,0.1533433454460269,0.02351418159257954,-0.10302487623692258,-0.11611775269348001,0.013092876456557434
2026-03-24 00:00:00+00:00,-8.489668164981525,-8.589786674661614,0.10011850968008851,0.10011850968008851,0.010023715980561976,-0.022146003384012403,0.03107883238192599,-0.053224835765938394
2026-03-25 00:00:00+00:00,-8.461409569852906,-8.656418858180063,0.19500928832715658,0.19500928832715658,0.03802862253386409,0.02825859512861939,-0.06663218351844868,0.09489077864706807
2026-03-26 00:00:00+00:00,-8.342105663330292,-8.459910468663068,0.11780480533277604,0.11780480533277604,0.013877972159493258,0.1193039065226138,0.19650838951699434,-0.07720448299438054
2026-03-27 00:00:00+00:00,-8.11073573117607,-8.293239242571191,0.18250351139512055,0.18250351139512055,0.0333075316715489,0.2313699321542213,0.1666712260918768,0.06469870606234451
2026-03-30 00:00:00+00:00,-8.133481481246744,-8.272259635956548,0.13877815470980437,0.13877815470980437,0.019259376224658398,-0.0227457500706727,0.020979606614643487,-0.043725356685316186
2026-03-31 00:00:00+00:00,-8.421652064172246,-8.54823911700241,0.12658705283016403,0.12658705283016403,0.01602428194422674,-0.28817058292550257,-0.27597948104586223,-0.012191101879640343
2026-04-01 00:00:00+00:00,-8.472034191526655,-8.634916566305902,0.16288237477924739,0.16288237477924739,0.026530668013727204,-0.05038212735440872,-0.08667744930349208,0.03629532194908336
2026-04-02 00:00:00+00:00,-8.500444677913809,-8.650643881799477,0.1501992038856681,0.1501992038856681,0.022559800847888493,-0.02841048638715371,-0.015727315493574423,-0.012683170893579288
2026-04-06 00:00:00+00:00,-8.542671851987615,-8.708867341661124,0.16619548967350894,0.16619548967350894,0.02762094078781742,-0.042227174073806495,-0.05822345986164734,0.015996285787840847
2026-04-07 00:00:00+00:00,-8.821896271350148,-8.718623886255124,-0.10327238509502479,0.10327238509502479,0.010665185523215099,-0.2792244193625333,-0.00975654459399955,-0.26946787476853373
2026-04-08 00:00:00+00:00,-8.84517372565766,-9.013887776122557,0.16871405046489762,0.16871405046489762,0.02846443082427202,-0.023277454307510936,-0.29526388986743335,0.2719864355599224
2026-04-09 00:00:00+00:00,-8.960651588090395,-9.091014942283628,0.13036335419323386,0.13036335419323386,0.016994604116510544,-0.11547786243273528,-0.07712716616107151,-0.038350696271663764
2026-04-10 00:00:00+00:00,-8.964844334624832,-9.08073106329072,0.11588672866588823,0.11588672866588823,0.0134297338808812,-0.004192746534437575,0.010283878992908058,-0.014476625527345632
2026-04-13 00:00:00+00:00,-9.08485261866618,-9.2143685954096,0.12951597674341997,0.12951597674341997,0.016774388231802103,-0.12000828404134722,-0.13363753211887897,0.013629248077531742
2026-04-14 00:00:00+00:00,-9.260319271024,-9.390356278559452,0.1300370075354511,0.1300370075354511,0.016909623328774968,-0.17546665235782122,-0.17598768314985236,0.0005210307920311408
2026-04-15 00:00:00+00:00,-9.397001753239932,-9.511122969683983,0.11412121644405104,0.11412121644405104,0.013023652042669946,-0.1366824822159316,-0.12076669112453153,-0.015915791091400067
2026-04-16 00:00:00+00:00,-9.428095309062943,-9.544978093004252,0.11688278394130869,0.11688278394130869,0.013661585181870647,-0.031093555823010988,-0.03385512332026863,0.0027615674972576443
2026-04-17 00:00:00+00:00,-9.634418230095063,-9.745476681946052,0.1110584518509885,0.1110584518509885,0.012333979727538332,-0.20632292103212002,-0.20049858894179984,-0.005824332090320183
2026-04-20 00:00:00+00:00,-9.586491234033526,-9.694371771934536,0.1078805379010106,0.1078805379010106,0.011638210457811384,0.04792699606153761,0.051104910011515514,-0.0031779139499779063
2026-04-21 00:00:00+00:00,-9.506810707401405,-9.559524120716477,0.05271341331507173,0.05271341331507173,0.0027787039433255817,0.07968052663212077,0.13484765121805964,-0.055167124585938865
2026-04-22 00:00:00+00:00,-9.586107957944728,-9.727273562600333,0.14116560465560468,0.14116560465560468,0.01992772793778248,-0.07929725054332337,-0.16774944188385632,0.08845219134053295
2026-04-23 00:00:00+00:00,-9.550021967869778,-9.640884032043909,0.09086206417413045,0.09086206417413045,0.0082559147059838,0.03608599007494995,0.08638953055642418,-0.05030354048147423
2026-04-24 00:00:00+00:00,-9.657640132137567,-9.771358692231937,0.11371856009436954,0.11371856009436954,0.012931910909936735,-0.10761816426778914,-0.13047466018802822,0.022856495920239084
2026-04-27 00:00:00+00:00,-9.70702137601897,-9.791835000428334,0.0848136244093638,0.0848136244093638,0.007193350885452631,-0.049381243881402526,-0.020476308196396786,-0.02890493568500574
2026-04-28 00:00:00+00:00,-9.584118987048264,-9.68228037953693,0.09816139248866662,0.09816139248866662,0.009635658975314055,0.12290238897070616,0.10955462089140333,0.013347768079302824
2026-04-29 00:00:00+00:00,-9.519344235586274,-9.668034950629984,0.1486907150437098,0.1486907150437098,0.022108928740209702,0.06477475146198941,0.014245428906946245,0.050529322555043166
2026-04-30 00:00:00+00:00,-9.752532449968491,-9.840306724835262,0.0877742748667707,0.0877742748667707,0.0077043233283874135,-0.23318821438221704,-0.17227177420527795,-0.06091644017693909
2026-05-01 00:00:00+00:00,-9.740937426497702,-9.8816490658283,0.14071163933059871,0.14071163933059871,0.019799765443104494,0.011595023470789556,-0.04134234099303846,0.05293736446382802
2026-05-04 00:00:00+00:00,-9.661083987668334,-9.79078859360085,0.1297046059325151,0.1297046059325151,0.01682328480010903,0.07985343882936746,0.09086047222745108,-0.011007033398083621
2026-05-05 00:00:00+00:00,-9.88837575723019,-9.934611875448844,0.04623611821865481,0.04623611821865481,0.002137778627929423,-0.22729176956185526,-0.14382328184799498,-0.08346848771386028
2026-05-06 00:00:00+00:00,-10.070540661411002,-10.210088701327392,0.13954803991638975,0.13954803991638975,0.01947365544450631,-0.18216490418081221,-0.27547682587854716,0.09331192169773495
2026-05-07 00:00:00+00:00,-9.996111956734095,-10.113322359872354,0.11721040313825881,0.11721040313825881,0.013738278603833151,0.07442870467690632,0.09676634145503726,-0.022337636778130943
2026-05-08 00:00:00+00:00,-10.180361148909473,-10.28312306666468,0.10276191775520793,0.10276191775520793,0.010560011740728119,-0.18424919217537727,-0.1698007067923264,-0.01444848538305088
2026-05-11 00:00:00+00:00,-10.2066623707175,-10.316306250147449,0.10964387942994769,0.10964387942994769,0.012021780296448906,-0.026301221808028075,-0.03318318348276783,0.006881961674739756
2026-05-12 00:00:00+00:00,-10.08873421476878,-10.25278384173878,0.16404962697000158,0.16404962697000158,0.02691228010899667,0.11792815594872152,0.06352240840866763,0.054405747540053895
2026-05-13 00:00:00+00:00,-10.296231747955344,-10.367631184847928,0.07139943689258388,0.07139943689258388,0.005097879588578068,-0.20749753318656516,-0.11484734310914746,-0.0926501900774177
2026-05-14 00:00:00+00:00,-10.418497754557634,-10.547764393537005,0.12926663897937019,0.12926663897937019,0.016709863953022826,-0.12226600660229003,-0.18013320868907634,0.05786720208678631
2026-05-15 00:00:00+00:00,-9.98456265579042,-10.17036824622028,0.1858055904298599,0.1858055904298599,0.03452371743498884,0.4339350987672148,0.3773961473167251,0.056538951450489705
2026-05-18 00:00:00+00:00,-10.013452363680676,-10.132210392176964,0.1187580284962877,0.1187580284962877,0.01410346933232508,-0.028889707890256133,0.038157854043316064,-0.0670475619335722
2026-05-19 00:00:00+00:00,-9.909250478437592,-9.955764738498582,0.0465142600609898,0.0465142600609898,0.0021635763890213906,0.10420188524308394,0.17644565367838183,-0.0722437684352979
2026-05-20 00:00:00+00:00,-9.951676457985512,-10.156822577509994,0.20514611952448192,0.20514611952448192,0.042084930355953024,-0.04242597954791982,-0.20105783901141194,0.15863185946349212
2026-05-21 00:00:00+00:00,-10.11340310424581,-10.182465944740844,0.0690628404950342,0.0690628404950342,0.004769675937242535,-0.16172664626029842,-0.0256433672308507,-0.13608327902944772
2026-05-22 00:00:00+00:00,-10.076692931426107,-10.25458832892157,0.1778953974954618,0.1778953974954618,0.031646772450068354,0.03671017281970279,-0.07212238418072481,0.1088325570004276
2026-05-26 00:00:00+00:00,-10.28812687569726,-10.39522956797161,0.10710269227434921,0.10710269227434921,0.011470986692413941,-0.21143394427115325,-0.14064123905004067,-0.07079270522111258
2026-05-27 00:00:00+00:00,-10.231805850520576,-10.363962501452038,0.13215665093146178,0.13215665093146178,0.01746538038542024,0.05632102517668436,0.031267066519571785,0.025053958657112574
2026-05-28 00:00:00+00:00,-10.383652472529777,-10.482005594087406,0.09835312155762921,0.09835312155762921,0.009673336520129788,-0.15184662200920052,-0.11804309263536794,-0.033803529373832575
2026-05-29 00:00:00+00:00,-10.39000273435031,-10.522251146880144,0.13224841252983488,0.13224841252983488,0.01748964261666139,-0.0063502618205326655,-0.04024555279273834,0.03389529097220567
