timestamp,close,log_ret,h_filtered,P_filtered,sigma_filtered,innovation,P_obs
2018-03-15 00:00:00+00:00,241.42361450195312,-0.0010900432561047817,-9.95972912969982,7.839420808914517,0.01831679347457992,-0.0019047662972278608,4.7604971128893285e-05
2018-03-16 00:00:00+00:00,241.6854248046875,0.0010838560534497455,-9.965987194680249,7.8170773776913185,0.018208642679262213,0.00027958684281626845,4.961052511880854e-05
2018-03-19 00:00:00+00:00,238.41534423828125,-0.013622686520195233,-9.656958745222283,7.7950381728622045,0.021192676586783084,-0.014428544080442016,4.930313636101392e-05
2018-03-20 00:00:00+00:00,238.82083129882807,0.0016993144229541736,-9.67729341437593,7.773299052104636,0.02092136641581491,0.000978097455045307,6.701423652245062e-05
2018-03-21 00:00:00+00:00,238.36245727539065,-0.001921166039953213,-9.630321850821657,7.751855929497597,0.02136120325692656,-0.0026483605621946483,6.56744082448109e-05
2018-03-22 00:00:00+00:00,232.4040679931641,-0.025314915820499516,-9.160610204407643,7.730704774753665,0.026944744622887883,-0.02602821076054766,6.88107520261253e-05
2018-03-23 00:00:00+00:00,227.45046997070312,-0.021545028824779936,-8.848800805848429,7.709841612461482,0.03140870480598776,-0.02209994854748062,0.00010971245747824793
2018-03-26 00:00:00+00:00,233.6732940673828,0.026991460318865464,-9.183616578269461,7.689262521338584,0.026498941929721093,0.026564028126137704,0.00014953676125681697
2018-03-27 00:00:00+00:00,229.6981201171875,-0.017158035009009913,-8.931636251405516,7.668963633494375,0.02998081291247682,-0.017721602249230247,0.00010723403723709551
2018-03-28 00:00:00+00:00,229.0194091796875,-0.0029591693773362163,-8.895052282925151,7.64894113370315,0.03045794194110577,-0.003422417998523626,0.00013772689258122255
2018-03-29 00:00:00+00:00,231.9457550048828,0.012696773487472028,-9.05687127599066,7.629191258687016,0.028021401242771284,0.012249161557006092,0.00014282309087647674
2018-04-02 00:00:00+00:00,226.93927001953125,-0.021821080958809906,-8.758496893991614,7.609710296408582,0.03245065471414771,-0.022335756983248523,0.00012161899639253899
2018-04-03 00:00:00+00:00,229.84796142578125,0.012735604328037813,-8.912308942251613,7.590494585373256,0.029976466716062432,0.012348933465451717,0.00016356807697328387
2018-04-04 00:00:00+00:00,232.30715942382807,0.010642405971300025,-9.049148813753202,7.571540513941074,0.027927823119841044,0.010187382812135087,0.00014039613512765894
2018-04-05 00:00:00+00:00,234.1405334472656,0.007861046341190187,-9.155570366515569,7.552844519647868,0.026418794260620496,0.007349449838394916,0.00012255536480732616
2018-04-06 00:00:00+00:00,228.92239379882807,-0.022538450965705784,-8.830377766638449,7.534403088535705,0.031011769128091907,-0.023091463112302365,0.00011026298990153745
2018-04-09 00:00:00+00:00,230.05067443847656,0.004916553891762201,-8.893223879920125,7.516212754492433,0.029984180722436696,0.004497289725448973,0.00015229804804641807
2018-04-10 00:00:00+00:00,233.7085876464844,0.01577537902341205,-9.09366108086002,7.498270098600199,0.02706411013443171,0.015328556065836847,0.00014308268075841678
2018-04-11 00:00:00+00:00,232.48341369628903,-0.005256103782492392,-9.01945119690544,7.480571748492866,0.028025117148466623,-0.00578528958874822,0.00011725542732721509
2018-04-12 00:00:00+00:00,234.39610290527344,0.008193548191926848,-9.129227301577023,7.463114377722172,0.026470500530459202,0.007693904989028021,0.00012622393977138676
2018-04-13 00:00:00+00:00,233.7085876464844,-0.0029374444094344165,-9.085948186655004,7.445894705132511,0.0269913926326494,-0.003480407652651329,0.00011318588162295112
2018-04-16 00:00:00+00:00,235.63009643554688,0.008188200078576366,-9.198289046342738,7.428909494244233,0.025462949698160625,0.007662034290648498,0.0001181570769581341
2018-04-17 00:00:00+00:00,238.15090942382807,0.010641358538310577,-9.351236377658765,7.412155552645332,0.023538950902104436,0.010072327658194363,0.00010568272799882913
2018-04-18 00:00:00+00:00,238.32720947265625,0.0007400132341100113,-9.35751462427013,7.395629731391444,0.023416752459056923,0.00011633747690903428,9.078907604401329e-05
2018-04-19 00:00:00+00:00,237.0050506591797,-0.005563107469178774,-9.263849340315842,7.379328924413975,0.024489555594089343,-0.006188938845937697,9.022473490951989e-05
2018-04-20 00:00:00+00:00,234.99542236328125,-0.008515417057037206,-9.131124746424256,7.363250067936312,0.02611733223562697,-0.0091083803426471,9.902071209195152e-05
2018-04-23 00:00:00+00:00,234.960205078125,-0.00014987493782729568,-9.127248085040067,7.34739013989799,0.026116178911534414,-0.0006935663874028485,0.00011297278562178677
2018-04-24 00:00:00+00:00,231.79592895507807,-0.0135587917077188,-8.933931978577881,7.3317461593866815,0.028710346402122732,-0.01410099463053084,0.00011340858946572804
2018-04-25 00:00:00+00:00,232.36880493164065,0.00246841789399827,-8.966955611078548,7.316315186077915,0.028185759600750707,0.0020041974750688208,0.00013741322687479664
2018-04-26 00:00:00+00:00,234.7310028076172,0.010114403708881461,-9.099789658231273,7.30109431968245,0.026324425642328893,0.009636326049844622,0.00013297944963410897
2018-04-27 00:00:00+00:00,234.9513702392578,0.0009383679714491236,-9.111619237402524,7.2860806994011655,0.026120116059196133,0.0004067907266353852,0.00011654389504008068
2018-04-30 00:00:00+00:00,233.1444854736328,-0.007720186871777116,-9.001913187880227,7.2712715033873385,0.027541876354889222,-0.008256359617363283,0.00011518265994951215
2018-05-01 00:00:00+00:00,233.55870056152344,0.0017750690762197761,-9.025772678641532,7.256663948216297,0.027165612664177132,0.0012825681628355768,0.00012844179325428891
2018-05-02 00:00:00+00:00,231.9898376464844,-0.006739872323466714,-8.935115469469341,7.242255288362258,0.028374176555010743,-0.007242074713476389,0.00012543395077134524
2018-05-03 00:00:00+00:00,231.4785919189453,-0.002206173720957919,-8.908086459503334,7.228042815682302,0.02870919346295806,-0.0026708946874406214,0.0001372518054137746
2018-05-04 00:00:00+00:00,234.47532653808597,0.012862971290958545,-9.07285372659838,7.214023858907369,0.026392540094583618,0.012409755699708681,0.00014098614192952375
2018-05-07 00:00:00+00:00,235.2686462402344,0.003377671677968665,-9.118492812081715,7.200195783140187,0.025752542132620466,0.002856659647734929,0.00011970374610699758
2018-05-08 00:00:00+00:00,235.2686462402344,0.0,-9.116941221864096,7.186555989360037,0.025728624521938893,-0.0005388305865647808,0.00011439902959968585
2018-05-09 00:00:00+00:00,237.5427398681641,0.009619527916977415,-9.250671533941029,7.173101913934258,0.024024094188015387,0.00908129649935043,0.00011457545335622057
2018-05-10 00:00:00+00:00,239.7639617919922,0.009307382238558391,-9.386814419929456,7.159831028136411,0.022405958938755615,0.008719167072806807,0.00010032519162672318
2018-05-11 00:00:00+00:00,240.4955596923828,0.0030466796953280695,-9.429771938519453,7.146740837670998,0.0218939844059804,0.002410876702652815,8.763706038856912e-05
2018-05-14 00:00:00+00:00,240.6100311279297,0.000475868249678269,-9.43081349683419,7.133828882204653,0.021847295559065935,-0.0001742946919445612,8.397674448233386e-05
2018-05-15 00:00:00+00:00,238.9530334472656,-0.006910474960120748,-9.310466566670256,7.121092734903704,0.023165372233067753,-0.007560982287011331,8.388992023155348e-05
2018-05-16 00:00:00+00:00,239.95785522460935,0.004196284843745841,-9.370705305108787,7.1085300019780675,0.02244277815465886,0.003586772011896855,9.454068499692496e-05
2018-05-17 00:00:00+00:00,239.7551727294922,-0.0008450156463002072,-9.351482492717816,7.096138322231315,0.02262445323538475,-0.0014753541748597403,8.905044803497798e-05
2018-05-18 00:00:00+00:00,239.1557464599609,-0.00250329052246009,-9.306521875532209,7.083915366616876,0.023103491702174777,-0.003127050909246378,9.076688683945307e-05
2018-05-21 00:00:00+00:00,240.9538116455078,0.007490263677298473,-9.417587993167446,7.071858837800295,0.021822545598075914,0.006882136457257079,9.4911797666357e-05
2018-05-22 00:00:00+00:00,240.28399658203125,-0.002783719336108748,-9.365584298519467,7.059966469727445,0.022364143471646496,-0.0034298404694817672,8.499909610321981e-05
2018-05-23 00:00:00+00:00,240.94500732421875,0.002747179212151389,-9.403630471236946,7.0482360271986035,0.021910578281681775,0.0021185869861082454,8.950451442273245e-05
2018-05-24 00:00:00+00:00,240.4514312744141,-0.0020506018872820772,-9.364069660315469,7.0366653054483645,0.02231599335032766,-0.0026920627067117168,8.618557293784183e-05
2018-05-25 00:00:00+00:00,239.8785400390625,-0.002385408120334938,-9.320518650677897,7.025252129731224,0.022774750084772744,-0.0030134829915818735,8.963925660233053e-05
2018-05-29 00:00:00+00:00,237.11964416503903,-0.011567870615024971,-9.135677568885288,7.013994354912844,0.02494481010917023,-0.012180902094387698,9.360154180728725e-05
2018-05-30 00:00:00+00:00,240.28399658203125,0.013256701410490563,-9.321990380679061,7.0028898650668685,0.022694470891931606,0.012711265462607084,0.00011246310740766085
2018-05-31 00:00:00+00:00,238.81202697753903,-0.006144798385811501,-9.221418122593684,6.9919365730772185,0.023832216250379595,-0.006758343559442815,9.346482660412667e-05
2018-06-01 00:00:00+00:00,241.15652465820312,0.009769458101650403,-9.362872199258097,6.981132420245838,0.022174893642040342,0.009191894994646677,0.0001032827526937316
2018-06-04 00:00:00+00:00,242.30235290527344,0.004740135906910958,-9.432568555337278,6.970475375905722,0.02138693931443322,0.00411247032781702,8.974592627105938e-05
2018-06-05 00:00:00+00:00,242.47872924804688,0.0007276536030337068,-9.437712836844726,6.959963437039282,0.02130398810551256,7.656637893660109e-05,8.374382166379243e-05
2018-06-06 00:00:00+00:00,244.5059356689453,0.008325593295495745,-9.568076945095099,6.949594627901857,0.019933787073665422,0.007672809233793838,8.331705394048824e-05
2018-06-07 00:00:00+00:00,244.47950744628903,-0.00010809410813397592,-9.556919843057443,6.939366999650365,0.02001968886204096,-0.0008024632149930485,7.319884957590838e-05
2018-06-08 00:00:00+00:00,245.2022399902344,0.002951848103456502,-9.599508569734509,6.929278629977014,0.019573190981379312,0.0022609336218690577,7.401446812257861e-05
2018-06-11 00:00:00+00:00,245.5284423828125,0.0013294560635429152,-9.613428908765673,6.919327622748014,0.01941326853605391,0.000625456923160667,7.094910568685261e-05
2018-06-12 00:00:00+00:00,245.84573364257807,0.0012914447659054167,-9.626571899297083,6.90951210764717,0.019262464213067744,0.0005832284968835995,6.997496628485667e-05
2018-06-13 00:00:00+00:00,245.0612945556641,-0.0031958790953066658,-9.558357398722686,6.8998302398243725,0.019906680115534797,-0.003908050331168676,6.906750410267771e-05
2018-06-14 00:00:00+00:00,245.6782684326172,0.002514466933403448,-9.593299650315075,6.890280199548845,0.019538570352583478,0.0018231062598539891,7.390887045441379e-05
2018-06-15 00:00:00+00:00,245.36480712890625,-0.0012767162877965286,-9.560837675717876,6.88086019186712,0.01983491889763358,-0.00197882503150803,7.13879653884786e-05
2018-06-18 00:00:00+00:00,244.8601837158203,-0.002058742825208947,-9.515628479124166,6.871568446265673,0.020264834539442906,-0.002750872584584946,7.372703231423197e-05
2018-06-19 00:00:00+00:00,243.92166137695312,-0.0038402551228073965,-9.44150783916777,6.862403216338156,0.021005866617363613,-0.00451821657231948,7.711284586756954e-05
2018-06-20 00:00:00+00:00,244.3377685546875,0.0017044515803028729,-9.462684447370982,6.853362779457148,0.02076114898218426,0.0010504185152423455,8.300361655913012e-05
2018-06-21 00:00:00+00:00,242.80601501464844,-0.0062887329772834425,-9.350342898927432,6.844445436450388,0.021936227834067613,-0.0069496925953469405,8.127611909030019e-05
2018-06-22 00:00:00+00:00,243.2486724853516,0.0018214312276687284,-9.373705314926616,6.835649511281412,0.021657651508751544,0.0011980627906852386,9.086967576667131e-05
2018-06-25 00:00:00+00:00,239.9374542236328,-0.013705981666144628,-9.148985080353048,6.826973350734533,0.02420681990332414,-0.014337341160139825,8.878551569293258e-05
2018-06-26 00:00:00+00:00,240.4686737060547,0.002211544224983875,-9.17853718666485,6.8184153241041185,0.023826266371059685,0.0016610318112376698,0.00011098650637801069
2018-06-27 00:00:00+00:00,238.4766082763672,-0.008318599188848518,-9.055416807677299,6.809973822888099,0.025312379971896184,-0.008880265702581902,0.00010777636680429646
2018-06-28 00:00:00+00:00,239.8401336669922,0.005701364658891262,-9.132620081966575,6.801647260485637,0.024328564298992775,0.005187267737146516,0.00012179480592557995
2018-06-29 00:00:00+00:00,240.1853790283203,0.001438446131412065,-9.151225207831327,6.793434071898932,0.024078562794697552,0.0008941812812859105,0.00011280513194953123
2018-07-02 00:00:00+00:00,240.69891357421875,0.002135793366555478,-9.179692851823047,6.785332713439061,0.02371423361285412,0.0015844296970667702,0.00011073985535776947
2018-07-03 00:00:00+00:00,239.8489227294922,-0.0035375946657213602,-9.12583632140912,6.77734166243586,0.02433717036013424,-0.00409969405489252,0.000107652735237019
2018-07-05 00:00:00+00:00,241.8055877685547,0.008124810461052887,-9.238912943349481,6.769459416951709,0.022976713221964817,0.007583150327158502,0.00011356771338512003
2018-07-06 00:00:00+00:00,243.85089111328125,0.008422889534745997,-9.361223937558828,6.761684495499262,0.0215926692851689,0.007838937440355772,0.00010150368369810709
2018-07-09 00:00:00+00:00,246.04656982421875,0.008963889744829867,-9.49793533118755,6.754015436762979,0.020146680653440566,0.008336787939747545,8.989296084151968e-05
2018-07-10 00:00:00+00:00,246.9319305419922,0.0035918875529075247,-9.55097475841557,6.746450799324484,0.01960087581525452,0.002919558218515055,7.847987014296123e-05
2018-07-11 00:00:00+00:00,245.12579345703125,-0.0073411923373656734,-9.413982260614956,6.738989161391639,0.02097094260034673,-0.008030258183205673,7.445277719728695e-05
2018-07-12 00:00:00+00:00,247.34814453125,0.009025314795956394,-9.554556797026294,6.731629120531312,0.019529585492781172,0.008380394497482964,8.53040321060653e-05
2018-07-13 00:00:00+00:00,247.5428771972656,0.0007869719494433453,-9.559299790188259,6.724369293405787,0.019465653343982554,9.679160820726216e-05,7.418837692095575e-05
2018-07-16 00:00:00+00:00,247.32151794433597,-0.0008946259616440737,-9.534535612189453,6.71720831551278,0.01969054383892037,-0.0015862789641099442,7.383972753505032e-05
2018-07-17 00:00:00+00:00,248.3220367431641,0.004037256808272792,-9.595739377276773,6.710144840928941,0.01908024860332958,0.003353331249174543,7.567833370600424e-05
2018-07-18 00:00:00+00:00,248.8443756103516,0.0021012644716105248,-9.623449984632401,6.70317754205692,0.018801327507105194,0.0013984122219638483,7.121519742964196e-05
2018-07-19 00:00:00+00:00,247.90582275390625,-0.0037787764407428703,-9.544843556018286,6.6963051093758255,0.01953820226651603,-0.0044900105713782685,6.928198631217535e-05
2018-07-20 00:00:00+00:00,247.62266540527344,-0.0011428500528966904,-9.51613859789441,6.689526251195097,0.019803857885721483,-0.0018300036641158484,7.490752701289823e-05
2018-07-23 00:00:00+00:00,248.0829620361328,0.0018571375335421217,-9.539665123438814,6.68283969341173,0.019555912667456023,0.0011790144348784975,7.707378777300332e-05
2018-07-24 00:00:00+00:00,249.33123779296875,0.005019070133958164,-9.617983392740724,6.676244179270807,0.018789422997934235,0.0043335361435251395,7.529377309939902e-05
2018-07-25 00:00:00+00:00,251.45620727539065,0.0084865635390951,-9.760842289985101,6.669738469129285,0.017479896385917786,0.007776973818766759,6.965915835133961e-05
2018-07-26 00:00:00+00:00,250.8629608154297,-0.002362031049045238,-9.70221855898915,6.6633213402230105,0.017985415276067625,-0.0031131617253718656,6.044483896417369e-05
2018-07-27 00:00:00+00:00,249.16311645507807,-0.006799049033044793,-9.562608645575896,6.656991586436879,0.01927048988956452,-0.007533488658596706,6.406860430761595e-05
2018-07-30 00:00:00+00:00,247.8615875244141,-0.00523729261437853,-9.46157187336706,6.650748018078157,0.020253200785805076,-0.00592997093782449,7.359746988830576e-05
2018-07-31 00:00:00+00:00,249.08335876464844,0.0049171390555371505,-9.536279864410064,6.644589461652875,0.019495604491794955,0.004256541533808904,8.136597669904033e-05
2018-08-01 00:00:00+00:00,248.66732788085935,-0.0016716440251337502,-9.498658382947777,6.638514759645267,0.01985072305598324,-0.002356116979146539,7.554734683895865e-05
2018-08-02 00:00:00+00:00,250.0218963623047,0.005432528905659336,-9.582988997935889,6.632522770300208,0.01901686327456716,0.004759968437005897,7.842353300715221e-05
2018-08-03 00:00:00+00:00,251.09329223632807,0.004276052815422638,-9.649240200707295,6.626612367408617,0.01838365077070819,0.0035770962059529826,7.212274941865989e-05
2018-08-06 00:00:00+00:00,252.01400756835935,0.0036601192638229638,-9.70551252861936,6.620782440095791,0.0178605937519257,0.0029411870806428913,6.752992946575882e-05
2018-08-07 00:00:00+00:00,252.8462371826172,0.0032968742408565396,-9.755775659117877,6.615031892612612,0.017404807062055962,0.0025614838335448224,6.385934842082005e-05
2018-08-08 00:00:00+00:00,252.74005126953125,-0.00042005061083576147,-9.734864877870914,6.609359644129589,0.017575269916570258,-0.0011697578473716527,6.074976510947798e-05
2018-08-09 00:00:00+00:00,252.3946533203125,-0.001367548101170861,-9.696336217175691,6.603764628533721,0.017904601537801292,-0.0021113425385549476,6.202460426202352e-05
2018-08-10 00:00:00+00:00,250.70362854003903,-0.006722468390692594,-9.558647321280498,6.59824579422812,0.019167427281891653,-0.0074552062452659836,6.44439986934583e-05
2018-08-13 00:00:00+00:00,249.76513671875,-0.003750455518900507,-9.483896871337825,6.592802103934356,0.019883835322837367,-0.00444190614071549,7.38875920491971e-05
2018-08-14 00:00:00+00:00,251.35888671875,0.00636072229184568,-9.583477088466722,6.5874325344975055,0.01890536608408703,0.0056928970472609215,7.958174398392146e-05
2018-08-15 00:00:00+00:00,249.4818572998047,-0.007495549152059663,-9.44106931288172,6.582136076693832,0.02028714901482719,-0.008194655342950247,7.208779593840259e-05
2018-08-16 00:00:00+00:00,251.50050354003903,0.008058795370689863,-9.567196816847064,6.576911735041118,0.01903483720584369,0.007404906512247549,8.303977504622952e-05
2018-08-17 00:00:00+00:00,252.3858337402344,0.003514011179579909,-9.619746644223346,6.571758527611551,0.018529272387967408,0.0028199138960723694,7.326286182229315e-05
2018-08-20 00:00:00+00:00,252.9259796142578,0.002137872361089862,-9.648121895573093,6.56667548584717,0.018256638492981543,0.0014277517477433565,6.95372775521374e-05
2018-08-21 00:00:00+00:00,253.5191192626953,0.0023423661160903515,-9.680256955535576,6.561661654377818,0.01795438739183958,0.0016237656919972409,6.760497430681071e-05
2018-08-22 00:00:00+00:00,253.36865234375,-0.0005936893008407193,-9.65786653257688,6.556716090841587,0.0181452990934652,-0.001321749953494331,6.548139318902887e-05
2018-08-23 00:00:00+00:00,253.0322723388672,-0.0013285127967253502,-9.622505866068792,6.551837865707696,0.018457708334854692,-0.0020499979058330813,6.695384465382698e-05
2018-08-24 00:00:00+00:00,254.55519104003903,0.006000633903575264,-9.72069555905183,6.547026062101778,0.017562847918766108,0.005289683455265093,6.934698035053935e-05
2018-08-27 00:00:00+00:00,256.5648803710937,0.007863904394365467,-9.857803139152564,6.542279775633559,0.016389463868993516,0.007124151558944606,6.290361745740499e-05
2018-08-28 00:00:00+00:00,256.6888427734375,0.00048304532111217177,-9.852797970880898,6.537598114226864,0.01642091878703102,-0.0002946470795320552,5.489557341810012e-05
2018-08-29 00:00:00+00:00,258.0700378417969,0.005366389721575623,-9.946820228246755,6.532980197951968,0.015657776422846714,0.0045900373707375396,5.516913740007381e-05
2018-08-30 00:00:00+00:00,257.0251770019531,-0.0040569674997766965,-9.844050718818222,6.52842515886019,0.01647399479275875,-0.0048579446886412355,5.02506623602333e-05
2018-08-31 00:00:00+00:00,257.0340270996094,3.44322116460834e-05,-9.830203830634908,6.523932140820771,0.016579133411914762,-0.0007395701975437048,5.565050703763556e-05
2018-09-04 00:00:00+00:00,256.5914306640625,-0.0017234213702071407,-9.781406757019413,6.519500299359964,0.016979206322566207,-0.0024936828931196114,5.642111596009077e-05
2018-09-05 00:00:00+00:00,255.90081787109372,-0.002695116708491624,-9.715397445575057,6.515128801502307,0.0175393627735243,-0.0034519882218397744,5.9222836035963925e-05
2018-09-06 00:00:00+00:00,255.1305084228516,-0.003014727246749061,-9.646319766007514,6.510816825614069,0.0181459518847236,-0.003752961549067751,6.323548365312702e-05
2018-09-07 00:00:00+00:00,254.634765625,-0.0019449851897389914,-9.600041860952897,6.506563561248818,0.018560855010290773,-0.0026630506019282123,6.772608330254173e-05
2018-09-10 00:00:00+00:00,255.0775146484375,0.0017372511980794667,-9.621247075096404,6.502368208995097,0.01835547265852342,0.001033089961003648,7.091153757414243e-05
2018-09-11 00:00:00+00:00,255.9185943603516,0.003291925150250199,-9.670467671390014,6.498229980326172,0.01789999065586578,0.0025813531418301646,6.943373159337586e-05
2018-09-12 00:00:00+00:00,255.9806060791016,0.00024228097641138018,-9.663789312732264,6.494148097451821,0.017950700420209402,-0.000482913785162156,6.612113506213445e-05
2018-09-13 00:00:00+00:00,257.4945373535156,0.005896821611354457,-9.76153547366714,6.490121793172159,0.01708588640522848,0.0051735900020847755,6.656115681082263e-05
2018-09-14 00:00:00+00:00,257.5386962890625,0.0001714799464211364,-9.75194441757007,6.486150310733437,0.017159498334372192,-0.00057984519737526,6.04032401360523e-05
2018-09-17 00:00:00+00:00,256.1752624511719,-0.005308156479278767,-9.636914195671245,6.482232903685797,0.018166464674551366,-0.006056784970812437,6.098136251292861e-05
2018-09-18 00:00:00+00:00,257.5653076171875,0.0054114805767303846,-9.724888978709057,6.4783688357429865,0.01737629453167279,0.004696215251358415,6.836169831084892e-05
2018-09-19 00:00:00+00:00,257.8397521972656,0.00106496667345675,-9.73293853336539,6.47455738064397,0.017298255960323927,0.0003240147590356339,6.26421829443824e-05
2018-09-20 00:00:00+00:00,259.9293518066406,0.008071593836316063,-9.87468542756855,6.470797822016418,0.016107134217635176,0.007328347193174337,6.214338239555461e-05
2018-09-21 00:00:00+00:00,259.6918029785156,-0.0009143155257868716,-9.840798298298646,6.467089453242083,0.016374779429691223,-0.0016965033908678275,5.3982814980527263e-05
2018-09-24 00:00:00+00:00,258.8290710449219,-0.0033276682692143637,-9.759293854733144,6.463431577323964,0.017048075079297252,-0.004100794311873879,5.583056007963851e-05
2018-09-25 00:00:00+00:00,258.5889587402344,-0.000928117336859281,-9.728472552101579,6.459823506755323,0.017305025337799766,-0.0016788133694653523,6.053786602207581e-05
2018-09-26 00:00:00+00:00,257.815185546875,-0.0029967759980343276,-9.659113573577981,6.456264563390454,0.017907713872528142,-0.003738750633387038,6.241962987116182e-05
2018-09-27 00:00:00+00:00,258.5356140136719,0.0027904631304495244,-9.699523529678334,6.452754078317233,0.01754182051825124,0.002068609868807217,6.687097216799537e-05
2018-09-28 00:00:00+00:00,258.56231689453125,0.00010327978236628928,-9.689747653022103,6.449291391731389,0.01762014547007787,-0.0006303807838559535,6.424032124458944e-05
2018-10-01 00:00:00+00:00,259.4605712890625,0.0034680139248875028,-9.743025666629574,6.4458758528125,0.017149635629087712,0.002737188063922468,6.486707429054447e-05
2018-10-02 00:00:00+00:00,259.30938720703125,-0.0005828559801325747,-9.719289672718451,6.442506819601653,0.017347073105509394,-0.0013289652960453112,6.15239241198451e-05
2018-10-03 00:00:00+00:00,259.4517517089844,0.0005488634165025775,-9.717603788908004,6.439183658880804,0.01735449137708346,-0.00019048685634651455,6.29915100128775e-05
2018-10-04 00:00:00+00:00,257.4239196777344,-0.007846538530077295,-9.556871405782996,6.435905746053753,0.018799077403453972,-0.008585405694936337,6.309706926903145e-05
2018-10-05 00:00:00+00:00,255.983154296875,-0.00561258009882618,-9.44963572865695,6.4326724650287535,0.019826540566660437,-0.00630347954078897,7.401802877673655e-05
2018-10-08 00:00:00+00:00,255.983154296875,0.0,-9.442511768124982,6.429483208102711,0.01988935762436819,-0.0006567001933902744,8.233627815299127e-05
2018-10-09 00:00:00+00:00,255.60960388183597,-0.001460343116486189,-9.411377037435582,6.426337375846978,0.0201934628803277,-0.002114706199072171,8.292089732013093e-05
2018-10-10 00:00:00+00:00,247.51612854003903,-0.03217554996621238,-8.881287155544204,6.423234376994675,0.026311760284237585,-0.03281960129538143,8.552503578015615e-05
2018-10-11 00:00:00+00:00,242.06417846679688,-0.022272854430555405,-8.604827568511624,6.420173628329565,0.030200642478212223,-0.0227145089388164,0.00014478904650416476
2018-10-12 00:00:00+00:00,245.4260711669922,0.013792874834764123,-8.761343915721872,6.417154554576435,0.027916771589036625,0.01347991051686763,0.00019053746497694476
2018-10-15 00:00:00+00:00,244.04754638671875,-0.005632697557421535,-8.698862658758998,6.4141765882929755,0.028791955440456457,-0.006020681607863985,0.00016310622957472695
2018-10-16 00:00:00+00:00,249.38385009765625,0.021630207577140688,-8.950778309518498,6.41123916976313,0.025375167046238534,0.02127147405350232,0.00017354833228762335
2018-10-17 00:00:00+00:00,249.42832946777344,0.0001783411554778172,-8.954161404024871,6.40834174689189,0.025323106905359695,-0.00029297664342984393,0.00013513325854579828
2018-10-18 00:00:00+00:00,245.82627868652344,-0.0145465150175677,-8.766532639128144,6.405483775101528,0.027803848081236277,-0.015019250973321277,0.00013467997495325416
2018-10-19 00:00:00+00:00,245.6928558349609,-0.0005428999421131403,-8.763940889076506,6.402664717229244,0.027830093190573585,-0.0009332725196418834,0.00016226785990830448
2018-10-22 00:00:00+00:00,244.590087890625,-0.004498503642158196,-8.714719541461678,6.399884043426203,0.0285135956443448,-0.004887683927661597,0.0001626860827204265
2018-10-23 00:00:00+00:00,243.3448638916016,-0.0051040684739017145,-8.660518131169109,6.39714123105795,0.029286857540218862,-0.005470311532536361,0.0001708366049652757
2018-10-24 00:00:00+00:00,235.97189331054688,-0.03076692841619895,-8.320991779345103,6.394435764606182,0.03469389933710585,-0.031107256393864267,0.00018028496135411528
2018-10-25 00:00:00+00:00,240.2053680419922,0.017781555822933604,-8.499335371599315,6.391767135571851,0.03172352391858213,0.01762044231302027,0.000252584454303596
2018-10-26 00:00:00+00:00,235.9807891845703,-0.017743857662272836,-8.323321458962422,6.389134842379591,0.034630555690737856,-0.01800286726821406,0.000211583641945426
2018-10-29 00:00:00+00:00,234.67344665527344,-0.005555440882540803,-8.280573153986062,6.386538390283449,0.03536724116119581,-0.005717889886896277,0.0002520007088464013
2018-10-30 00:00:00+00:00,238.15093994140625,0.014709715015741509,-8.427582229182152,6.383977291273891,0.032850314733076626,0.014572019210333386,0.00026293008994345246
2018-10-31 00:00:00+00:00,240.6945343017578,0.010623962933563266,-8.542206756514046,6.381451063986083,0.03101073031304726,0.01040330073338045,0.0002272119690464034
2018-11-01 00:00:00+00:00,243.2559814453125,0.010585673448254524,-8.661086973136698,6.378959233609421,0.029212061720846887,0.01030439551374511,0.00020276382388811085
2018-11-02 00:00:00+00:00,241.81517028808597,-0.0059406352630888785,-8.599815062362046,6.376501331798275,0.0301115980337686,-0.0062812388563625275,0.00018018313704193625
2018-11-05 00:00:00+00:00,243.1492462158203,0.005501761562168244,-8.665850919188319,6.37407689658398,0.029124782133439955,0.005191297471588661,0.00019148837580546123
2018-11-06 00:00:00+00:00,244.6878662109375,0.006307946065402401,-8.742013835946434,6.371685472287999,0.028028141108347948,0.005965037296240838,0.00017933263179017027
2018-11-07 00:00:00+00:00,249.9263610839844,0.021182935976631827,-8.993440846488312,6.369326609436272,0.02470981867663426,0.020803904517379217,0.00016626779876345235
2018-11-08 00:00:00+00:00,249.4727783203125,-0.0018165144975532562,-8.96983657507292,6.366999864674752,0.02499590407711385,-0.0023055427346434076,0.00012952712196940866
2018-11-09 00:00:00+00:00,247.035888671875,-0.009816179970683653,-8.842319387831155,6.3647048006860585,0.02663386922930837,-0.010295455785367837,0.0001325995015866103
2018-11-12 00:00:00+00:00,242.4199981689453,-0.018861872850773696,-8.613627076691854,6.362440986107292,0.029851851475638586,-0.019286439962702535,0.0001505024553757237
2018-11-13 00:00:00+00:00,241.9663848876953,-0.001872940403445098,-8.599120475982854,6.360207995448958,0.03006077123216923,-0.0021902788729751266,0.00018887953778175563
2018-11-14 00:00:00+00:00,240.31211853027344,-0.006860238777264452,-8.530739069945135,6.358005409014988,0.031097779568853293,-0.007170355918447226,0.00019162051799869438
2018-11-15 00:00:00+00:00,242.8201446533203,0.01038245152965761,-8.647005510640566,6.355832812823867,0.029333541584744955,0.010107083792543136,0.00020508637257601848
2018-11-16 00:00:00+00:00,243.45166015625,0.0025973780577861244,-8.68146048821939,6.35368979853082,0.02882480380427579,0.0022636201653542013,0.00018272074971872914
2018-11-19 00:00:00+00:00,239.3337860107422,-0.017059230107755265,-8.493289316795895,6.351575963351059,0.03166011275888032,-0.017409653932842092,0.00017657388912798144
2018-11-20 00:00:00+00:00,234.9046630859375,-0.01867942895400789,-8.30825666871082,6.349490909984083,0.03471991037330314,-0.018935259790648203,0.00021285797152063862
2018-11-21 00:00:00+00:00,235.7051544189453,0.00340193542612411,-8.350388166783441,6.347434246539002,0.03398742068853482,0.003248149718985725,0.00025579946013183673
2018-11-23 00:00:00+00:00,234.130859375,-0.006701491113996735,-8.295560730596403,6.345405586460884,0.03492317370943624,-0.006879343451045997,0.00024531671578674556
2018-11-26 00:00:00+00:00,237.91075134277344,0.016015421839181712,-8.455605939806686,6.343404548458095,0.032229361266024006,0.015868987668597054,0.0002590453096324438
2018-11-27 00:00:00+00:00,238.7111968994141,0.003358831090879999,-8.49778446183039,6.3414307564306425,0.03154899999548685,0.0031230292118764385,0.0002209753360479754
2018-11-28 00:00:00+00:00,244.2076873779297,0.02276460094893308,-8.740747852426137,6.339483839399478,0.02793322478109343,0.022506405838305255,0.0002119097985406367
2018-11-29 00:00:00+00:00,243.67404174804688,-0.002187603309749025,-8.719426674444549,6.337563431436776,0.02822582589403469,-0.002566045433759946,0.00016647698460275229
2018-11-30 00:00:00+00:00,245.1593017578125,0.006076772789874557,-8.79406804023093,6.335669171597153,0.027185395672900018,0.005708311875881812,0.00017003981168286716
2018-12-03 00:00:00+00:00,248.4054718017578,0.013154167498785735,-8.955045378576797,6.3338007038498345,0.025077165164934214,0.012751222016803778,0.00015789040092748917
2018-12-04 00:00:00+00:00,240.3565368652344,-0.0329389867582242,-8.52868690380709,6.331957677011728,0.031028512402994483,-0.03341209287418075,0.00013456178646188943
2018-12-06 00:00:00+00:00,239.9919586181641,-0.0015179742229021209,-8.519929759527226,6.3301397446814205,0.03115758975196596,-0.0017922807630678435,0.00020550479504808365
2018-12-07 00:00:00+00:00,234.4154510498047,-0.02351044404464104,-8.2814682428655,6.3283465651740824,0.035095203832834924,-0.02378020999894464,0.00020729993147580706
2018-12-10 00:00:00+00:00,234.86019897460935,0.0018954661633892365,-8.309534420643878,6.326577801457229,0.034598498800109526,0.0017572466567960614,0.0002626964557229621
2018-12-11 00:00:00+00:00,234.91357421875,0.0002272380767768966,-8.321775926054649,6.324833121087385,0.0343798781621727,7.271505586140835e-05,0.0002554750505588065
2018-12-12 00:00:00+00:00,236.09637451171875,0.005022411023216496,-8.37929911419456,6.323112196147606,0.03339795753290255,0.0048608478268074625,0.0002523878206413482
2018-12-13 00:00:00+00:00,236.01641845703125,-0.0003387159028212186,-8.385185563625233,6.321414703185826,0.033292739329775584,-0.0005327940304779111,0.0002383729931401235
2018-12-14 00:00:00+00:00,231.65838623046875,-0.01863755897110451,-8.21208203490043,6.319740323154089,0.036295065737178056,-0.01883491232357398,0.00023698347372854103
2018-12-17 00:00:00+00:00,227.11363220214844,-0.01981333874767242,-8.045681429151111,6.318088741348565,0.039435864039196286,-0.01991026324600237,0.0002814377862796381
2018-12-18 00:00:00+00:00,226.8645782470703,-0.0010972067572020128,-8.050044822572184,6.316459647350405,0.03934190845541555,-0.001089102862840613,0.0003320133867343256
2018-12-19 00:00:00+00:00,223.46713256835935,-0.015088922483086197,-7.938514488692893,6.314852734967403,0.041589786758293855,-0.015083684914225452,0.00033057769133803275
2018-12-20 00:00:00+00:00,219.8295440673828,-0.016411899033633562,-7.824701344721907,6.313267702176439,0.04401643422927012,-0.016331411625828896,0.00036930030258180784
2018-12-21 00:00:00+00:00,215.3253631591797,-0.020702245109410003,-7.687540383900041,6.311704251066717,0.047131808765331476,-0.020540548262933098,0.0004134951536767736
2018-12-24 00:00:00+00:00,209.63580322265625,-0.02677844647549588,-7.52003540945842,6.31016208778377,0.051239352238127416,-0.026512581761618487,0.0004738400266203446
2018-12-26 00:00:00+00:00,220.2276153564453,0.04928987200211379,-7.853144932276645,6.30864092247423,0.04336978186271193,0.049692959089124106,0.0005596046022303052
2018-12-27 00:00:00+00:00,221.9184112548828,0.007648170688065139,-7.926290456416844,6.307140469231349,0.041804442317729534,0.007789139895665414,0.00040197765925951946
2018-12-28 00:00:00+00:00,221.6321258544922,-0.0012908808182770213,-7.9311093084139035,6.305660446041268,0.041696124237082556,-0.0012018895349768402,0.00037381112912463106
2018-12-31 00:00:00+00:00,223.57334899902344,0.00872062702080917,-8.01396703368595,6.304200574729999,0.039996695331177015,0.008806259814997237,0.0003720263683840709
2019-01-02 00:00:00+00:00,223.8059539794922,0.0010398558890847233,-8.036234636311843,6.302760580911156,0.03954673090152095,0.0010689807321716505,0.0003426374992161693
2019-01-03 00:00:00+00:00,218.46533203125,-0.02415206106839839,-7.851216607717598,6.30134019393437,0.04337201855260244,-0.02413773022919341,0.0003351430811713626
2019-01-04 00:00:00+00:00,225.7829742431641,0.032946908463354185,-8.114058904124185,6.299939146834428,0.03802402589293223,0.03308927366256453,0.00040274824507862637
2019-01-07 00:00:00+00:00,227.56321716308597,0.007853830492024108,-8.193754823823301,6.298557176281098,0.0365323260596449,0.007817723195739788,0.00031021478774048434
2019-01-08 00:00:00+00:00,229.7012176513672,0.009351333301692443,-8.288474561177555,6.297194022529625,0.0348365544673938,0.009265555831765018,0.00028660742658613645
2019-01-09 00:00:00+00:00,230.77471923828125,0.004662582539980557,-8.342296393424538,6.295849429371923,0.033905873566985864,0.004520271788731279,0.00026087483913967666
2019-01-10 00:00:00+00:00,231.58876037597656,0.003521220921176928,-8.38567159749085,6.294523144088414,0.033172952934413184,0.003347951837751676,0.0002472961457982773
2019-01-11 00:00:00+00:00,231.67823791503903,0.0003862892910792647,-8.398553262840876,6.2932149174005305,0.03295458864942807,0.00018866593664890066,0.00023686910618236285
2019-01-14 00:00:00+00:00,230.26483154296875,-0.0061194154699936,-8.347260541979661,6.291924503423862,0.033805231577809576,-0.006324171158457818,0.00023385798445196723
2019-01-15 00:00:00+00:00,232.9038543701172,0.011395638203108481,-8.466203535381112,6.290651659621937,0.03184833068097552,0.011219555197874185,0.00024607991780053643
2019-01-16 00:00:00+00:00,233.4674224853516,0.002416822894208224,-8.498830958564369,6.289396146760645,0.03132806427562746,0.0021753503925154762,0.00021866172335479277
2019-01-17 00:00:00+00:00,235.23870849609372,0.007558230310992264,-8.58460285830038,6.288157728863272,0.030008286672602684,0.007299485540126589,0.0002116896649736542
2019-01-18 00:00:00+00:00,238.3697204589844,0.013222136204655682,-8.733737131451194,6.2869361731661355,0.027847793490946668,0.012919298144084119,0.00019440340184001065
2019-01-22 00:00:00+00:00,235.1492462158203,-0.013602512787244217,-8.579916764275687,6.285731250074849,0.030069558157769787,-0.013977684595040453,0.00016764018019216635
2019-01-23 00:00:00+00:00,235.6413116455078,0.0020903801091672588,-8.60890259019991,6.284542733121169,0.029632502772144496,0.0017899028643937878,0.00019531027990700206
2019-01-24 00:00:00+00:00,235.76649475097656,0.0005311032473907965,-8.62077543648828,6.283370398920424,0.02945279642514452,0.00021611089873204879,0.00018976788316393172
2019-01-25 00:00:00+00:00,237.76138305664065,0.008425692344425265,-8.71927866983675,6.28221402712952,0.02803328901670962,0.008104814536954595,0.00018754333118618937
2019-01-28 00:00:00+00:00,235.95437622070312,-0.007629113302779787,-8.635736925842524,6.281073400405552,0.02922489723787487,-0.007997504560493765,0.00017006480827467448
2019-01-29 00:00:00+00:00,235.6413116455078,-0.0013276822890363525,-8.626730845110554,6.279948304364932,0.029352666515744433,-0.0016559273748668732,0.00018477717420010956
2019-01-30 00:00:00+00:00,239.37161254882807,0.01570642565380516,-8.805677680638258,6.278838527543102,0.026836724176688274,0.015382608747983573,0.00018643733791491877
2019-01-31 00:00:00+00:00,241.4738922119141,0.008744151862972574,-8.914268201009369,6.277743861354791,0.025414990094453218,0.008335956625101929,0.00015608032768348425
2019-02-01 00:00:00+00:00,241.5902404785156,0.00048170940865893794,-8.922022542573998,6.276664100054805,0.025313225854830042,2.5848812995255726e-05,0.00014012320749801232
2019-02-04 00:00:00+00:00,243.28993225097656,0.007010799079394,-9.013016903271398,6.275599040699366,0.024184131802112038,0.006551632065167636,0.00013904821170156783
2019-02-05 00:00:00+00:00,244.3096923828125,0.004182782623689185,-9.068985512833793,6.274548483107954,0.023513649514877555,0.0036857525417587768,0.00012703313631346087
2019-02-06 00:00:00+00:00,243.98768615722656,-0.001318894126467345,-9.050113753606679,6.273512229825697,0.02373349712136246,-0.00183837727005875,0.0001201645071318621
2019-02-07 00:00:00+00:00,241.6618194580078,-0.009578448880705744,-8.919364221747392,6.272490086086252,0.025333672225958746,-0.01009043082291813,0.0001224379703718526
2019-02-08 00:00:00+00:00,241.95700073242188,0.001220718875056729,-8.936476759405295,6.271481859775201,0.02511466985417768,0.0007626839237013059,0.0001394158064161193
2019-02-11 00:00:00+00:00,242.0911407470703,0.0005542424671738038,-8.94489417507059,6.2704873613939345,0.02500608290873762,8.894611818933962e-05,0.0001370663676511962
2019-02-12 00:00:00+00:00,245.2043609619141,0.01277771931731048,-9.11100926118365,6.269506404024049,0.023010231133068312,0.012308873766947219,0.00013592528096805295
2019-02-13 00:00:00+00:00,246.00051879882807,0.003241655638651359,-9.155023284522565,6.268538803292203,0.02250665373687819,0.0027057191943035625,0.00011525245981577005
2019-02-14 00:00:00+00:00,245.45480346679688,-0.002220814513942706,-9.121060824675071,6.267584377335465,0.022889376939179137,-0.0027736193028891163,0.00011032291699344135
2019-02-15 00:00:00+00:00,248.1295623779297,0.010838208335235397,-9.272172637122441,6.266642946767141,0.021221171282552742,0.010298387087363425,0.00011410763009661452
2019-02-19 00:00:00+00:00,248.55894470214844,0.0017289807396928879,-9.294361242019418,6.26571433464305,0.020984602401333756,0.0011330344423463377,9.820553745981275e-05
2019-02-20 00:00:00+00:00,249.0599670410156,0.0020136795300318903,-9.320839477529828,6.264798366428267,0.020706244801793644,0.0014098409740661163,9.60650508836935e-05
2019-02-21 00:00:00+00:00,248.17433166503903,-0.0035622494860572305,-9.260523130808616,6.263894869964322,0.02133780905891569,-0.004175392979181595,9.357172181338236e-05
2019-02-22 00:00:00+00:00,249.71304321289065,0.0061809819822784,-9.34997953474269,6.263003675436841,0.020402163946643705,0.005589214239417554,9.934836664952191e-05
2019-02-25 00:00:00+00:00,250.0529022216797,0.001360072907259422,-9.366060126157768,6.262124615343631,0.020236558448284286,0.0007368294917330653,9.090247490925192e-05
2019-02-26 00:00:00+00:00,249.8740692138672,-0.0007154365563712301,-9.349010361798396,6.261257524463191,0.020407598125566407,-0.0013441912304978554,8.946222662999583e-05
2019-02-27 00:00:00+00:00,249.7666778564453,-0.0004298743035084121,-9.336855252715665,6.260402239823663,0.02052980910414877,-0.0010527841487058482,9.099001541441938e-05
2019-02-28 00:00:00+00:00,249.30142211914065,-0.0018644985408213931,-9.302449522719936,6.259558600672213,0.02088383349582913,-0.002483211174425717,9.20951105847045e-05
2019-03-01 00:00:00+00:00,250.8580474853516,0.006224536319880661,-9.393836434398759,6.258726448444788,0.01994897708005014,0.005617842404342769,9.529644894269978e-05
2019-03-04 00:00:00+00:00,249.94554138183597,-0.0036441716219268905,-9.328897856817422,6.257905626736339,0.02060522231111346,-0.004282342945654454,8.702800185291773e-05
2019-03-05 00:00:00+00:00,249.60562133789065,-0.0013609020327656188,-9.302610048683754,6.257095981271414,0.020875730252884955,-0.001976853189803802,9.282582524243097e-05
2019-03-06 00:00:00+00:00,248.09378051757807,-0.006075335693820351,-9.204353681124786,6.256297359875167,0.021924738439508897,-0.006682086162938093,9.52812571015174e-05
2019-03-07 00:00:00+00:00,246.0184326171875,-0.00840035947016867,-9.078054113354597,6.255509612444751,0.023351633150168426,-0.0089716370582688,0.00010504809240135155
2019-03-08 00:00:00+00:00,245.5262908935547,-0.00200242974663171,-9.049529954478366,6.254732590921104,0.02368476171191753,-0.0025254925736753636,0.000119087086701906
2019-03-11 00:00:00+00:00,249.0868377685547,0.014397549008559378,-9.244847657203568,6.2539661492611245,0.021479032334851753,0.013885800239326672,0.00012250898184157493
2019-03-12 00:00:00+00:00,250.026123046875,0.003763822865429643,-9.297625916861243,6.253210143410229,0.020917656030284226,0.0031777160321146973,0.00010090716324370373
2019-03-13 00:00:00+00:00,251.68104553222656,0.006597188923118478,-9.39459635195957,6.252464431275263,0.019925795665678207,0.005992196477129962,9.575407658689249e-05
2019-03-14 00:00:00+00:00,251.52003479003903,-0.0006399459539288245,-9.378108655549516,6.251728872697803,0.020088892699204004,-0.0012783730819394172,8.69623443073965e-05
2019-03-15 00:00:00+00:00,252.7626800537109,0.004928377445035105,-9.451127389331875,6.2510033294278164,0.019366930545203012,0.004295522155016891,8.839808133195645e-05
2019-03-18 00:00:00+00:00,253.6790771484375,0.003618967361437028,-9.504047756728438,6.250287665097664,0.018859511184364207,0.0029617788547128387,8.221438967853873e-05
2019-03-19 00:00:00+00:00,253.74203491210935,0.00024814798792753665,-9.500182829473468,6.249581745196486,0.018894324432566726,-0.00042613266215895166,7.800488795672946e-05
2019-03-20 00:00:00+00:00,252.9783172607422,-0.0030143578262693824,-9.440889962988214,6.2488854370449,0.019461165695933307,-0.003687405335099967,7.830488706243405e-05
2019-03-21 00:00:00+00:00,255.8356170654297,0.011231334865378147,-9.61940224685095,6.248198609770093,0.017797873462779043,0.010577504994071868,8.305456779882646e-05
2019-03-22 00:00:00+00:00,250.9117889404297,-0.019433678515052854,-9.258508009016566,6.247521134281189,0.02131564726200893,-0.020143695471175255,6.956106647707953e-05
2019-03-25 00:00:00+00:00,250.72308349609372,-0.0007523617818703358,-9.24331723126179,6.246852883245011,0.021476370275129,-0.0013434042663710891,9.954739718861663e-05
2019-03-26 00:00:00+00:00,252.59197998046875,0.00742638243638008,-9.350911532730443,6.2461937310621405,0.020349853828735432,0.006840830653084629,0.00010106065584353174
2019-03-27 00:00:00+00:00,251.27114868164065,-0.0052428298448318365,-9.262706335161997,6.245543553843311,0.02126569169632976,-0.005866393884410586,9.081837166937176e-05
2019-03-28 00:00:00+00:00,252.2235412597656,0.0037831331016817786,-9.315981164612833,6.244902229386116,0.02070504675921967,0.0031905804248553195,9.913318392905485e-05
2019-03-29 00:00:00+00:00,253.8139495849609,0.006285753883766231,-9.408736037719168,6.244269637152059,0.019765163418049597,0.005674308538675017,9.402430802144878e-05
2019-04-01 00:00:00+00:00,256.8239440917969,0.011789291028470155,-9.593942693722305,6.243645658243877,0.018015628648021788,0.011146121750039322,8.574965883984806e-05
2019-04-02 00:00:00+00:00,256.9498291015625,0.0004900406320952243,-9.592943036720627,6.243030175383207,0.01802324894502057,-0.0002122641662987277,7.134238797791901e-05
2019-04-03 00:00:00+00:00,257.3541564941406,0.0015723287674256517,-9.611233002907086,6.242423072888534,0.017857822752097744,0.000870328777057644,7.141325387493448e-05
2019-04-04 00:00:00+00:00,258.0369873046875,0.002649759190813697,-9.648803700204683,6.24182423665346,0.01752417679193797,0.0019422062304136306,7.012774157097825e-05
2019-04-05 00:00:00+00:00,259.285888671875,0.004828333914722727,-9.726460763938832,6.2412335541252455,0.01685553502988568,0.0041095312029090555,6.755921129555345e-05
2019-04-08 00:00:00+00:00,259.4836730957031,0.0007625136399187,-9.728739922861829,6.2406509142836635,0.016835111603349946,2.111292747653947e-05,6.254447178179594e-05
2019-04-09 00:00:00+00:00,258.15380859375,-0.005138219216495125,-9.618568642963652,6.2400762076201275,0.017787224652286774,-0.005880270084221102,6.240305689651344e-05
2019-04-10 00:00:00+00:00,259.0343933105469,0.0034052809576406878,-9.669804818041813,6.239509326117112,0.017336108722922964,0.002695514974231065,6.961868057686716e-05
2019-04-11 00:00:00+00:00,258.9624938964844,-0.00027760558528414666,-9.653518142139488,6.238950163227849,0.017476637312873987,-0.001002605787175173,6.616467860307961e-05
2019-04-12 00:00:00+00:00,260.7146301269531,0.006743197992397762,-9.766438797296658,6.238398613856305,0.016516100732084895,0.006022998403881533,6.724362251815029e-05
2019-04-15 00:00:00+00:00,260.5438842773437,-0.0006551292727044614,-9.740713734401364,6.237854574337423,0.01672877404667844,-0.0014078280972577807,6.01098018478437e-05
2019-04-16 00:00:00+00:00,260.7146301269531,0.0006551292727045263,-9.74076255889008,6.237317942417643,0.016727243580505254,-9.032519566476145e-05,6.16653538945055e-05
2019-04-17 00:00:00+00:00,260.0766906738281,-0.002449886343025422,-9.681298596679135,6.236788617235684,0.01723090472379349,-0.0031953546485501334,6.166236375514658e-05
2019-04-18 00:00:00+00:00,260.5888061523437,0.001967157980631153,-9.706536889227738,6.236266499303576,0.01701372118072368,0.0012387931984904335,6.54136860538195e-05
2019-04-22 00:00:00+00:00,260.8134765625,0.0008617930205119116,-9.710926654379701,6.235751490487979,0.016975326171962072,0.00012610725541512728,6.379441332578964e-05
2019-04-23 00:00:00+00:00,263.1585388183594,0.008951157103155184,-9.868031978266536,6.235243493991717,0.015691901113258855,0.00821420732050396,6.351688929690079e-05
2019-04-24 00:00:00+00:00,262.5745544433594,-0.0022216011229779105,-9.807650327776964,6.234742414335613,0.016171863591487035,-0.0030020217867145847,5.434071449149528e-05
2019-04-25 00:00:00+00:00,262.4128112792969,-0.0006161792825523447,-9.781624265987181,6.234248157340513,0.016382671586691752,-0.0013802923948713025,5.769917747105714e-05
2019-04-26 00:00:00+00:00,263.6347961425781,0.004645918141399263,-9.85919079763801,6.233760630109605,0.015758500893377055,0.0038889862203818695,5.921004391707256e-05
2019-04-29 00:00:00+00:00,264.0480651855469,0.0015663541788099545,-9.876185370795877,6.233279741010951,0.01562422448156046,0.000788290845227981,5.481996960233552e-05
2019-04-30 00:00:00+00:00,264.1828918457031,0.0005104837620342941,-9.87146191605902,6.2328053996602675,0.01566023968357611,-0.000272101692283542,5.390245683006699e-05
2019-05-01 00:00:00+00:00,262.1971435546875,-0.007544958309905007,-9.702062115857096,6.232337516903936,0.017043457583824077,-0.008326290717564253,5.4155917408698216e-05
2019-05-02 00:00:00+00:00,261.63104248046875,-0.002161400664172652,-9.649660480637351,6.231876004802246,0.017494902263477375,-0.00289579509478925,6.407855970343336e-05
2019-05-03 00:00:00+00:00,264.1918640136719,0.009740320354215954,-9.817320212881782,6.231420776612865,0.016087181417495114,0.009021263537405278,6.750174775597037e-05
2019-05-06 00:00:00+00:00,263.1047058105469,-0.004123522912123354,-9.721215597731213,6.23097174677454,0.016878134176035318,-0.004890280609779571,5.714769693713317e-05
2019-05-07 00:00:00+00:00,258.7109375,-0.016840706901833015,-9.389425758462208,6.230528830891015,0.019922674468524307,-0.01758060857433613,6.287113699925747e-05
2019-05-08 00:00:00+00:00,258.3515014648437,-0.001390300536133044,-9.360975154122917,6.230091945715162,0.0202070023461079,-0.0020269852256568875,8.741006817703553e-05
2019-05-09 00:00:00+00:00,257.5697631835937,-0.0030304580682553642,-9.307297315261907,6.229661009133346,0.020755561762180103,-0.0036574747389735004,8.99151746911795e-05
2019-05-10 00:00:00+00:00,258.8636779785156,0.005010974887729092,-9.380078342650686,6.229235940149976,0.02001277060790688,0.004402575072428123,9.483873019956736e-05
2019-05-13 00:00:00+00:00,252.35829162597656,-0.02545171339426173,-8.966347182643903,6.228816658872296,0.02461076059896945,-0.026085236720558725,8.822532324527248e-05
2019-05-14 00:00:00+00:00,254.6406097412109,0.009003307604934832,-9.084653633345027,6.228403086495365,0.02319597676010973,0.008525483202714509,0.00013305982968616947
2019-05-15 00:00:00+00:00,256.1321105957031,0.005840190888923767,-9.164452717676976,6.227995145287239,0.02228755193250514,0.005314533123763562,0.00011830909037580516
2019-05-16 00:00:00+00:00,258.50421142578125,0.009218617215893286,-9.294874118053825,6.22759275857437,0.020879489527042844,0.008662246308016295,0.00010929456368752544
2019-05-17 00:00:00+00:00,256.8330383300781,-0.006485768124368947,-9.190803491664978,6.227195850727188,0.021993633266343616,-0.007089788078786869,9.601613045593914e-05
2019-05-20 00:00:00+00:00,255.13479614257807,-0.00663419965793993,-9.091314513569545,6.226804347145896,0.023114232783129532,-0.007200448089188726,0.00010647134546727172
2019-05-21 00:00:00+00:00,257.43505859375,0.00897547084420765,-9.214802190617922,6.226418174246427,0.021729188642711634,0.008447202622971332,0.00011752901414078905
2019-05-22 00:00:00+00:00,256.64434814453125,-0.00307622154244921,-9.166277776072542,6.226037259446646,0.022261774249007295,-0.0036513540561159464,0.00010396363094318785
2019-05-23 00:00:00+00:00,253.50852966308597,-0.012293797066434634,-8.986808645072998,6.225661531152682,0.024350652547619433,-0.012850856266794258,0.00010909663679198466
2019-05-24 00:00:00+00:00,254.08352661132807,0.0022655878360744648,-9.017191201583676,6.225290918745482,0.023982419546606234,0.0017792882449443443,0.00013038311959665653
2019-05-28 00:00:00+00:00,251.7203826904297,-0.009344178927765038,-8.892204340020758,6.224925352567534,0.025527818472741604,-0.00984290524349731,0.0001265075747505438
2019-05-29 00:00:00+00:00,250.03121948242188,-0.006733090964283531,-8.80949253118026,6.224564763909781,0.026604479633434923,-0.007179473669724568,0.0001432276360981557
2019-05-30 00:00:00+00:00,250.71409606933597,0.0027274424304294317,-8.845606112319034,6.224209084998701,0.02612723765406897,0.0023175287537190426,0.00015549009091879484
2019-05-31 00:00:00+00:00,247.3355865478516,-0.013567165936244211,-8.681549504881444,6.223858248983569,0.028359520890219373,-0.013993187081943605,0.0001500119754041777
2019-06-03 00:00:00+00:00,246.7066650390625,-0.0025460245414393253,-8.657756940763651,6.223512189923899,0.028697667059633055,-0.002896491055794683,0.00017655827917420255
2019-06-04 00:00:00+00:00,252.0619354248047,0.021474792860750477,-8.903524417151957,6.223170842777043,0.025378171778643824,0.021135803843231014,0.00018078004035827763
2019-06-05 00:00:00+00:00,254.2451629638672,0.008624177214646598,-9.014384573194043,6.222834143385965,0.02400872390421804,0.008172918814884422,0.0001416263822259362
2019-06-06 00:00:00+00:00,255.89854431152344,0.0064820446209020825,-9.101093779800548,6.222502028467193,0.022989121887630658,0.0059844583964496455,0.00012686070091696348
2019-06-07 00:00:00+00:00,258.4594116210937,0.00995761197051751,-9.238733601861728,6.22217443559891,0.021459346452059467,0.009425526781522543,0.00011639304361685235
2019-06-10 00:00:00+00:00,259.6453552246094,0.004578014913885033,-9.30360429148841,6.221851303209241,0.020773633162100395,0.003994128032584162,0.00010152176477432032
2019-06-11 00:00:00+00:00,259.58251953125,-0.00024203513224581682,-9.295271263099352,6.221532570564656,0.020859536270258057,-0.0008491357744426096,9.518721798130455e-05
2019-06-12 00:00:00+00:00,259.12420654296875,-0.001767137708112369,-9.263664842202619,6.2212181777585736,0.02119096963039907,-0.002371298096505773,9.597826608654107e-05
2019-06-13 00:00:00+00:00,260.193359375,0.004117535830642295,-9.32200818003687,6.220908065700098,0.0205809254369398,0.00352463880765373,9.903885808714214e-05
2019-06-14 00:00:00+00:00,259.90594482421875,-0.0011052296271803549,-9.299890567018176,6.220602176102911,0.020808993383889175,-0.001718781011221808,9.34631743694746e-05
2019-06-17 00:00:00+00:00,260.0047912597656,0.0003802438760252421,-9.301208990475617,6.220300451474308,0.020794496080532687,-0.00022554790591195048,9.553895048417629e-05
2019-06-18 00:00:00+00:00,262.727294921875,0.010416534017917473,-9.457148035083064,6.220002835104405,0.01923403980554212,0.009810277296142405,9.541393203444266e-05
2019-06-19 00:00:00+00:00,263.3203125,0.0022546165820934746,-9.4874272618253,6.219709271055481,0.01894434190913015,0.0015954608156358479,8.17242541889314e-05
2019-06-20 00:00:00+00:00,265.83624267578125,0.009509280797993942,-9.640345769011468,6.219419704151449,0.0175492261951493,0.00884031990838364,7.93031972514764e-05
2019-06-21 00:00:00+00:00,265.4496765136719,-0.0014552097707250507,-9.603215981852939,6.219134079967504,0.01787743044077065,-0.0021714982088354724,6.812910924238827e-05
2019-06-24 00:00:00+00:00,265.1246643066406,-0.0012251336812898572,-9.571381646468046,6.2188523448198785,0.018163625564168336,-0.0019302588216387386,7.068834536511793e-05
2019-06-25 00:00:00+00:00,262.5243530273437,-0.009856295547912133,-9.388394907186022,6.218574445755764,0.019903182252038458,-0.010551684235952137,7.295899556036052e-05
2019-06-26 00:00:00+00:00,262.2624206542969,-0.0009982431262903456,-9.366281741591706,6.218300330543344,0.02012377495205348,-0.0016345798939901286,8.749960523809312e-05
2019-06-27 00:00:00+00:00,263.1925048828125,0.0035401141169787995,-9.416949816200209,6.218029947661997,0.019619699035482704,0.0029112837961982004,8.944253802531174e-05
2019-06-28 00:00:00+00:00,264.5468444824219,0.005132619253952462,-9.494162457051136,6.217763246292603,0.01887606007068165,0.004486710499232882,8.505298708542678e-05
2019-07-01 00:00:00+00:00,266.9485168457031,0.00903747759468851,-9.639498302230363,6.217500176307978,0.017552451906148944,0.008366355662934977,7.877449375297316e-05
2019-07-02 00:00:00+00:00,267.6436767578125,0.0026007125141311893,-9.676320749490158,6.217240688263481,0.017231687584189994,0.0018846765834684316,6.818647611863409e-05
2019-07-03 00:00:00+00:00,269.78350830078125,0.007963284740224456,-9.812868186709165,6.2169847333876955,0.01609396371735835,0.007236374768891229,6.573788171147922e-05
2019-07-05 00:00:00+00:00,269.47662353515625,-0.0011381698020551895,-9.776337712294726,6.216732263573273,0.01639010756834412,-0.0019037115069210889,5.7400941402983745e-05
2019-07-08 00:00:00+00:00,267.99591064453125,-0.0055099248522412,-9.655648806936322,6.216483231367893,0.01740906903654276,-0.0062653867158716185,5.9521740237084304e-05
2019-07-09 00:00:00+00:00,268.3300476074219,0.0012460221288211357,-9.66765939364932,6.216237589965345,0.017304304419013018,0.000525192302118794,6.710147809265797e-05
2019-07-10 00:00:00+00:00,269.6119689941406,0.004766029697367276,-9.744641068859309,6.215995293196726,0.016650398602035286,0.004041659656371096,6.630581051364656e-05
2019-07-11 00:00:00+00:00,270.2440795898437,0.0023417756871708124,-9.777027688482335,6.215756295521765,0.01638245543555967,0.0015952092596212665,6.142529630856811e-05
2019-07-12 00:00:00+00:00,271.4539489746094,0.004466958832227366,-9.850984785212464,6.215520552020261,0.015787254785746982,0.0037113048845579502,5.948096617730201e-05
2019-07-15 00:00:00+00:00,271.54425048828125,0.00033260336624924344,-9.84303773760378,6.215288018383647,0.01584964991152174,-0.0004432627121286658,5.526857544923524e-05
2019-07-16 00:00:00+00:00,270.6684265136719,-0.0032305579469800883,-9.76337214842726,6.215058650906655,0.01649325544005051,-0.004004287559567898,5.5706523028907495e-05
2019-07-17 00:00:00+00:00,268.8265075683594,-0.006828335117703177,-9.618071872182448,6.214832406479105,0.017735590682439382,-0.007580175203249197,6.029315733383594e-05
2019-07-18 00:00:00+00:00,269.8106384277344,0.003654155535947581,-9.673790244786742,6.214609242577804,0.01724782954203891,0.0029445391644841905,6.965303732086408e-05
2019-07-19 00:00:00+00:00,268.3119201660156,-0.005570188845807623,-9.559296008136547,6.21438911725855,0.01826352523976775,-0.0062963578794881705,6.590330312746995e-05
2019-07-22 00:00:00+00:00,268.97100830078125,0.002453413017409527,-9.593172278723129,6.214171989148252,0.017956292996626825,0.0017617611878590306,7.384000489349328e-05
2019-07-23 00:00:00+00:00,270.8941955566406,0.007124724384772682,-9.710360297906645,6.213957817437146,0.0169339394100595,0.006422654482255868,7.139699664291748e-05
2019-07-24 00:00:00+00:00,272.1672058105469,0.004688282328407177,-9.78694898998284,6.2137465618711385,0.016297294366092542,0.0039514954713515665,6.355262680480443e-05
2019-07-25 00:00:00+00:00,270.8670349121094,-0.004788550280510352,-9.679631019453252,6.213538182744224,0.01719523038383841,-0.0055469589771337795,5.8897747021569456e-05
2019-07-26 00:00:00+00:00,272.6819152832031,0.00667791599972564,-9.792459512464823,6.213332640891035,0.016251611983835373,0.005950038178228437,6.55221130160047e-05
2019-07-29 00:00:00+00:00,272.1853332519531,-0.0018227638753287737,-9.743097632970121,6.2131298976794795,0.01665728569018892,-0.002582696771437852,5.857628726659946e-05
2019-07-30 00:00:00+00:00,271.51715087890625,-0.0024578983136478664,-9.683380231939308,6.212929915003471,0.017161721377243,-0.003204028001737518,6.151952687190735e-05
2019-07-31 00:00:00+00:00,268.5466003417969,-0.011000851244031388,-9.467048590448627,6.212732655275779,0.0191216760952626,-0.011729823333141584,6.527858851764208e-05
2019-08-01 00:00:00+00:00,266.2081298828125,-0.008746010958374306,-9.31329004490273,6.212538081420951,0.02064921938902755,-0.009408388992746965,8.092460388370304e-05
2019-08-02 00:00:00+00:00,264.2037353515625,-0.007557915664734076,-9.191373649387424,6.212346156868358,0.02194658889212517,-0.008168418605921008,9.427594629468421e-05
2019-08-05 00:00:00+00:00,256.2582702636719,-0.030534726204846326,-8.743136682017479,6.21215684554531,0.02745934490356642,-0.031101186933002695,0.00010641107177125124
2019-08-06 00:00:00+00:00,259.8517761230469,0.013925572485443332,-8.90992966460218,6.211970111870275,0.02526163169063315,0.013546018633622354,0.00016608248432286105
2019-08-07 00:00:00+00:00,260.00537109375,0.0005909122380822626,-8.919121941004473,6.211785920746208,0.025145213204082726,0.0001369071381674315,0.00014072828686591387
2019-08-08 00:00:00+00:00,265.1066589355469,0.019429942704433836,-9.168314872862208,6.211604237553931,0.022199025072156237,0.018972011004204255,0.00013944935747189585
2019-08-09 00:00:00+00:00,263.30078125,-0.006835197913869661,-9.067368145995465,6.2114250281456425,0.023347719992875594,-0.007393024637347921,0.00010887613770290642
2019-08-12 00:00:00+00:00,260.0956115722656,-0.012247733412279244,-8.898606311028193,6.2112482588385,0.025402768288522202,-0.012766576430824376,0.00012035768466903997
2019-08-13 00:00:00+00:00,264.1405029296875,0.015431869407506774,-9.095159967688572,6.211073896408277,0.023024515329945195,0.014982725928888191,0.0001423198498237924
2019-08-14 00:00:00+00:00,256.3304748535156,-0.030013640282186723,-8.676509118865306,6.210901908083124,0.02838507440959202,-0.030543411643138275,0.00011708100518811895
2019-08-15 00:00:00+00:00,257.0076599121094,0.0026383601978976212,-8.711436123328475,6.21073226153742,0.027893083364485562,0.0022903138499873583,0.00017744433767130668
2019-08-16 00:00:00+00:00,260.7998962402344,0.014647542644016303,-8.884445542037396,6.210564924885675,0.02558108275840692,0.014282849702561332,0.00017139461043795735
2019-08-19 00:00:00+00:00,263.9419250488281,0.011975665870766589,-9.036550379327116,6.21039986667656,0.023707230183571463,0.011532640839395383,0.00014433558227192641
2019-08-20 00:00:00+00:00,261.9194030761719,-0.007692263482204744,-8.932371381471667,6.210237055886975,0.02497434805355586,-0.008198810632028965,0.0001240984567146939
2019-08-21 00:00:00+00:00,264.0502319335937,0.008102522933419601,-9.037675524146433,6.2100764619162385,0.023692939080260246,0.007638963005826261,0.00013762637375007268
2019-08-22 00:00:00+00:00,263.968994140625,-0.0003077077106214333,-9.033244997811185,6.209918054580319,0.023745013176056658,-0.0008147070953302577,0.00012395985927682302
2019-08-23 00:00:00+00:00,257.188232421875,-0.026023411131703138,-8.682032937898247,6.2097618041061695,0.028302751768163992,-0.026528628271165162,0.00012450651673608383
2019-08-26 00:00:00+00:00,260.0323791503906,0.010997919775260783,-8.811673172214265,6.209607681126129,0.02652584797843381,0.01064722145633807,0.00017647352849892454
2019-08-27 00:00:00+00:00,259.0120849609375,-0.00393143776364454,-8.767331793064791,6.209455656672406,0.027119996649638732,-0.0043423322713537355,0.00015515370351582865
2019-08-28 00:00:00+00:00,260.83599853515625,0.007017131028323333,-8.85408348172167,6.209305702171634,0.025968304869239286,0.006626391122576847,0.00016213911986784536
2019-08-29 00:00:00+00:00,264.1676330566406,0.012692023615058015,-9.013237348156968,6.209157789439496,0.023981467116919536,0.012262263051236438,0.00014875425795678516
2019-08-30 00:00:00+00:00,264.0502319335937,-0.00044451781267286164,-9.00741146540406,6.209011890675433,0.02405098693755941,-0.0009416375607552926,0.00012700532685488083
2019-09-03 00:00:00+00:00,262.5062866210937,-0.00586432674489541,-8.92952135208057,6.208867978457412,0.025005682530245845,-0.006359073508804509,0.00012774232049750925
2019-09-04 00:00:00+00:00,265.48590087890625,0.011286704460030236,-9.07551470002365,6.20872602573678,0.023244968085679718,0.010824352071804618,0.0001380164853156037
2019-09-05 00:00:00+00:00,268.8987731933594,0.012773265711228712,-9.250591543438738,6.208586005833177,0.021296287419978296,0.012251203652057886,0.00011938781124088595
2019-09-06 00:00:00+00:00,269.1063537597656,0.0007716676526208206,-9.258476612962284,6.208447892429517,0.02121212514649832,0.0001834814033751331,0.0001003331621842371
2019-09-09 00:00:00+00:00,269.2419128417969,0.0005036111131260848,-9.262232227094197,6.208311659567048,0.021171969700458683,-8.742006594227784e-05,9.955050128200266e-05
2019-09-10 00:00:00+00:00,269.1785888671875,-0.00023522126182181358,-9.254773602624356,6.20817728164047,0.02125071704031988,-0.0008276035534892735,9.917987369313763e-05
2019-09-11 00:00:00+00:00,271.09283447265625,0.007086266395420748,-9.357690503025733,6.208044733393122,0.020184512837644157,0.006496569873694043,9.991729361815357e-05
2019-09-12 00:00:00+00:00,272.03173828125,0.003457419498138232,-9.406956195980584,6.207913989912236,0.01969306276328251,0.002831527830586873,9.020897607497948e-05
2019-09-13 00:00:00+00:00,271.8511962890625,-0.0006639002158119926,-9.389800712985288,6.207785026624257,0.019862391133035902,-0.001306474403367564,8.590137111415765e-05
2019-09-16 00:00:00+00:00,271.01153564453125,-0.003093457202829886,-9.333916959684899,6.207657819290218,0.020424885330386937,-0.0037302683988013493,8.73775233310143e-05
2019-09-17 00:00:00+00:00,271.6976928710937,0.0025286380113608052,-9.368401847716575,6.207532344001186,0.020075414317970684,0.0019109437909991898,9.236425696492652e-05
2019-09-18 00:00:00+00:00,271.8603210449219,0.0005983838873394215,-9.372228658434889,6.2074085771737755,0.020036728650760994,-3.1169694076443725e-05,8.925440389425358e-05
2019-09-19 00:00:00+00:00,271.8421936035156,-6.66814698279387e-05,-9.365392412172302,6.207286495545708,0.02010502703098887,-0.0006975386171320532,8.891582130717648e-05
2019-09-20 00:00:00+00:00,270.55780029296875,-0.004735972439836626,-9.284403295641427,6.207166076171444,0.02093556506864384,-0.005364499144806426,8.952157341713898e-05
2019-09-23 00:00:00+00:00,270.4942321777344,-0.00023497967556502028,-9.276537347356221,6.207047296417862,0.021017754173077982,-0.0008352870464200485,9.701984023410812e-05
2019-09-24 00:00:00+00:00,268.3718566894531,-0.007877231492962523,-9.152499628454162,6.206930133960021,0.02236219324820492,-0.008474737151067464,9.778074827558772e-05
2019-09-25 00:00:00+00:00,269.9590759277344,0.005896833124112323,-9.234790821711416,6.206814566776946,0.021460449629715803,0.005344985593069098,0.00011059977896412808
2019-09-26 00:00:00+00:00,269.3968200683594,-0.0020849167209270885,-9.20026155683429,6.206700573147507,0.021833862104541052,-0.0026673684395447507,0.00010192008773336235
2019-09-27 00:00:00+00:00,267.94537353515625,-0.005402330509457296,-9.118214640758774,6.206588131646319,0.0227478690996036,-0.005972092869500659,0.00010547589442588167
2019-09-30 00:00:00+00:00,269.1882019042969,0.00462764066111429,-9.181776411272638,6.206477221139726,0.022035983393187752,0.004088917460456122,0.00011443063910624056
2019-10-01 00:00:00+00:00,265.9862060546875,-0.011966319803277206,-9.005441443587676,6.206367820781825,0.024066733513258408,-0.01252919900018908,0.0001074301969599428
2019-10-02 00:00:00+00:00,261.28759765625,-0.017822743101806027,-8.768571788415377,6.206259910010556,0.027092362823183405,-0.01831668588681625,0.00012799250119291023
2019-10-03 00:00:00+00:00,263.4283142089844,0.008159571232635873,-8.868868177530315,6.206153468543823,0.02576689101439472,0.007768261656004411,0.0001619395644605788
2019-10-04 00:00:00+00:00,266.99298095703125,0.013441090873608445,-9.038267124800964,6.206048476375688,0.02367400891555703,0.01300484624156883,0.00014658595379445484
2019-10-07 00:00:00+00:00,265.8410949707031,-0.0043236265576448146,-8.979523099526844,6.20594491377262,0.024379359287078333,-0.004830863625920909,0.00012388704690693633
2019-10-08 00:00:00+00:00,261.7139892578125,-0.01564647951702232,-8.77466777563998,6.205842761269773,0.027008502837121823,-0.016129771284442176,0.00013132996406999247
2019-10-09 00:00:00+00:00,264.1993103027344,0.009451518143248018,-8.890494112920607,6.205741999667333,0.02548846437806878,0.009057413081906862,0.00016096208864450277
2019-10-10 00:00:00+00:00,265.9862060546875,0.006740668926980878,-8.977180506722188,6.205642610026907,0.024407009164172492,0.006295025223162335,0.00014347112127190373
2019-10-11 00:00:00+00:00,268.7436828613281,0.010313623033526877,-9.113142580862075,6.205544573667974,0.022802656908816006,0.00983130071543568,0.0001316358707550751
2019-10-14 00:00:00+00:00,268.4443664550781,-0.0011143823382011148,-9.096037243788416,6.205447872164361,0.022998238846555323,-0.0016511449056890565,0.00011500852759429012
2019-10-15 00:00:00+00:00,271.1020202636719,0.009851517379357024,-9.231932926422973,6.20535248734078,0.021487210049186096,0.009321403504119884,0.00011697903890608263
2019-10-16 00:00:00+00:00,270.6665954589844,-0.0016074201635356922,-9.20460355803335,6.205258401269415,0.02178258506084675,-0.0021888298570506004,0.0001022097858145473
2019-10-17 00:00:00+00:00,271.4648742675781,0.0029449660464856936,-9.244905169076395,6.205165596266565,0.02134779368336971,0.0023735960339023826,0.0001050220258586344
2019-10-18 00:00:00+00:00,270.276611328125,-0.004386833486654863,-9.175561524742484,6.205074054889303,0.022100688756091016,-0.004972961169970466,0.00010090139969282634
2019-10-21 00:00:00+00:00,272.10894775390625,0.0067566083420747365,-9.270896334029413,6.204983759932201,0.02107168259397018,0.006196057560713076,0.00010809535312144664
2019-10-22 00:00:00+00:00,271.21990966796875,-0.003272562711274668,-9.217177287172545,6.204894694424099,0.021645086391967685,-0.0038680523904300306,9.833010018664881e-05
2019-10-23 00:00:00+00:00,272.00909423828125,0.0029055338350391174,-9.2569600912583,6.20480684162492,0.021218556142080968,0.002329527827890076,0.00010371868310343041
2019-10-24 00:00:00+00:00,272.4535522460937,0.0016326486652817273,-9.277753409436947,6.204720185022514,0.020998869383465804,0.001042163781761325,9.970055342707553e-05
2019-10-25 00:00:00+00:00,273.5692749023437,0.004086731006898761,-9.335828799495529,6.204634708329556,0.02039766059942548,0.003488791493334432,9.766272439347987e-05
2019-10-28 00:00:00+00:00,275.1112060546875,0.005620521469324125,-9.418784460236047,6.204550395480498,0.01956870973159678,0.005002164435843371,9.218904400795189e-05
2019-10-29 00:00:00+00:00,275.0295715332031,-0.0002967768447977583,-9.407355490585752,6.204467230628528,0.0196806503539341,-0.000943295968627237,8.489815220439235e-05
2019-10-30 00:00:00+00:00,275.8731994628906,0.0030627131811762835,-9.450718344699826,6.204385198142614,0.019258340823049218,0.0024200054435260477,8.58673122269182e-05
2019-10-31 00:00:00+00:00,275.1383361816406,-0.0026673260699715644,-9.399309697160128,6.204304282604545,0.019759580566992077,-0.003324380706933888,8.224779608653448e-05
2019-11-01 00:00:00+00:00,277.687255859375,0.009221489659208396,-9.542246030009636,6.204224468806049,0.01839649803981738,0.00858147807410336,8.65562121180257e-05
2019-11-04 00:00:00+00:00,278.802978515625,0.004009860667102028,-9.60310192672162,6.204145741745924,0.017844985302818434,0.0033235189446385034,7.510102154819885e-05
2019-11-05 00:00:00+00:00,278.4945678710937,-0.0011068079449303076,-9.573388979469302,6.20406808662723,0.018111902160238554,-0.0018118984758209197,7.069635311075739e-05
2019-11-06 00:00:00+00:00,278.5580749511719,0.000228011054867509,-9.568057579736227,6.203991488854499,0.018160073585335116,-0.0004679961281494821,7.281368791656159e-05
2019-11-07 00:00:00+00:00,279.5376281738281,0.0035103449929883156,-9.620553556826339,6.203915934030988,0.017689442493418986,0.0028159818657484924,7.32002574279289e-05
2019-11-08 00:00:00+00:00,280.22705078125,0.00246325994454212,-9.65480437758469,6.203841407955982,0.017388920772146703,0.0017528965348766025,6.948157267778512e-05
2019-11-11 00:00:00+00:00,279.6919250488281,-0.0019114404706741758,-9.608832761101265,6.203767896622126,0.01779308476577938,-0.0026320205998792865,6.715777707697893e-05
2019-11-12 00:00:00+00:00,280.28143310546875,0.002105486862308669,-9.636621056354683,6.203695386212784,0.01754741549949696,0.0013986597613602726,7.029511465700297e-05
2019-11-13 00:00:00+00:00,280.37225341796875,0.000323980080671703,-9.631992162788988,6.2036238630994465,0.017587917849396555,-0.0003911977652855808,6.838160381412043e-05
2019-11-14 00:00:00+00:00,280.78033447265625,0.0014544390792498782,-9.647963981729886,6.203553313839168,0.017447867804817344,0.0007406442895313296,6.869669639086534e-05
2019-11-15 00:00:00+00:00,282.8121337890625,0.00721020323402503,-9.769195951391254,6.2034837251720445,0.016421521628301086,0.006491649671878355,6.76155779703531e-05
2019-11-18 00:00:00+00:00,283.02069091796875,0.0007371687510661268,-9.770464501725153,6.203415084018713,0.016410968358381985,-1.6301030525598683e-05,5.994542718329993e-05
2019-11-19 00:00:00+00:00,282.9391174316406,-0.000288266006488589,-9.75177130867497,6.2033473774779,0.01656493392363109,-0.0010420901464674795,5.986995042509433e-05
2019-11-20 00:00:00+00:00,281.88702392578125,-0.003725375458415591,-9.667255842961048,6.203280592823998,0.017279786908305905,-0.004473955159998619,6.0991847716549395e-05
2019-11-21 00:00:00+00:00,281.43341064453125,-0.0016104985775669443,-9.626392751739692,6.20321471750467,0.017636325833483332,-0.0023347500113317012,6.633239080528114e-05
2019-11-22 00:00:00+00:00,282.0593566894531,0.0022216657911878187,-9.6562889804545,6.203149739138478,0.01737451549960417,0.0015095482907715669,6.907979394515365e-05
2019-11-25 00:00:00+00:00,284.2453308105469,0.007720172643924669,-9.787283757560605,6.20308564551259,0.01627286677695122,0.006999153587877939,6.705882851217868e-05
2019-11-26 00:00:00+00:00,284.8893737792969,0.0022632365886946612,-9.81826008013768,6.203022424580446,0.016022645125886737,0.001504735176986682,5.887816791348391e-05
2019-11-27 00:00:00+00:00,286.1591796875,0.004447285588527298,-9.892815587750526,6.202960064459523,0.01543623230565935,0.0036802715261221564,5.709437749465543e-05
2019-11-29 00:00:00+00:00,285.0979309082031,-0.003715489857294791,-9.800491960219771,6.202898553429075,0.016165375143462887,-0.004502463688578014,5.3019482857165454e-05
2019-12-02 00:00:00+00:00,282.6761779785156,-0.008530743400944226,-9.618389767341776,6.202837879927958,0.01770620477308172,-0.009292890598427275,5.8110849499053076e-05
2019-12-03 00:00:00+00:00,280.78033447265625,-0.006729359296715538,-9.48683114870339,6.202778032552439,0.01890992579785645,-0.0074390714125898375,6.96310496896455e-05
2019-12-04 00:00:00+00:00,282.5128173828125,0.00615128505396473,-9.582976819297148,6.2027190000540555,0.018022243488370962,0.005482515780490185,7.935016188871652e-05
2019-12-05 00:00:00+00:00,283.02069091796875,0.0017960869311263235,-9.605277791041482,6.202660771337508,0.0178222732256169,0.0010971340544157794,7.212362178053174e-05
2019-12-06 00:00:00+00:00,285.60595703125,0.009093080445491042,-9.758278631886892,6.202603335458563,0.016509589269972556,0.008387329997358601,7.054374322123974e-05
2019-12-09 00:00:00+00:00,284.7079772949219,-0.0031490743057843392,-9.684546391476893,6.202546681622006,0.017129470795845998,-0.0038994851852360395,6.059893638240784e-05
2019-12-10 00:00:00+00:00,284.3905029296875,-0.0011157098786908528,-9.652321082775096,6.202490799179612,0.01740758598729989,-0.0018450219149230747,6.520302706880261e-05
2019-12-11 00:00:00+00:00,285.1977844238281,0.002834615994078437,-9.693495961773225,6.202435677628138,0.01705275471939732,0.0021147707813914626,6.732361478512325e-05
2019-12-12 00:00:00+00:00,287.6557922363281,0.008581679499521308,-9.842560426835602,6.202381306607352,0.015827876627030918,0.007849765116701215,6.462604236503176e-05
2019-12-13 00:00:00+00:00,287.8282470703125,0.0005993383912241606,-9.840131500094985,6.202327675898091,0.015847004444469806,-0.00017426263364405368,5.573293697300003e-05
2019-12-16 00:00:00+00:00,289.8055725097656,0.006846320613066541,-9.96352550417958,6.202274775420329,0.014898743399931292,0.006073374414460851,5.5867545728730156e-05
2019-12-17 00:00:00+00:00,289.8691101074219,0.00021921812290926239,-9.951237773258258,6.202222595231292,0.014990463267748295,-0.0005860152284253837,4.9423823788383955e-05
2019-12-18 00:00:00+00:00,289.88720703125,6.242941490765238e-05,-9.935840671571087,6.202171125523587,0.015106216289192741,-0.0007396767101046969,5.003067716997007e-05
2019-12-19 00:00:00+00:00,291.075439453125,0.004090569629329277,-10.005810443545952,6.202120356623354,0.014586772162802315,0.0032924090973789856,5.0801621849645335e-05
2019-12-20 00:00:00+00:00,292.35174560546875,0.004375209866797792,-10.083596568556015,6.2020702789884545,0.014030250935294383,0.00355935965861657,4.7391196914141345e-05
2019-12-23 00:00:00+00:00,292.7982482910156,0.0015261139087886192,-10.098743251768186,6.202020883206677,0.013924310418845991,0.0006913060762327166,4.38678518275744e-05
2019-12-24 00:00:00+00:00,292.807373046875,3.116348452828335e-05,-10.079595224002848,6.201972159993959,0.014058176544653083,-0.0008072513985044144,4.32128772548512e-05
2019-12-26 00:00:00+00:00,294.3659973144531,0.005308918990610145,-10.18054840343485,6.20192410019266,0.013366099185443098,0.004475068582349082,4.404252997436307e-05
2019-12-27 00:00:00+00:00,294.2930908203125,-0.00024770362331247525,-10.152972336516047,6.201876694769817,0.013551587478799693,-0.0011051375934239523,3.9840828125851535e-05
2019-12-30 00:00:00+00:00,292.670654296875,-0.0055282482740844465,-10.001892470308956,6.201829934815463,0.014614844893529,-0.00637935714643807,4.094705560418133e-05
2019-12-31 00:00:00+00:00,293.381591796875,0.0024261927276204463,-10.037047484467397,6.201783811540953,0.014360114156293017,0.0016113168955342282,4.757596519096844e-05
2020-01-02 00:00:00+00:00,296.125244140625,0.009308364167883953,-10.225203633328974,6.201738316277304,0.013070669517653113,0.008484812935383022,4.594352114022447e-05
2020-01-03 00:00:00+00:00,293.8829650878906,-0.007600876777571743,-10.017222390199167,6.201693440473572,0.014503003471491235,-0.008468371348390007,3.8112489693525825e-05
2020-01-06 00:00:00+00:00,295.004150390625,0.0038078152093301535,-10.082835378383686,6.201649175695237,0.014034853011349492,0.0029891376981994702,4.6857098095487125e-05
2020-01-07 00:00:00+00:00,294.1745910644531,-0.002815987122375,-9.999354220198027,6.201605513622629,0.014632994234243012,-0.0036506129671600666,4.390102803508815e-05
2020-01-08 00:00:00+00:00,295.742431640625,0.005315473896636228,-10.097461251376963,6.201562446049351,0.013932440349358768,0.004501230324563962,4.769605124441765e-05
2020-01-09 00:00:00+00:00,297.747802734375,0.006757916506814529,-10.232253355305746,6.201519964880746,0.013024322838734743,0.005919805871103215,4.326793277614391e-05
2020-01-10 00:00:00+00:00,296.8909606933594,-0.0028818929633997363,-10.13890976885714,6.201478062132378,0.013646528300472471,-0.003750955510367166,3.7846574682823345e-05
2020-01-13 00:00:00+00:00,298.9327697753906,0.0068537621792600706,-10.27824666778388,6.20143672992852,0.012728092218458706,0.00600591232675871,4.1522955032336315e-05
2020-01-14 00:00:00+00:00,298.4769897460937,-0.0015258542749355918,-10.216157581522394,6.201395960500682,0.013129360518513726,-0.00240501287524959,3.6156667086241536e-05
2020-01-15 00:00:00+00:00,299.151611328125,0.00225766259301,-10.248477896380326,6.201355746186157,0.012918828218324071,0.001392188073100813,3.845644481810238e-05
2020-01-16 00:00:00+00:00,301.6399841308594,0.008283694548284377,-10.429564321709359,6.201316079426556,0.011800449548256136,0.0074110441773390726,3.724161326281004e-05
2020-01-17 00:00:00+00:00,302.5788269042969,0.003107627607257099,-10.485915926430117,6.201276952766421,0.011472546665360907,0.0021968343699402316,3.111149613147463e-05
2020-01-21 00:00:00+00:00,301.9863586425781,-0.0019599820351817324,-10.402634197063067,6.201238358851801,0.011960301716149382,-0.0028819618740644455,2.941811823588412e-05
2020-01-22 00:00:00+00:00,302.0227966308594,0.00012065376164364754,-10.379000553972169,6.20120029042887,0.01210241522794775,-0.0007846819003187676,3.1954836881710476e-05
2020-01-23 00:00:00+00:00,302.36920166015625,0.0011462926981407715,-10.382888389737781,6.201162740342579,0.012078855282765665,0.00024580705802021777,3.271375897590649e-05
2020-01-24 00:00:00+00:00,299.6802062988281,-0.008932865664175846,-10.121005625712167,6.201125701535296,0.013768634993546169,-0.009834153070481792,3.258768565540044e-05
2020-01-27 00:00:00+00:00,294.8765563964844,-0.016159111221889184,-9.726577480428594,6.201089167045484,0.016770186295835612,-0.01700277869426397,4.226791308561e-05
2020-01-28 00:00:00+00:00,297.966552734375,0.010424425189024759,-9.91273996332652,6.201053130006397,0.015279574531745955,0.009682991164033821,6.253722209904016e-05
2020-01-29 00:00:00+00:00,297.7204284667969,-0.0008263544087788481,-9.879557447852948,6.201017583644787,0.015535127545456285,-0.0016185383815440746,5.1980631641697985e-05
2020-01-30 00:00:00+00:00,298.6866149902344,0.0032400266873804104,-9.930831880003387,6.200982521279629,0.015141845771327902,0.0024565484787238967,5.3722237220062466e-05
2020-01-31 00:00:00+00:00,293.26318359375,-0.018324469973840612,-9.528548574760071,6.2009479363208655,0.01851533825874673,-0.019121340458195277,5.105496795189026e-05
2020-02-03 00:00:00+00:00,295.441650390625,0.007400913376729992,-9.647674667856228,6.2009138222681655,0.01744463537188888,0.006718870327551063,7.612966805672931e-05
2020-02-04 00:00:00+00:00,299.9445495605469,0.015126266032749048,-9.913762082162984,6.200880172709712,0.015271437589418603,0.01440779833588542,6.763500925204805e-05
2020-02-05 00:00:00+00:00,303.4083251953125,0.0114818834321397,-10.13761753724855,6.200846981320988,0.013654271226117058,0.010689433567098486,5.192789098223053e-05
2020-02-06 00:00:00+00:00,304.4292297363281,0.0033591392723511557,-10.195310490769183,6.200814241863592,0.013265966075261487,0.0025115900396649356,4.157627997010207e-05
2020-02-07 00:00:00+00:00,302.8067321777344,-0.005343891078649046,-10.044949253638498,6.200781948184061,0.014301699776420854,-0.006204675589190105,3.9260973140437116e-05
2020-02-10 00:00:00+00:00,305.0673217773437,0.007437724989783221,-10.192049338879103,6.200750094212718,0.013287508339916721,0.006612244551928177,4.55843771272917e-05
2020-02-11 00:00:00+00:00,305.5960388183594,0.001731615836957238,-10.211647272177586,6.20071867396253,0.013157888663723161,0.0008715693955208361,3.9388340637986774e-05
2020-02-12 00:00:00+00:00,307.5648803710937,0.006421962840841371,-10.344788166392304,6.200687681527991,0.01231043351389267,0.005557498901882901,3.8629096797874294e-05
2020-02-13 00:00:00+00:00,307.2367553710937,-0.0010674175606537593,-10.291714770624333,6.2006571110839905,0.01264143653972202,-0.0019607806298177544,3.3844429647002664e-05
2020-02-14 00:00:00+00:00,307.7289428710937,0.0016006993772129763,-10.30783854192247,6.200626956884741,0.012539885164556877,0.0007186277606784906,3.5676252155688475e-05
2020-02-18 00:00:00+00:00,306.9359436035156,-0.0025802668250465414,-10.217711819540217,6.200597213262681,0.013117851610001261,-0.003465800325571947,3.510949605065852e-05
2020-02-19 00:00:00+00:00,308.4034118652344,0.004769631685917547,-10.311051379135186,6.20056787462743,0.012519664569542609,0.003903809447126647,3.83971284519252e-05
2020-02-20 00:00:00+00:00,307.1365051269531,-0.004116413874293889,-10.18166371406371,6.200538935464718,0.013356334796403153,-0.005002633887217167,3.499764408118381e-05
2020-02-21 00:00:00+00:00,303.9734802246094,-0.010351829372854685,-9.912998342324238,6.200510390335363,0.015276564263831767,-0.011209517342853938,3.979672120757141e-05
2020-02-24 00:00:00+00:00,293.89208984375,-0.033727802882943,-9.19289510772092,6.20048223387423,0.021897402103084166,-0.03452005408273279,5.1967294398609256e-05
2020-02-25 00:00:00+00:00,284.98651123046875,-0.030770808482031755,-8.74084944293207,6.20045446078925,0.0274505818681875,-0.03133783542755566,0.000106250399169802
2020-02-26 00:00:00+00:00,283.9382019042969,-0.003685234578106116,-8.702055158692504,6.200427065860401,0.027988146545125818,-0.004063724007769264,0.00016646018850313544
2020-02-27 00:00:00+00:00,271.1860656738281,-0.04595144106710814,-8.18099769827694,6.200400043938736,0.03631774392989038,-0.046311691259281876,0.00017299893559127402
2020-02-28 00:00:00+00:00,270.0468139648437,-0.004209845463584011,-8.155554155676855,6.200373389945425,0.03678259880884928,-0.004287803655281601,0.00029026183810981657
2020-03-02 00:00:00+00:00,281.7414855957031,0.04239460372579617,-8.537431516896405,6.20034709887078,0.030389067070618492,0.04233238945252252,0.00029769013674270064
2020-03-03 00:00:00+00:00,273.6745300292969,-0.02905037901898797,-8.238169145454188,6.200321165773328,0.03529392497052988,-0.02932919998721703,0.00020372773929596384
2020-03-04 00:00:00+00:00,285.17791748046875,0.041173703622616006,-8.623392455523316,6.200295585778881,0.02911041457841144,0.04106108630545659,0.0002742396923081555
2020-03-05 00:00:00+00:00,275.6981811523437,-0.033806536543942986,-8.257240018114667,6.200270354079619,0.03495875941038615,-0.03412870696671477,0.00018705651247748024
2020-03-06 00:00:00+00:00,271.1404724121094,-0.016669685841630394,-8.115074624058376,6.200245465933181,0.037534054849431966,-0.016793647379373382,0.00026909431176217266
2020-03-09 00:00:00+00:00,249.9659118652344,-0.08131247894141932,-7.432466190086751,6.2002209166617765,0.05280203853168073,-0.0813492317276277,0.00030990200666859816
2020-03-10 00:00:00+00:00,262.9003601074219,0.0504505454591246,-7.760255946446455,6.200196701651313,0.04481988459279633,0.05093004477328297,0.0006104531042032017
2020-03-11 00:00:00+00:00,250.08444213867188,-0.04997647209947867,-7.418820664466464,6.200172816350519,0.05316320643931556,-0.04976671470775888,0.0004408263117554195
2020-03-12 00:00:00+00:00,226.1570587158203,-0.10056892140967169,-6.83095667055855,6.200149256270092,0.0713284738715077,-0.10007721302948959,0.0006187824668817103
2020-03-13 00:00:00+00:00,245.4903564453125,0.08202795720491696,-7.22825503555223,6.2001260169818595,0.058477584702324066,0.08313253950135152,0.001109430285786311
2020-03-16 00:00:00+00:00,218.62789916992188,-0.11588647100449564,-6.613043942811424,6.200103094117938,0.07953889874145521,-0.11521532296596781,0.0007477117953201105
2020-03-17 00:00:00+00:00,230.43209838867188,0.05258504086450222,-6.85503085278166,6.200080483369923,0.07047442746429751,0.053966276678071814,0.0013775006437822214
2020-03-18 00:00:00+00:00,218.76466369628903,-0.05195967801000784,-6.643835840434618,6.200058180488066,0.07832326077255007,-0.05088386320144795,0.0010832187177788669
2020-03-19 00:00:00+00:00,219.22952270507807,0.0021226728471118957,-6.681030756973523,6.200036181280484,0.07687989686504171,0.0034629769395599177,0.0013360121645510157
2020-03-20 00:00:00+00:00,209.7819976806641,-0.04405034464894414,-6.524366076449605,6.200014481612374,0.08314400055480001,-0.04275865641222784,0.0012875592258255512
2020-03-23 00:00:00+00:00,204.4182586669922,-0.025900702772958157,-6.453442707227884,6.1999930774052325,0.08614509795204454,-0.024398029603962958,0.001504322771488922
2020-03-24 00:00:00+00:00,222.939208984375,0.08673094638883456,-6.808594403623264,6.199971964636084,0.07212888388592502,0.08833466666576614,0.001614106708631307
2020-03-25 00:00:00+00:00,226.2766265869141,0.014859133382244698,-6.901862086663787,6.199951139336734,0.0688422825467206,0.015990747368745152,0.001134345838729086
2020-03-26 00:00:00+00:00,239.4888916015625,0.056748771925930724,-7.193426592947732,6.199930597593009,0.05950339127866234,0.05776960134209067,0.0010339904986708542
2020-03-27 00:00:00+00:00,232.35557556152344,-0.030238182519041243,-7.05284648756922,6.199910335544046,0.06383622550768127,-0.029532364310822443,0.0007740280572689361
2020-03-30 00:00:00+00:00,239.90147399902344,0.03195946241506416,-7.238519849552443,6.19989034938154,0.05817650900287615,0.032811479214872825,0.0008900057149637982
2020-03-31 00:00:00+00:00,236.32565307617188,-0.015017574275540275,-7.177969747221792,6.199870635349046,0.059964590806603685,-0.014356530521410286,0.000740127827624035
2020-04-01 00:00:00+00:00,225.68988037109372,-0.046048893592339116,-6.953923160059383,6.199851189741261,0.06707256531280388,-0.04532749562290183,0.0007860020323446361
2020-04-02 00:00:00+00:00,230.8977203369141,0.02281299718475756,-7.08893024015239,6.199832008903332,0.06269421383322486,0.02377418306165947,0.0009818862211291937
2020-04-03 00:00:00+00:00,227.56028747558597,-0.01455964018892088,-7.03822320874005,6.199813089230179,0.06430390181166343,-0.013746128350250096,0.0008586751087654846
2020-04-06 00:00:00+00:00,242.8446350097656,0.06500667358428787,-7.388392638958733,6.199794427165799,0.05397566316778328,0.06587449240874485,0.0009030259286732978
2020-04-07 00:00:00+00:00,243.0922088623047,0.0010189549406751084,-7.415409092243519,6.1997760192026155,0.053251327574788405,0.0015381879693274181,0.0006377675957261622
2020-04-08 00:00:00+00:00,251.2523956298828,0.03301716247074976,-7.635490783948835,6.199757861880802,0.047702300237635026,0.033511936237595,0.0006208826228878172
2020-04-09 00:00:00+00:00,255.0758056640625,0.015102783921176793,-7.755480419353471,6.199739951787648,0.044924466770784426,0.01541007260624965,0.0004989788958600574
2020-04-13 00:00:00+00:00,252.74693298339844,-0.0091720548533153,-7.706755479880013,6.199722285556907,0.04603227701807459,-0.008958674498674421,0.0004429220747338322
2020-04-14 00:00:00+00:00,260.201171875,0.029066346574385265,-7.9270756088038095,6.199704859868169,0.041230595173567836,0.029317187417374598,0.00046488308140572756
2020-04-15 00:00:00+00:00,254.67237854003903,-0.021477140746349314,-7.774681747049822,6.199687671446232,0.044494935085365436,-0.021388697221608785,0.0003735197490224027
2020-04-16 00:00:00+00:00,255.90103149414065,0.004812844937125183,-7.826076173209714,6.199670717060488,0.04336601335967094,0.005011710198953343,0.0004345555102886642
2020-04-17 00:00:00+00:00,262.81427001953125,0.02665681105222438,-8.039559506745052,6.199653993524322,0.038975462240640774,0.02681749927479336,0.0004129309375357597
2020-04-20 00:00:00+00:00,258.1839904785156,-0.017775112911659088,-7.906685762813374,6.199637497694503,0.04165273716860137,-0.017762977025037915,0.00033403821124167003
2020-04-21 00:00:00+00:00,250.34469604492188,-0.030833719754886704,-7.684089554517049,6.1996212264706,0.0465563382749232,-0.03073098185988661,0.00038116083901769144
2020-04-22 00:00:00+00:00,255.90103149414065,0.02195202161432132,-7.853291488161101,6.199605176794394,0.04277954988603663,0.022220599674886987,0.0004754667836417546
2020-04-23 00:00:00+00:00,255.8827209472656,-7.155579596081306e-05,-7.868485330190865,6.199589345649312,0.04245570436152955,6.930736859647549e-05,0.000401919153772599
2020-04-24 00:00:00+00:00,259.44927978515625,0.013842011670450764,-7.988740590670611,6.199573730059851,0.039978095831213055,0.013971922836572793,0.0003958997053839933
2020-04-27 00:00:00+00:00,263.1902160644531,0.014315795872185521,-8.117809007949983,6.199558327091022,0.037479554310103316,0.014361879326548446,0.00035133042010489907
2020-04-28 00:00:00+00:00,261.9798583984375,-0.00460940128871403,-8.090884504613074,6.1995431338478015,0.03798745290174637,-0.004647890158489746,0.00030906154612860725
2020-04-29 00:00:00+00:00,268.8382568359375,0.025842298596158466,-8.322055206312696,6.19952814747458,0.03384085140893798,0.025821007431928288,0.0003174375193818952
2020-04-30 00:00:00+00:00,266.33514404296875,-0.009354467325764879,-8.243360834933696,6.199513365154629,0.035198871842435,-0.00951619063940993,0.0002523178249305254
2020-05-01 00:00:00+00:00,259.2843322753906,-0.02683018817244231,-8.009842735749501,6.199498784109582,0.03955813092777659,-0.026945904392167635,0.00027282929045403814
2020-05-04 00:00:00+00:00,259.9994506835937,0.0027542506958179646,-8.046054028923848,6.199484401598888,0.03884828045571992,0.0027861336137626025,0.00034404386313246864
2020-05-05 00:00:00+00:00,262.40167236328125,0.009196912127412932,-8.135455181714065,6.199470214919326,0.03714991432574407,0.009204771017325041,0.0003318905464385418
2020-05-06 00:00:00+00:00,260.6229858398437,-0.006801566054542883,-8.089031133804491,6.199456221404472,0.03802225855755179,-0.006851202113515779,0.000303692236268518
2020-05-07 00:00:00+00:00,263.7678527832031,0.011994506446318554,-8.203153751070737,6.199442418424208,0.035913336104604364,0.011974407580815609,0.0003180223678657381
2020-05-08 00:00:00+00:00,268.1322326660156,0.016410893519534557,-8.361197496491721,6.199428803384232,0.03318457405870421,0.016319386735098723,0.0002839444746828482
2020-05-11 00:00:00+00:00,268.1871643066406,0.0002048467429190601,-8.372603292791009,6.199415373725567,0.032995809029730254,2.0900566093729747e-05,0.00024269720713799236
2020-05-12 00:00:00+00:00,262.84185791015625,-0.020132560437384994,-8.186275658995385,6.199402126924075,0.03621751042760953,-0.02032290134752944,0.00023996347523661313
2020-05-13 00:00:00+00:00,258.19317626953125,-0.017844500619653935,-8.039903426684532,6.199389060489987,0.03896747010492679,-0.017925699862475462,0.0002887442938944174
2020-05-14 00:00:00+00:00,261.2830505371094,0.011896254527866763,-8.151380427588354,6.1993761719674305,0.03685484491605767,0.01190816357841966,0.0003339241331196805
2020-05-15 00:00:00+00:00,262.4842224121094,0.004586670618211323,-8.203425738018362,6.199363458933978,0.03590809804496229,0.004527058003377963,0.00029892668781310896
2020-05-18 00:00:00+00:00,270.4793701171875,0.03000485450906131,-8.48291971661502,6.199350919000184,0.031224851042679615,0.029913182327022433,0.0002838677834259057
2020-05-19 00:00:00+00:00,267.7012023925781,-0.010324387554065633,-8.384764405687037,6.19933854980914,0.03279546995962194,-0.010574744206708942,0.00021506147238319387
2020-05-20 00:00:00+00:00,272.2490234375,0.016845732716644378,-8.558541970885408,6.19932634903602,0.03006615399734276,0.016648613378908914,0.0002370826201196408
2020-05-21 00:00:00+00:00,270.3693542480469,-0.006928171935765977,-8.491487328513932,6.199314314387663,0.03109123367421364,-0.007217810780756773,0.00019950080050676523
2020-05-22 00:00:00+00:00,270.88287353515625,0.0018975236122126128,-8.518731325051762,6.199302443602128,0.030670535005409942,0.0016426420352077867,0.00021323925991831186
2020-05-26 00:00:00+00:00,274.2203369140625,0.012245406077976927,-8.653975717468132,6.1992907344482715,0.02866505434011311,0.011976263050271116,0.00020754681662343364
2020-05-27 00:00:00+00:00,278.3004455566406,0.014769336969968783,-8.82442714348403,6.199279184725329,0.026323224367841715,0.014432184529403851,0.00018146021675815566
2020-05-28 00:00:00+00:00,277.7870178222656,-0.001846572397611924,-8.804947037352834,6.199267792262501,0.0265808288053217,-0.002263182293260205,0.00015320079031607648
2020-05-29 00:00:00+00:00,279.02471923828125,0.004445680190042527,-8.861745313949651,6.199256554918549,0.025836537993845745,0.0040378144496055375,0.0001561936287963054
2020-06-01 00:00:00+00:00,280.152587890625,0.004034034169443791,-8.91413459634003,6.199245470581382,0.025168511376644522,0.0036009074423396896,0.00014762660947807623
2020-06-02 00:00:00+00:00,282.4721069335937,0.008245397706996909,-9.02059487174377,6.199234537167675,0.023863787922618757,0.007789594191448853,0.00014014180195702215
2020-06-03 00:00:00+00:00,286.2314147949219,0.013220817086539695,-9.197799970537721,6.1992237526224665,0.021840330046703882,0.012720710283158592,0.000126080648182343
2020-06-04 00:00:00+00:00,285.47955322265625,-0.002630217182376344,-9.156464857549837,6.199213114918769,0.022296383480951153,-0.0031990665841973667,0.0001057340742452597
2020-06-05 00:00:00+00:00,292.7963256835937,0.025306824015952616,-9.517185125069243,6.199202622057208,0.01861677478062062,0.024753472956386448,0.00011016507790907332
2020-06-08 00:00:00+00:00,296.3354187011719,0.012014750944246004,-9.714936512821653,6.1991922720656225,0.0168640823676967,0.011336296344628051,7.6993720587758e-05
2020-06-09 00:00:00+00:00,294.1257629394531,-0.007484543084379366,-9.561301905140228,6.199182062998701,0.018210567988725033,-0.008222645086205226,6.32644384719332e-05
2020-06-10 00:00:00+00:00,292.48455810546875,-0.005595568496948786,-9.454067244760381,6.19917199293763,0.019213596043953483,-0.0062878420996607415,7.369304770127307e-05
2020-06-11 00:00:00+00:00,275.6230773925781,-0.059377601746152656,-8.459825125356462,6.199162059989713,0.031586757736848145,-0.060035751592153984,8.197469247258373e-05
2020-06-12 00:00:00+00:00,278.923828125,0.011904456341838773,-8.58872113136434,6.199152262288032,0.029615229705404658,0.011666393260585706,0.00022005130652568702
2020-06-15 00:00:00+00:00,281.5277709960937,0.009292369268934945,-8.69558390939318,6.199142597991082,0.02807434441176319,0.008987460986791766,0.00019360988861975636
2020-06-16 00:00:00+00:00,286.9465637207031,0.019064912956676942,-8.917884566621423,6.199133065282438,0.025121012035647046,0.018707739581077323,0.00017411438775664825
2020-06-17 00:00:00+00:00,285.754638671875,-0.004162473432245674,-8.86644086317109,6.199123662370401,0.025775522600894295,-0.004619877615328822,0.00013962083513227512
2020-06-18 00:00:00+00:00,285.8647155761719,0.0003851405829402725,-8.873571942563245,6.199114387487672,0.02568375282363017,-5.0042774578836e-05,0.00014693975963531872
2020-06-19 00:00:00+00:00,284.2309875488281,-0.0057314324266031875,-8.804400428511382,6.199105238891011,0.02658755421360202,-0.006169730008993419,0.0001459027551967465
2020-06-22 00:00:00+00:00,286.0543518066406,0.006394590024360468,-8.884655781938628,6.199096214860919,0.02554175119138867,0.005986970865723487,0.00015627844540097016
2020-06-23 00:00:00+00:00,287.37127685546875,0.00459319325231573,-8.944279375053025,6.19908731370131,0.02479151619337371,0.004150077067529596,0.00014430544761587162
2020-06-24 00:00:00+00:00,280.04083251953125,-0.025839604334647697,-8.611984095359762,6.199078533739185,0.029272486513545044,-0.026308191156640376,0.00013600830230721495
2020-06-25 00:00:00+00:00,283.0429992675781,0.01066340401230245,-8.734692537451743,6.199069873324329,0.027530452191322195,0.010346880802572674,0.00018918799500658911
2020-06-26 00:00:00+00:00,276.3202819824219,-0.02403819208611644,-8.45941942156455,6.199061330829001,0.03159276802883579,-0.024413810235928618,0.00016748118533377803
2020-06-29 00:00:00+00:00,280.38153076171875,0.01459065063206206,-8.615544886138869,6.199052904647612,0.029220322668631123,0.014352804775184264,0.00022013999017252422
2020-06-30 00:00:00+00:00,283.9730529785156,0.012728064258807912,-8.761041950226687,6.199044593196444,0.027170039520969858,0.012409774998654035,0.00018852011975520756
2020-07-01 00:00:00+00:00,285.9621887207031,0.006980245028452339,-8.847191842346325,6.199036394913339,0.02602451314634553,0.006592400171499237,0.0001631551529058822
2020-07-02 00:00:00+00:00,287.5370178222656,0.0054920147820820275,-8.917368211233411,6.199028308257405,0.025127169524812,0.005065292964000319,0.00014977590786807374
2020-07-06 00:00:00+00:00,291.97576904296875,0.015319206503951016,-9.114025973484003,6.199020331708742,0.022774006816608006,0.014862022549243398,0.0001396924549704422
2020-07-07 00:00:00+00:00,288.9644470214844,-0.01036715623760391,-8.966987610174439,6.199012463768134,0.02451139304891426,-0.010904260640700483,0.00011490766820454771
2020-07-08 00:00:00+00:00,291.1747131347656,0.007619815931658771,-9.06726469265163,6.1990047029567865,0.023312705689936375,0.007141724955196042,0.00013297522354777515
2020-07-09 00:00:00+00:00,289.5169982910156,-0.005709464469046944,-8.988205486331525,6.19899704781603,0.024252680971376905,-0.006228266525100393,0.00012037005165009196
2020-07-10 00:00:00+00:00,292.4731140136719,0.010158733224752229,-9.122697214405898,6.1989894969070685,0.02267539370697978,0.009671858192507323,0.0001302023646314787
2020-07-13 00:00:00+00:00,289.9405212402344,-0.008696941772022748,-8.998443307022873,6.198982048810685,0.024128805641253328,-0.009237393630704206,0.00011392233172806648
2020-07-14 00:00:00+00:00,293.697998046875,0.012876219088341431,-9.169485698157546,6.198974702126994,0.02215103600582219,0.012385138656930294,0.00012888518999156867
2020-07-15 00:00:00+00:00,296.3962097167969,0.009145083748519097,-9.299096145539549,6.198967455475166,0.020761039683700088,0.008586816240891046,0.00010874960716638561
2020-07-16 00:00:00+00:00,295.42010498046875,-0.0032986776376131097,-9.243800334078081,6.198960307493176,0.021343028457031718,-0.003904189121134502,9.561435994053683e-05
2020-07-17 00:00:00+00:00,296.2765808105469,0.0028949847069211767,-9.283555882763848,6.198953256837549,0.020922946904770236,0.0023092576678666247,0.00010101217830895213
2020-07-20 00:00:00+00:00,298.6708984375,0.008048880402629867,-9.402229320556327,6.198946302183088,0.019717546142688225,0.007448874339650876,9.710152882611245e-05
2020-07-21 00:00:00+00:00,299.3062744140625,0.002125085185593437,-9.430364890872147,6.198939442222652,0.019442089227805954,0.0014840939866046367,8.630559045955821e-05
2020-07-22 00:00:00+00:00,301.01007080078125,0.005676343731485466,-9.51683480917012,6.198932675666895,0.0186194076514836,0.005025984711739188,8.392730499191574e-05
2020-07-23 00:00:00+00:00,297.4183654785156,-0.012003936421333988,-9.302650808177425,6.198926001244028,0.020724065821526035,-0.012682280073063,7.702051311830222e-05
2020-07-24 00:00:00+00:00,295.5029296875,-0.006461034440638551,-9.198444756151243,6.198919417699575,0.02183245945300709,-0.007067799268680072,9.527740009391045e-05
2020-07-27 00:00:00+00:00,297.6578674316406,0.007265979934380192,-9.301981212783105,6.1989129237961444,0.020730971464091013,0.006696891285250178,0.00010566638583980768
2020-07-28 00:00:00+00:00,295.7699584960937,-0.006362746141373884,-9.199334608052174,6.198906518313187,0.021822712598401933,-0.006969275044733516,9.534078265707873e-05
2020-07-29 00:00:00+00:00,299.4076232910156,0.012223948625105367,-9.375527322084494,6.198900200046784,0.019982445096711956,0.011654529922755417,0.00010557304198799706
2020-07-30 00:00:00+00:00,298.3392944335937,-0.00357452280644306,-9.31255161784855,6.1988939678093935,0.020621644251673826,-0.004206501625207604,8.862499820834877e-05
2020-07-31 00:00:00+00:00,300.6968994140625,0.007871367965617382,-9.429767790963783,6.198887820429653,0.0194477690377039,0.007261123834663691,9.434511199662095e-05
2020-08-03 00:00:00+00:00,302.78741455078125,0.006928178414375548,-9.536780332450904,6.19888175675215,0.018434526238839524,0.006278016844474244,8.397709040194157e-05
2020-08-04 00:00:00+00:00,303.9568786621094,0.0038548877100665116,-9.59486261895494,6.1988757756372035,0.01790685215333962,0.0031702577827646596,7.550980542164363e-05
2020-08-05 00:00:00+00:00,305.8447265625,0.006191698793297144,-9.695492993930015,6.1988698759606455,0.017028144203017063,0.005489113631757286,7.12772364176682e-05
2020-08-06 00:00:00+00:00,307.88922119140625,0.0066625031876767936,-9.80871264919865,6.198864056613618,0.01609094934533015,0.005930009686570689,6.449799075908849e-05
2020-08-07 00:00:00+00:00,308.1101989746094,0.0007174610411893813,-9.80909751208064,6.198858316502356,0.01608784169541003,-4.694322325764829e-05,5.763833322640389e-05
2020-08-10 00:00:00+00:00,309.0311889648437,0.002984699104442628,-9.854432303693423,6.198852654547997,0.015727263090460353,0.002220189397906886,5.761630611898529e-05
2020-08-11 00:00:00+00:00,306.4801940917969,-0.008289073279732004,-9.671584684239994,6.198847069686361,0.01723287368728606,-0.009065863562026339,5.507966124741973e-05
2020-08-12 00:00:00+00:00,310.7532653808594,0.013846104713809683,-9.916819850850304,6.198841560867762,0.015244222040444238,0.01312058223322105,6.604782212494001e-05
2020-08-13 00:00:00+00:00,310.1915283203125,-0.0018092984094081796,-9.86295796822795,6.1988361270568,0.015660330745630596,-0.0026025429119447005,5.177043141371603e-05
2020-08-14 00:00:00+00:00,310.2007751464844,2.980960956765005e-05,-9.848643839720301,6.19883076723218,0.015772804219178625,-0.000749259432906267,5.461524741407602e-05
2020-08-17 00:00:00+00:00,311.1861267089844,0.0031714617268576036,-9.898141171198898,6.1988254803865095,0.015387228981124865,0.00239622410705375,5.539722182455721e-05
2020-08-18 00:00:00+00:00,311.8583374023437,0.0021578265851313013,-9.927226917397451,6.198820265526111,0.01516506388017405,0.0013694550841093275,5.273979238062098e-05
2020-08-19 00:00:00+00:00,310.5599060058594,-0.004172221151177344,-9.823272523613431,6.198815121670841,0.015974135889624153,-0.004968161165646362,5.1238089516795926e-05
2020-08-20 00:00:00+00:00,311.5268249511719,0.003108633172370218,-9.87121890631744,6.198810047853898,0.015595728798598205,0.002340253899729469,5.681085644836906e-05
2020-08-21 00:00:00+00:00,312.63189697265625,0.003541000509476531,-9.928541736660518,6.198805043121644,0.015155068660372799,0.0027597326474128525,5.4168989498937174e-05
2020-08-24 00:00:00+00:00,315.79986572265625,0.010082226181699195,-10.124411912173981,6.198800106533429,0.013741209852260731,0.009285946608800716,5.117122457281812e-05
2020-08-25 00:00:00+00:00,316.90509033203125,0.0034936528407435215,-10.18500261844326,6.198795237161407,0.01333114963163835,0.0026491867982005894,4.2125161613570475e-05
2020-08-26 00:00:00+00:00,320.0821533203125,0.009975362505686475,-10.401616951329762,6.198790434090371,0.01196272550481424,0.009116914976881219,3.9664970056138286e-05
2020-08-27 00:00:00+00:00,320.7820739746094,0.0021843033290798097,-10.43292249357322,6.1987856964175725,0.0117769265987609,0.001279175252917038,3.1987137059320535e-05
2020-08-28 00:00:00+00:00,322.8541564941406,0.006438698071783268,-10.579364378179845,6.198781023252547,0.010945415773685113,0.00552722938157545,3.1007904945039385e-05
2020-08-31 00:00:00+00:00,321.6845092773437,-0.003629412982824382,-10.442601112624182,6.1987764137169705,0.011720058485709516,-0.004569267389995375,2.6810689585840357e-05
2020-09-01 00:00:00+00:00,324.71435546875,0.009374609226673974,-10.669378354411469,6.19877186694447,0.010463704819219006,0.008461200096870281,3.071126939927501e-05
2020-09-02 00:00:00+00:00,329.4110412597656,0.014360446873722848,-11.072241254842554,6.198767382080461,0.008554697731326253,0.013404141649237146,2.4517854538719323e-05
2020-09-03 00:00:00+00:00,318.0746154785156,-0.035020341362807475,-9.726786090638482,6.19876295828201,0.016763562019153043,-0.03604189572488109,1.6432988086320078e-05
2020-09-04 00:00:00+00:00,315.4775085449219,-0.008198603974635663,-9.558496378872803,6.198758594717645,0.018235165750061486,-0.008940097535142882,6.25242666585421e-05
2020-09-08 00:00:00+00:00,306.8578186035156,-0.0277028824274572,-9.064397358535437,6.1987542905672255,0.023345421558768138,-0.028394286221114496,7.389866946267821e-05
2020-09-09 00:00:00+00:00,312.9173889160156,0.01955471380399264,-9.331577245613904,6.198750045021782,0.020426037025161194,0.019037047910614887,0.00012071332358887477
2020-09-10 00:00:00+00:00,307.4839782714844,-0.017516239821003917,-9.052511878251188,6.19874585728335,0.023484545629250477,-0.01813312203236453,9.257913619741524e-05
2020-09-11 00:00:00+00:00,307.6405639648437,0.0005091186775683531,-9.058941158055877,6.19874172656483,0.023409160398363674,-3.82038159987537e-06,0.00012214670167369038
2020-09-14 00:00:00+00:00,311.6925964355469,0.013085332894732234,-9.23710101123365,6.198737652089847,0.02141404424437762,0.012569833458857154,0.00012136923591190375
2020-09-15 00:00:00+00:00,313.2673645019531,0.005039591326686005,-9.3088324902959,6.198733633092595,0.02065961313023191,0.004456298363677332,0.00010168650953923202
2020-09-16 00:00:00+00:00,312.024169921875,-0.00397637309864416,-9.242644376050327,6.19872966881769,0.021354752182338132,-0.004585312274273596,9.469424092295307e-05
2020-09-17 00:00:00+00:00,309.27984619140625,-0.00883413435923622,-9.10685221614814,6.19872575852004,0.02285499951865919,-0.009419441980011094,0.00010112821308039618
2020-09-18 00:00:00+00:00,305.7192077636719,-0.011579459155575155,-8.943485575012515,6.198721901464695,0.024800225085524576,-0.012113783277343188,0.00011572928017697104
2020-09-21 00:00:00+00:00,302.3166198730469,-0.011192180640124755,-8.800289209561171,6.198718096926711,0.026640974792622216,-0.01166043328770579,0.00013611557045175362
2020-09-22 00:00:00+00:00,305.3955078125,0.010132805131092586,-8.92536177421637,6.198714344191017,0.025025959969817997,0.009727042739030738,0.00015691785574646513
2020-09-23 00:00:00+00:00,298.3131103515625,-0.02346404270542946,-8.626843302952647,6.1987106425522756,0.029054473304385875,-0.023924629636760054,0.0001385878332061371
2020-09-24 00:00:00+00:00,299.1082458496094,0.002661893349808891,-8.662005069162582,6.1987069913147534,0.028548120964023708,0.0023380210276482782,0.00018641651596426357
2020-09-25 00:00:00+00:00,303.94390869140625,0.016037639370593996,-8.847229237210774,6.198703389792192,0.02602294331510466,0.015696591105151318,0.00018001891657102475
2020-09-28 00:00:00+00:00,308.9922790527344,0.016473116202750878,-9.052453289608213,6.198699837307676,0.023485098504810637,0.01604637786799212,0.00014977034538264577
2020-09-29 00:00:00+00:00,307.3095092773437,-0.005460876437809479,-8.97758669086414,6.198696333193511,0.024380874066610714,-0.005973792127210052,0.00012215380940244145
2020-09-30 00:00:00+00:00,309.6395263671875,0.007553389447819046,-9.077353988263575,6.198692876791086,0.023194493339648736,0.007070898955262365,0.00013158277831994578
2020-10-01 00:00:00+00:00,311.6273498535156,0.006399279749124639,-9.16468457189843,6.198689467450765,0.022203483177636475,0.005876492711272307,0.0001191699217903806
2020-10-02 00:00:00+00:00,308.66864013671875,-0.009539742971230194,-9.025034331764717,6.198686104531755,0.023809243227069447,-0.010096201353926217,0.00010926939928672929
2020-10-05 00:00:00+00:00,314.142333984375,0.017577836656795187,-9.261090743708772,6.198682787401982,0.021158574891583053,0.017075932764753055,0.0001255259655985534
2020-10-06 00:00:00+00:00,309.676513671875,-0.014317927780644744,-9.040947035386347,6.198679515437987,0.023620540666794983,-0.014909899680932384,9.929237624469012e-05
2020-10-07 00:00:00+00:00,315.0668640136719,0.01725663464504424,-9.274278707540146,6.198676288024793,0.021019497539014338,0.016748321760586337,0.00012355774715753985
2020-10-08 00:00:00+00:00,317.8591613769531,0.008823512913954654,-9.40431985024218,6.1986731045558034,0.019696274219240913,0.008226813768158637,9.80003372655402e-05
2020-10-09 00:00:00+00:00,320.6976928710937,0.008890516708097526,-9.54217298218379,6.198669964432676,0.018384401002393833,0.008248824951002914,8.612658448748174e-05
2020-10-12 00:00:00+00:00,325.8569641113281,0.015959612056137943,-9.810553482909885,6.198666867065214,0.01607574952699412,0.015273293180815278,7.510647023593966e-05
2020-10-13 00:00:00+00:00,323.7303466796875,-0.006547618753878436,-9.66675862802518,6.1986638118712625,0.01727411160068477,-0.007312527175028727,5.753305172770264e-05
2020-10-14 00:00:00+00:00,321.6961975097656,-0.006303291747794099,-9.539213450044997,6.198660798276594,0.01841160465789953,-0.007027397012862428,6.636515504383463e-05
2020-10-15 00:00:00+00:00,321.2986755371094,-0.0012364702736082692,-9.509042867723146,6.198657825714792,0.018691447631462646,-0.001921862799853396,7.532755655032057e-05
2020-10-16 00:00:00+00:00,321.1045837402344,-0.0006042678021254858,-9.490536659143512,6.198654893627155,0.01886519728549494,-0.0012801386871701286,7.761886496896408e-05
2020-10-19 00:00:00+00:00,316.2225646972656,-0.01532059177793844,-9.22335540489571,6.1986520014625945,0.02156149482119913,-0.015990551241159418,7.9058674354978e-05
2020-10-20 00:00:00+00:00,317.48931884765625,0.0039978920089990475,-9.27936093491077,6.198649148677517,0.020966081287039102,0.0034196186839630747,0.00010308422275553788
2020-10-21 00:00:00+00:00,316.8883361816406,-0.0018947163130433352,-9.246291453321756,6.1986463347357335,0.021315624409605764,-0.0024932289428491097,9.750692595992948e-05
2020-10-22 00:00:00+00:00,318.62664794921875,0.005470574718817086,-9.324676292597786,6.198643559108363,0.020496365496486084,0.004883944640659796,0.00010076257281128654
2020-10-23 00:00:00+00:00,319.7084045410156,0.00338930980877846,-9.372554043019226,6.198640821273711,0.020011525050949778,0.0027748281087142594,9.321583547618263e-05
2020-10-26 00:00:00+00:00,313.8002014160156,-0.0186528623968744,-9.069008473564871,6.1986381207172,0.02329132112529434,-0.019283830269047526,8.888709175389819e-05
2020-10-27 00:00:00+00:00,312.7183837890625,-0.003453428925051515,-9.020829102536586,6.198635456931252,0.023859206505003706,-0.003972921152391528,0.00012016176694615524
2020-10-28 00:00:00+00:00,302.0299987792969,-0.0347767070868977,-8.55462748062457,6.198632829415204,0.030122447030577926,-0.03527690880568556,0.0001260513213650158
2020-10-29 00:00:00+00:00,305.0996398925781,0.010112065280952333,-8.668992217417552,6.198630237675208,0.028448287060295584,0.009824423828758276,0.00020027791923243763
2020-10-30 00:00:00+00:00,301.9190979003906,-0.010479317689350377,-8.556257018113014,6.198627681224139,0.030097894829167353,-0.01082374348759949,0.0001787740146847787
2020-11-02 00:00:00+00:00,305.3031616210937,0.011146161732505856,-8.681692814518556,6.198625159581504,0.028268186395338468,0.010857688327003874,0.00019995405046476829
2020-11-03 00:00:00+00:00,310.6935119628906,0.017501678709912493,-8.884988973742754,6.198622672273357,0.025535984802957174,0.017151143473246633,0.00017653315130839063
2020-11-04 00:00:00+00:00,317.63720703125,0.022102938931652213,-9.164030025812345,6.198620218832201,0.022210558711207657,0.021659678304860257,0.0001442577025817781
2020-11-05 00:00:00+00:00,323.8321228027344,0.01931536890038298,-9.43975637703654,6.198617798796906,0.019350230185828418,0.018759157493177483,0.00010934045565100969
2020-11-06 00:00:00+00:00,323.7581481933594,-0.0002284611520891764,-9.429035903834885,6.198615411712621,0.019454224677129362,-0.000881918072010152,8.314812678371067e-05
2020-11-09 00:00:00+00:00,327.8263244628906,0.01248718869966212,-9.627286396869515,6.19861305713069,0.01761831018525815,0.011837269231110302,8.403815448091361e-05
2020-11-10 00:00:00+00:00,327.3456115722656,-0.0014674406837303807,-9.590350898801223,6.198610734608557,0.01794669851734836,-0.002179826186134556,6.901851003875797e-05
2020-11-11 00:00:00+00:00,329.7772521972656,0.007400904330553556,-9.712325759042537,6.198608443709703,0.01688487844679237,0.0066996954209545415,7.159733917265251e-05
2020-11-12 00:00:00+00:00,326.57818603515625,-0.00974804597682553,-9.516149737749567,6.198606184003546,0.01862502642595423,-0.010485398048071977,6.342869088807787e-05
2020-11-13 00:00:00+00:00,331.09942626953125,0.013749324519014254,-9.743550634315365,6.198603955065368,0.016623302169893835,0.013071197890750879,7.707293505217455e-05
2020-11-16 00:00:00+00:00,335.23248291015625,0.012405558218866328,-9.969088328750392,6.198601756476237,0.014850541573304005,0.011659300312214124,6.14918550462349e-05
2020-11-17 00:00:00+00:00,333.429443359375,-0.005392991136367724,-9.836216987225987,6.1985995878229225,0.015870653846497846,-0.006199633963390834,4.915151880713178e-05
2020-11-18 00:00:00+00:00,329.4166259765625,-0.012107988846038545,-9.57849965513402,6.198597448697821,0.01805332958846659,-0.012879878048348586,5.608516875113568e-05
2020-11-19 00:00:00+00:00,330.80352783203125,0.0042013376523334445,-9.643343552679266,6.198595338698877,0.017477387804874726,0.0035037585595118245,7.244503926160044e-05
2020-11-20 00:00:00+00:00,328.53826904296875,-0.006871300174195614,-9.507213066693414,6.198593257429511,0.018708405274867276,-0.007588480966344907,6.792656977027652e-05
2020-11-23 00:00:00+00:00,330.5076904296875,0.005976600632107518,-9.601069091293496,6.198591204498545,0.017850734108341492,0.005301311821602249,7.776005006837264e-05
2020-11-24 00:00:00+00:00,335.8334045410156,0.01598528908827627,-9.877053897239858,6.198589179520126,0.015549865324785254,0.015280815740044806,7.083922959069325e-05
2020-11-25 00:00:00+00:00,335.3156433105469,-0.0015429101325261116,-9.83020525488847,6.198587182113651,0.01591840599246927,-0.002325725671385075,5.3855980980536974e-05
2020-11-27 00:00:00+00:00,336.2494506835937,0.0027809902069939984,-9.871662748884713,6.198585211903704,0.015591829951807459,0.0020107282979797848,5.642103615112067e-05
2020-11-30 00:00:00+00:00,334.76092529296875,-0.004436676050343702,-9.76581943049144,6.198583268519984,0.016439195818819738,-0.005218061795148169,5.4145116499096676e-05
2020-12-01 00:00:00+00:00,338.4223327636719,0.010877999509367239,-9.963927240446248,6.198581351597221,0.014888875564738458,0.010125474017764088,6.014678890946548e-05
2020-12-02 00:00:00+00:00,339.1342468261719,0.0021014166076356987,-9.991934933126661,6.198579460775127,0.014681823689723228,0.0012960813362442353,4.940410801708613e-05
2020-12-03 00:00:00+00:00,339.0418395996094,-0.00027251691406992554,-9.968442659836116,6.198577595698317,0.014855291749298168,-0.0010849078188456397,4.8048802592444746e-05
2020-12-04 00:00:00+00:00,341.9635314941406,0.008580577906264006,-10.135504685246534,6.198575756016245,0.013664823537900456,0.007774098475361157,4.91830477276633e-05
2020-12-07 00:00:00+00:00,341.2608947753906,-0.0020568262475543562,-10.066877778658105,6.198573941383141,0.014141844992422936,-0.0029038835386851073,4.166361600643565e-05
2020-12-08 00:00:00+00:00,342.25946044921875,0.002921833641385835,-10.113552897812012,6.198572151457934,0.013815627085826598,0.002091038870708766,4.460234009451741e-05
2020-12-09 00:00:00+00:00,339.18975830078125,-0.009009395939484584,-9.885572870824445,6.198570385904213,0.015483735366650295,-0.00985131147550881,4.25819331319578e-05
2020-12-10 00:00:00+00:00,339.0787353515625,-0.00032737168613700406,-9.863452068255972,6.198568644390127,0.015655938868279276,-0.0011124387652420174,5.340223969181924e-05
2020-12-11 00:00:00+00:00,338.68115234375,-0.0011732268628916764,-9.824621691195711,6.198566926588361,0.015962868384418107,-0.0019524276740828825,5.458845293885408e-05
2020-12-14 00:00:00+00:00,337.164794921875,-0.004487294693216222,-9.7208051207859,6.1985652321760485,0.016813352671747633,-0.0052560408507725895,5.673478366148742e-05
2020-12-15 00:00:00+00:00,341.7231750488281,0.013429163084800631,-9.963533099377111,6.198563560834718,0.01489177689549716,0.012689378889191617,6.289677308049464e-05
2020-12-16 00:00:00+00:00,342.25946044921875,0.0015681260969288154,-9.980123266793129,6.19856191225024,0.0147687562422169,0.0007628908185121858,4.942345097044209e-05
2020-12-17 00:00:00+00:00,344.1732788085937,0.0055761423045247675,-10.083159987918766,6.198560286112759,0.01402715818406266,0.0047667150061063476,4.86157811123562e-05
2020-12-18 00:00:00+00:00,342.799072265625,-0.004000767640205809,-9.972744739969912,6.198558682116635,0.014823336719090746,-0.004835471102085247,4.388687697467101e-05
2020-12-21 00:00:00+00:00,341.573486328125,-0.0035816376103171396,-9.87854274259509,6.198557099960397,0.015538231652352451,-0.004389204758833006,4.897335204603118e-05
2020-12-22 00:00:00+00:00,340.9977111816406,-0.0016870775829707124,-9.82868170995134,6.198555539346676,0.015930473805116356,-0.0024702873065550776,5.3776404357049236e-05
2020-12-23 00:00:00+00:00,341.3041687011719,0.0008983048388841995,-9.832432691869352,6.198553999982145,0.015900621285860717,0.00012845610470272597,5.650647354013507e-05
2020-12-24 00:00:00+00:00,342.6319885253906,0.0038828814018900325,-9.896010413965135,6.198552481577482,0.015403105303807906,0.003112015989708704,5.6296358325059556e-05
2020-12-28 00:00:00+00:00,345.57537841796875,0.008553839963969778,-10.057505851814653,6.198550983847296,0.01420822789539004,0.0077660272247752436,5.2851518579236816e-05
2020-12-29 00:00:00+00:00,344.9161376953125,-0.0019094830496202495,-9.995704902958503,6.198549506510088,0.014654119871366111,-0.0027380136324092657,4.5019432531691735e-05
2020-12-30 00:00:00+00:00,345.4082336425781,0.001425695082052484,-10.009063827076753,6.198548049288187,0.014556561753878983,0.0006123619265836796,4.786923387591577e-05
2020-12-31 00:00:00+00:00,347.16314697265625,0.005067830219772078,-10.102102871815477,6.198546611907701,0.013894904213318997,0.004251172354338957,4.723831556032516e-05
2021-01-04 00:00:00+00:00,342.4369201660156,-0.013707367598366053,-9.767810512138803,6.198545194098477,0.016422759910955598,-0.014546578875982805,4.306893045049748e-05
2021-01-05 00:00:00+00:00,344.7954406738281,0.006863849556092224,-9.888110895341626,6.198543795594028,0.015464047379519308,0.006110767039891238,6.002796736065133e-05
2021-01-06 00:00:00+00:00,346.856689453125,0.005960380346880264,-9.995592728927324,6.198542416131505,0.014654928811635399,0.005174644314686528,5.32677988984984e-05
2021-01-07 00:00:00+00:00,352.0101928710937,0.014748436253757718,-10.298748740701997,6.198541055451634,0.012593723319106433,0.01393513110914792,4.787456717603374e-05
2021-01-08 00:00:00+00:00,354.0158386230469,0.005681521806897291,-10.418037017436713,6.198539713298675,0.01186454136181246,0.00479793653979233,3.542788928080451e-05
2021-01-11 00:00:00+00:00,351.6294860839844,-0.006763629128712709,-10.209354926761593,6.1985383894203645,0.013169388906735005,-0.00767209520961068,3.1469724582227375e-05
2021-01-12 00:00:00+00:00,351.70379638671875,0.00021130893379557922,-10.19214741810148,6.198537083567877,0.01328318175554794,-0.0006526405135340552,3.8717143300432964e-05
2021-01-13 00:00:00+00:00,352.65087890625,0.0026892221306137856,-10.234710682651906,6.198535795495772,0.013003478675558169,0.0018291534742935723,3.9384504037532084e-05
2021-01-14 00:00:00+00:00,351.4159851074219,-0.003507891446843307,-10.125891386541952,6.198534524961956,0.013730592895503437,-0.004377499255667168,3.775432119991528e-05
2021-01-15 00:00:00+00:00,348.8531494140625,-0.007319606160974131,-9.935576667020596,6.198533271727629,0.015101341854933541,-0.008164418631110065,4.206330971681679e-05
2021-01-19 00:00:00+00:00,351.59234619140625,0.007821338728945864,-10.084309421239828,6.19853203555724,0.014019049352861574,0.007023246113048092,5.0814943835077766e-05
2021-01-20 00:00:00+00:00,356.4578857421875,0.0137437032529406,-10.377179847109636,6.198530816218448,0.012109396330209982,0.012908725051659922,4.3836805126776486e-05
2021-01-21 00:00:00+00:00,356.7828674316406,0.0009112819493185287,-10.374905679042772,6.198529613482079,0.012123171740260173,1.1172315708520898e-05,3.27729677713061e-05
2021-01-22 00:00:00+00:00,355.5201416015625,-0.003545477519574945,-10.255622173964776,6.198528427122071,0.012868214073998883,-0.004445117021567825,3.284707352061911e-05
2021-01-25 00:00:00+00:00,356.92218017578125,0.003935870571654398,-10.329661066798087,6.198527256915448,0.012400547845174848,0.003061649490105635,3.6978301669063946e-05
2021-01-26 00:00:00+00:00,356.3650207519531,-0.0015622305753383483,-10.264447132232307,6.1985261026422664,0.012811554713217389,-0.002452405593672358,3.4356739071967296e-05
2021-01-27 00:00:00+00:00,347.6552734375,-0.024744149499720643,-9.62575717504686,6.198524964085577,0.017631592335221432,-0.025620303121937523,3.665561515608016e-05
2021-01-28 00:00:00+00:00,350.645263671875,0.008563672368569317,-9.770458947007295,6.1985238410313865,0.01640098322221924,0.007851745548433766,6.912341328629043e-05
2021-01-29 00:00:00+00:00,343.6254577636719,-0.02022278896549366,-9.364015609805827,6.198522733268612,0.020096844561230034,-0.02097661155429747,5.987028071486842e-05
2021-02-01 00:00:00+00:00,349.3452453613281,0.016508396303207457,-9.620804727215718,6.198521640589048,0.017675298863185376,0.01588033990117865,8.96440686810489e-05
2021-02-02 00:00:00+00:00,354.2850952148437,0.014041267776442304,-9.86413285445199,6.198520562787322,0.01565051653862705,0.01333082881060582,6.946424234355925e-05
2021-02-03 00:00:00+00:00,354.5636901855469,0.000786049128631968,-9.865205590839668,6.19851949966086,0.015642122271496847,6.666815408696517e-06,5.4551556220444716e-05
2021-02-04 00:00:00+00:00,358.5935974121094,0.011301714758137156,-10.080661131807057,6.198518451009845,0.014044621617328338,0.010522046570899564,5.44934674941623e-05
2021-02-05 00:00:00+00:00,360.00494384765625,0.003928057654516864,-10.150322422791936,6.19851741663718,0.013563857855483297,0.00309395201456166,4.399593006521717e-05
2021-02-08 00:00:00+00:00,362.60491943359375,0.00719610107134438,-10.298357729255219,6.198516396348449,0.012596146878520965,0.0063456045812714575,4.105496246426878e-05
2021-02-09 00:00:00+00:00,362.3634338378906,-0.0006661962651050803,-10.257150330105866,6.198515389951889,0.012858364554588504,-0.0015496975285824817,3.544165003086937e-05
2021-02-10 00:00:00+00:00,362.20550537109375,-0.0004359239287022542,-10.222943146627028,6.198514397258345,0.01308017866482319,-0.0013104802613450202,3.692222164482122e-05
2021-02-11 00:00:00+00:00,362.79052734375,0.0016138628992005278,-10.239616562532918,6.198513418081238,0.012971584727924226,0.0007468722617983731,3.819815005442101e-05
2021-02-12 00:00:00+00:00,364.5826721191406,0.004927727343244511,-10.337605790317896,6.198512452236529,0.012351363234626473,0.004057032945915813,3.757081573078932e-05
2021-02-16 00:00:00+00:00,364.2669067382813,-0.0008664761832207044,-10.289980993473698,6.198511499542686,0.012649007071080357,-0.0017583285454369278,3.408671561771781e-05
2021-02-17 00:00:00+00:00,364.35052490234375,0.00022952556663727942,-10.271589635586116,6.198510559820646,0.012765858225839704,-0.0006521721428735976,3.5737737200446366e-05
2021-02-18 00:00:00+00:00,362.7998046875,-0.004265204876152733,-10.141441632880452,6.198509632893786,0.01362420740372588,-0.005142916416073623,3.6396510914221095e-05
2021-02-19 00:00:00+00:00,362.15911865234375,-0.0017675103549357337,-10.079307864679581,6.198508718587889,0.014054110797897893,-0.0026159486516319393,4.141867389946892e-05
2021-02-22 00:00:00+00:00,359.37359619140625,-0.007721164244340961,-9.884788521390517,6.198507816731113,0.015489687739455062,-0.008554945821269998,4.4055101342727034e-05
2021-02-23 00:00:00+00:00,359.8099670410156,0.00121351745359394,-9.894409270197556,6.198506927153945,0.015415353754253748,0.000428657277909084,5.344385577978922e-05
2021-02-24 00:00:00+00:00,363.7748107910156,0.010959001772218716,-10.10554988764397,6.198506049689191,0.013870906531831855,0.010171609300223622,5.2935630234765993e-05
2021-02-25 00:00:00+00:00,355.0093994140625,-0.024390758172186618,-9.525216695656548,6.1985051841719265,0.01854054729103565,-0.025230785181694658,4.292173743357864e-05
2021-02-26 00:00:00+00:00,353.1801147460937,-0.005166099468598995,-9.427776498953824,6.198504330439477,0.01946620861446067,-0.005847092445239253,7.638200739615293e-05
2021-03-01 00:00:00+00:00,361.7413330078125,0.023951239832267414,-9.814017190653828,6.198503488331384,0.016047605039140267,0.023301737168986387,8.414333529841804e-05
2021-03-02 00:00:00+00:00,358.91851806640625,-0.007834013158758247,-9.644361022322625,6.198502657689366,0.017468296336804415,-0.008599868951302618,5.733547540592795e-05
2021-03-03 00:00:00+00:00,354.1644592285156,-0.01333401420802754,-9.390070717272177,6.198501838357303,0.019836678036096293,-0.01405149756982288,6.785796335017007e-05
2021-03-04 00:00:00+00:00,349.7817077636719,-0.01245211154165798,-9.183471981334401,6.198501030181199,0.021995368689590466,-0.013089013820178397,8.73540953324737e-05
2021-03-05 00:00:00+00:00,356.21649169921875,0.018229400968098424,-9.445796486874613,6.198500233009159,0.0192915960772889,0.01766588777029631,0.00010724943813196085
2021-03-08 00:00:00+00:00,354.4429626464844,-0.004991230958206667,-9.35611067307674,6.19849944669135,0.020176375157194417,-0.005646672664104811,8.265082690808167e-05
2021-03-09 00:00:00+00:00,359.50347900390625,0.014176416642038288,-9.575083460871703,6.198498671079981,0.018083969492298287,0.013551066725026047,9.035062845619643e-05
2021-03-10 00:00:00+00:00,361.7413330078125,0.006205552256513572,-9.67524399536941,6.198497906029278,0.017200621545814903,0.005509023453322151,7.26912523840472e-05
2021-03-11 00:00:00+00:00,365.4090576171875,0.010088025149780631,-9.851152929113827,6.198497151395444,0.01575237201957907,0.00936143034075715,6.580821930613447e-05
2021-03-12 00:00:00+00:00,365.9012145996094,0.0013459596437217307,-9.863719944407972,6.198496407036642,0.015653700733994833,0.0005700484529482346,5.525934662966044e-05
2021-03-15 00:00:00+00:00,368.083251953125,0.005945749211914748,-9.96991732677726,6.198495672812973,0.014844190471960185,0.005166476975875452,5.457393181949855e-05
2021-03-16 00:00:00+00:00,367.6190185546875,-0.0012620144823847791,-9.925699675058963,6.198494948586434,0.015176031526552662,-0.002068867022886608,4.911106730127121e-05
2021-03-17 00:00:00+00:00,368.8724670410156,0.0034038402916010194,-9.981016258014003,6.198494234220907,0.014762038645562548,0.002608294973273505,5.131586689917241e-05
2021-03-18 00:00:00+00:00,363.5055541992188,-0.014656389891305638,-9.647163465257414,6.1984935295821275,0.017443816622146755,-0.015466041853627146,4.85726833311061e-05
2021-03-19 00:00:00+00:00,362.8329162597656,-0.0018521341195459758,-9.602553605830346,6.19849283453765,0.017837269854589655,-0.002570450066751687,6.766935696986037e-05
2021-03-22 00:00:00+00:00,365.7301635742188,0.007953360984039261,-9.734989221463406,6.1984921489568485,0.01669438085193658,0.007248436865743356,7.073486307270229e-05
2021-03-23 00:00:00+00:00,362.8515625,-0.007901971597097133,-9.57157334978573,6.198491472710856,0.01811571943033574,-0.008645801376045585,6.201694505826125e-05
2021-03-24 00:00:00+00:00,361.0070495605469,-0.005096345891238568,-9.47244612768062,6.1984908056725745,0.019036221629672147,-0.005791793673109642,7.294510594691048e-05
2021-03-25 00:00:00+00:00,363.0378723144531,0.005609674256713195,-9.559022786366539,6.198490147716636,0.018229755092038617,0.004945546183019492,8.049195486571792e-05
2021-03-26 00:00:00+00:00,368.8882446289063,0.01598657781740657,-9.82989721086199,6.198489498719375,0.015920663566988045,0.015295010727061412,7.386004448984925e-05
2021-03-29 00:00:00+00:00,368.701904296875,-0.0005052679628843519,-9.80551583678142,6.198488858558809,0.016115933933917782,-0.001275446357702775,5.643830022602263e-05
2021-03-30 00:00:00+00:00,367.7237548828125,-0.0026564799232445067,-9.739161698961079,6.198488227114621,0.0166595805256771,-0.0034200075676609617,5.782162425698564e-05
2021-03-31 00:00:00+00:00,369.2142333984375,0.004045063686933035,-9.80415228583073,6.198487604268126,0.01612692260029272,0.0033000492496753652,6.176048020440257e-05
2021-04-01 00:00:00+00:00,373.2013854980469,0.010741127561977055,-10.002857068454382,6.19848698990226,0.0146016950091499,0.009977974249877638,5.789998143494123e-05
2021-04-05 00:00:00+00:00,378.55804443359375,0.014251233525953092,-10.296165106718785,6.198486383901547,0.01260991644179666,0.013436117628239663,4.7530408827959856e-05
2021-04-06 00:00:00+00:00,378.3345336914063,-0.0005906009786435827,-10.256936271829243,6.198485786152095,0.012859693260856177,-0.0014736308839261962,3.551891342607392e-05
2021-04-07 00:00:00+00:00,378.7723083496094,0.0011564410270319325,-10.262172215276074,6.198485196541552,0.012826070032525585,0.0002819316397612301,3.693007199522338e-05
2021-04-08 00:00:00+00:00,380.5702819824219,0.004735614769468409,-10.35623590437983,6.198484614959098,0.012236801207371757,0.0038599585118862544,3.6738527615285086e-05
2021-04-09 00:00:00+00:00,383.3371276855469,0.0072439611588440145,-10.518979830544989,6.198484041295424,0.0112805033564332,0.006348201337121619,3.3461813421221205e-05
2021-04-12 00:00:00+00:00,383.4767761230469,0.00036423032589847607,-10.499529081097252,6.198483475442711,0.011390744878015743,-0.0005641689194755537,2.84677741570695e-05
2021-04-13 00:00:00+00:00,384.6133117675781,0.002959383259662005,-10.552970204930785,6.198482917294604,0.011090407452047514,0.002034747635964135,2.902305725530571e-05
2021-04-14 00:00:00+00:00,383.2998352050781,-0.0034209020866459716,-10.424240941637796,6.198482366746196,0.011827710241397858,-0.0043557916560247505,2.7522794163968696e-05
2021-04-15 00:00:00+00:00,387.41741943359375,0.010685172493648367,-10.684426974546145,6.198481823694013,0.010384891605495048,0.009775452296167546,3.127641865230121e-05
2021-04-16 00:00:00+00:00,388.71234130859375,0.0033368726263265703,-10.752579663776567,6.198481288035985,0.010036973334403175,0.0023778881720329524,2.4154139909458963e-05
2021-04-19 00:00:00+00:00,386.8025207519531,-0.004925307072440462,-10.560669721122284,6.198480759671435,0.01104779116464515,-0.005896177759824936,2.2573319867083127e-05
2021-04-20 00:00:00+00:00,383.9705810546875,-0.007348342680630596,-10.318263831254317,6.198480238501057,0.012471342261676397,-0.008284687285123904,2.7313132254597713e-05
2021-04-21 00:00:00+00:00,387.6037292480469,0.009417563537176836,-10.533882999574981,6.198479724426891,0.011196752095229386,0.00852980636588635,3.474784534117226e-05
2021-04-22 00:00:00+00:00,384.0636901855469,-0.009175102660619525,-10.243044887318812,6.198479217352318,0.012949313012256346,-0.01010636109656195,2.8049515387475995e-05
2021-04-23 00:00:00+00:00,388.2278747558594,0.010784074605665108,-10.485205002368172,6.1984787171820335,0.01147261185924392,0.009912622448807962,3.7443108215858346e-05
2021-04-26 00:00:00+00:00,389.0383605957031,0.0020854788146707558,-10.514177344593723,6.198478223822028,0.011307614910713876,0.0011636381635611315,2.9438896748641765e-05
2021-04-27 00:00:00+00:00,388.95452880859375,-0.0002155078499445481,-10.478508956731618,6.198477737179572,0.011511085386967603,-0.0011429812155617127,2.8603880628818806e-05
2021-04-28 00:00:00+00:00,388.8427734375,-0.00028736374255882124,-10.441854369058765,6.198477257163202,0.011723996819859677,-0.0012078909991984608,2.9635326767083305e-05
2021-04-29 00:00:00+00:00,391.3207702636719,0.006352527439632891,-10.586511313680028,6.198476783682699,0.010905957724048173,0.005439267690588933,3.0734054625199194e-05
2021-04-30 00:00:00+00:00,388.7495422363281,-0.006592321994541393,-10.362759515664687,6.198476316649068,0.012196939513639253,-0.0075335096074706795,2.6621058099037267e-05
2021-05-03 00:00:00+00:00,389.5880432128906,0.0021545954265032607,-10.393113547685257,6.19847585597453,0.012013223328516079,0.0012574758727943586,3.3245713589815436e-05
2021-05-04 00:00:00+00:00,387.18450927734375,-0.006188533821657944,-10.202507582370153,6.198475401572499,0.013214449804101155,-0.007091922529695014,3.225842242108968e-05
2021-05-05 00:00:00+00:00,387.3055725097656,0.0003126269432103836,-10.187879929143376,6.198474953357569,0.01331145155025948,-0.0005497822011176232,3.898133919570021e-05
2021-05-06 00:00:00+00:00,390.3985595703125,0.007954190393230476,-10.356400922581841,6.198474511245496,0.012235776148199356,0.007095089321883405,3.9551783060012335e-05
2021-05-07 00:00:00+00:00,393.2397766113281,0.007251379519557394,-10.519349388630689,6.198474075153189,0.011278405098102622,0.006355585248363856,3.345632978340047e-05
2021-05-10 00:00:00+00:00,389.3457946777344,-0.00995166334086818,-10.208845137220735,6.19847364499868,0.013172639535652392,-0.010880133742546047,2.845732744681132e-05
2021-05-11 00:00:00+00:00,385.8709411621094,-0.008964916848921492,-9.969749357675422,6.1984732207011195,0.014845395543114611,-0.009828751799988052,3.873675102517697e-05
2021-05-12 00:00:00+00:00,377.6729736328125,-0.02147429219411991,-9.491485980695453,6.198472802180766,0.01885581565094018,-0.022281102250077414,4.9119260774229896e-05
2021-05-13 00:00:00+00:00,382.20989990234375,0.011941261841405348,-9.685841412282397,6.198472389358949,0.01710966693325254,0.011270997813525582,7.898417008270355e-05
2021-05-14 00:00:00+00:00,388.0788879394531,0.015238704504299403,-9.958600905734604,6.198471982158082,0.01492837588848235,0.01450901518722436,6.511921852941329e-05
2021-05-17 00:00:00+00:00,387.0913391113281,-0.002547954830907734,-9.887308189821042,6.198471580501629,0.015470115515684656,-0.00335193716326507,4.9666145698554616e-05
2021-05-18 00:00:00+00:00,383.75628662109375,-0.008653002715617907,-9.693528058431674,6.198471184314097,0.01704403259102078,-0.009438527267982205,5.331028209186877e-05
2021-05-19 00:00:00+00:00,382.7501831054688,-0.002625167909622958,-9.63277851874723,6.198470793521026,0.017569683156012646,-0.003357091604677597,6.462398228787433e-05
2021-05-20 00:00:00+00:00,386.8677062988281,0.010700277466552787,-9.816703626453775,6.198470408048966,0.016025997810936565,0.009986247499164828,6.864306630607136e-05
2021-05-21 00:00:00+00:00,386.5510559082031,-0.0008188330146373131,-9.786409776075216,6.198470027825458,0.01627058936200424,-0.0015854224628708766,5.7182703438059533e-05
2021-05-24 00:00:00+00:00,390.49163818359375,0.010142598564258285,-9.971865811493304,6.198469652779044,0.014829687441513065,0.009384339237276074,5.892929700158707e-05
2021-05-25 00:00:00+00:00,389.6253051757813,-0.002221034605956472,-9.906964974532581,6.198469282839235,0.015318809494716257,-0.003028379719187171,4.9016120737224614e-05
2021-05-26 00:00:00+00:00,390.3985595703125,0.0019826435645788954,-9.932420528380973,6.198468917936494,0.015125069962616018,0.0011919644257088668,5.2279625162204467e-05
2021-05-27 00:00:00+00:00,390.60345458984375,0.000524697812597364,-9.92714482192541,6.19846855800224,0.015165019663394078,-0.00027258218623253856,5.097447715086376e-05
2021-05-28 00:00:00+00:00,391.30218505859375,0.0017872505819458257,-9.94849408660459,6.198468202968821,0.015003998932184914,0.000991331776383756,5.124226736700115e-05
2021-06-01 00:00:00+00:00,390.95745849609375,-0.000881361035701026,-9.913097285022037,6.198467852769512,0.01527190885153705,-0.0016827662828270626,5.0167193865419536e-05
2021-06-02 00:00:00+00:00,391.5722351074219,0.0015712547212853724,-9.929963899578688,6.198467507338488,0.01514365704836278,0.0007789777801113238,5.196218799024257e-05
2021-06-03 00:00:00+00:00,390.1189575195313,-0.003718295091416307,-9.835391062197065,6.198467166610825,0.015876946377342292,-0.0045149416952546505,5.109899891357491e-05
2021-06-04 00:00:00+00:00,393.6869812011719,0.009104417692162501,-10.003917644892963,6.1984668305224835,0.014593917179395005,0.008332751768643797,5.61311933295866e-05
2021-06-07 00:00:00+00:00,393.3049926757813,-0.000970755911287262,-9.96488662296042,6.198466499010296,0.01488152156483127,-0.0017861356286607674,4.7480369917646956e-05
2021-06-08 00:00:00+00:00,393.3888854980469,0.00021327945954856026,-9.952446492286342,6.19846617201195,0.01497437346418284,-0.0005922991239096672,4.935705678498703e-05
2021-06-09 00:00:00+00:00,392.8019104003906,-0.001493213122775383,-9.903904057968463,6.198465849465987,0.015342265658911034,-0.0022956277135614917,4.997065328293423e-05
2021-06-10 00:00:00+00:00,394.6279296875,0.004637930815792128,-9.98454648522982,6.198465531311788,0.014735952082558831,0.0038480510354198106,5.243879738452106e-05
2021-06-11 00:00:00+00:00,395.280029296875,0.001651077825198562,-10.002844180699315,6.198465217489549,0.014601749361519235,0.0008405386826438011,4.8402680301144846e-05
2021-06-14 00:00:00+00:00,396.16497802734375,0.0022362870220420765,-10.033858409673275,6.198464907940289,0.014377064411944902,0.0014211743310277038,4.753101720754149e-05
2021-06-15 00:00:00+00:00,395.4383850097656,-0.0018357507195037488,-9.974698292021003,6.198464602605827,0.014808690557952763,-0.002658521197428297,4.6089268252345696e-05
2021-06-16 00:00:00+00:00,393.2304992675781,-0.005599032887309144,-9.836951266429049,6.198464301428774,0.015864559885796076,-0.006407093196036485,4.887842573529244e-05
2021-06-17 00:00:00+00:00,393.1000671386719,-0.00033174884882981344,-9.815882114649835,6.198464004352523,0.016032569102795602,-0.001103836477713292,5.604428281575842e-05
2021-06-18 00:00:00+00:00,387.7970275878906,-0.013582125248363256,-9.53168641444179,6.198463711321242,0.018480572324535885,-0.01434849044863533,5.7229377833468347e-05
2021-06-21 00:00:00+00:00,393.3486633300781,0.014214324627813914,-9.768665532116565,6.1984634222798505,0.016415572725323988,0.013531294246734177,7.58927865421886e-05
2021-06-22 00:00:00+00:00,395.4515686035156,0.005331920986648117,-9.85923452713492,6.198463137174024,0.015688781574722283,0.004578599439214162,5.9977014503359436e-05
2021-06-23 00:00:00+00:00,394.9749755859375,-0.0012059136395098826,-9.819874603385822,6.1984628559501775,0.016000593803710036,-0.001983988658205124,5.481758878066196e-05
2021-06-24 00:00:00+00:00,397.3115234375,0.00589825682595874,-9.923393362678231,6.198462578555452,0.015193480478638416,0.00513080265414366,5.700290036599004e-05
2021-06-25 00:00:00+00:00,398.7228088378906,0.0035457939985828603,-9.981654529116714,6.198462304937711,0.014757269407131875,0.002750845284651173,5.143354355295514e-05
2021-06-28 00:00:00+00:00,399.5265502929688,0.0020137610321831626,-10.00779625777999,6.198462035045526,0.014565633796094213,0.001203948550962704,4.854190233564924e-05
2021-06-29 00:00:00+00:00,399.7416076660156,0.0005381357335337156,-10.001663374752866,6.198461768828174,0.014610366524887562,-0.00027820761110064127,4.7297821804303425e-05
2021-06-30 00:00:00+00:00,400.0780029296875,0.0008411778832401002,-10.002235841764662,6.198461506235614,0.014606184667474043,2.6359084511355917e-05,4.7586791407479455e-05
2021-07-01 00:00:00+00:00,402.2931518554688,0.005521520908058233,-10.104944741008262,6.198461247218494,0.013875026428401167,0.004706559605769425,4.7559743326314146e-05
2021-07-02 00:00:00+00:00,405.3680725097656,0.007614419061733069,-10.259819608321298,6.19846099172813,0.01284112740824264,0.0067745351583728625,4.294754169650453e-05
2021-07-06 00:00:00+00:00,404.6297607421875,-0.0018229974000904085,-10.191134672323054,6.198460739716503,0.01328978287719627,-0.0026981387163707996,3.6824468856438535e-05
2021-07-07 00:00:00+00:00,406.0596923828125,0.003527696377517248,-10.253786654943433,6.198460491136245,0.012879920044122195,0.002667857159598702,3.9424137980510814e-05
2021-07-08 00:00:00+00:00,402.7510681152344,-0.0081815002591886,-10.028145098585656,6.198460245940639,0.014418185048280416,-0.009055318323076253,3.704577385689186e-05
2021-07-09 00:00:00+00:00,407.0503845214844,0.010618298564948038,-10.244537327036063,6.1984600040835955,0.012939622505615658,0.009796929924825736,4.6351535131889556e-05
2021-07-12 00:00:00+00:00,408.5083923339844,0.0035754856845450524,-10.309425390775399,6.198459765519661,0.01252654577197899,0.0027037040579065714,3.738764948936989e-05
2021-07-13 00:00:00+00:00,407.1157836914063,-0.003414832558399655,-10.19799483980262,6.198459530203993,0.013244273897643226,-0.004300705270391325,3.5054206761802476e-05
2021-07-14 00:00:00+00:00,407.7233276367188,0.0014912000404695548,-10.211799146881173,6.198459298092364,0.013153174256260627,0.0006298088999704863,3.9156442338319926e-05
2021-07-15 00:00:00+00:00,406.330810546875,-0.003421193708774019,-10.10657274134363,6.198459069141148,0.013863732975549376,-0.004285691713651466,3.862327053238381e-05
2021-07-16 00:00:00+00:00,403.14361572265625,-0.007874767110899487,-9.905543261748436,6.198458843307315,0.015329682835355548,-0.008715035908907647,4.2878156827385075e-05
2021-07-19 00:00:00+00:00,397.1900329589844,-0.014878026419812704,-9.580284100937499,6.198458620548417,0.018036916171323164,-0.01566833442943445,5.2353496167409626e-05
2021-07-20 00:00:00+00:00,402.8819580078125,0.014228772270656734,-9.82262993747667,6.198458400822587,0.015978556591928286,0.013530645268060746,7.23167618294445e-05
2021-07-21 00:00:00+00:00,406.1437683105469,0.008063595187659534,-9.969478785756777,6.198458184088525,0.014847376145744058,0.007295390742652284,5.6847124506667976e-05
2021-07-22 00:00:00+00:00,406.9943237304688,0.002092032677989059,-9.997293482128459,6.1984579703054985,0.014642317339236061,0.0012852910654314403,4.913246205063419e-05
2021-07-23 00:00:00+00:00,411.1815185546875,0.010235529244630254,-10.202436985680466,6.198457759433324,0.013214887118147927,0.009421799574199474,4.779376883474136e-05
2021-07-26 00:00:00+00:00,412.1908874511719,0.0024517931248504168,-10.239375402305017,6.198457551432367,0.012973058341914995,0.0015893998884678622,3.898407244562316e-05
2021-07-27 00:00:00+00:00,410.312255859375,-0.004568091621121961,-10.104220908815014,6.1984573462635355,0.013880042164435367,-0.005438732666442771,3.7579815499482125e-05
2021-07-28 00:00:00+00:00,410.1439514160156,-0.0004102703940264471,-10.074821058918856,6.1984571438882705,0.014085584415399992,-0.0012499830677755843,4.2978427246938614e-05
2021-07-29 00:00:00+00:00,411.8450622558594,0.004139017043030841,-10.149123549298004,6.198456944268529,0.013571888376794732,0.003306311468024994,4.425185576456523e-05
2021-07-30 00:00:00+00:00,409.8449401855469,-0.004868322639203327,-10.013869287718478,6.1984567473667935,0.014521462515666276,-0.00571854181052425,4.110387505021721e-05
2021-08-02 00:00:00+00:00,408.9849853515625,-0.002100448758241814,-9.949725689390263,6.198456553146056,0.014994740457229401,-0.0029182972018383115,4.701340155349993e-05
2021-08-03 00:00:00+00:00,412.3123474121094,0.008102742167692502,-10.105313448768587,6.198456361569814,0.013872460277209519,0.007301022188108465,5.010586740298767e-05
2021-08-04 00:00:00+00:00,410.28424072265625,-0.004930997351828441,-9.972043223351564,6.198456172602058,0.014828347032539765,-0.005770968452971281,4.293181765791979e-05
2021-08-05 00:00:00+00:00,412.8825378417969,0.006312950949996208,-10.090607661229162,6.1984559862072715,0.013974838276677934,0.005505561011099741,4.900748486221368e-05
2021-08-06 00:00:00+00:00,413.5647583007813,0.0016509718578059595,-10.108570215821894,6.198455802350423,0.013849888005636099,0.0008144910217208529,4.3563452323423647e-05
2021-08-09 00:00:00+00:00,413.2283935546875,-0.0008136612256555749,-10.069774046364461,6.198455620996952,0.014121171674805127,-0.0016544018451184173,4.279317820965985e-05
2021-08-10 00:00:00+00:00,413.7423095703125,0.0012428882422069903,-10.078590616439428,6.198455442112775,0.014059058217437827,0.0004113958835039546,4.4474226592427515e-05
2021-08-11 00:00:00+00:00,414.7704162597656,0.0024818139422858603,-10.115422758081392,6.198455265664271,0.01380251480972347,0.0016482042110704449,4.408649510870517e-05
2021-08-12 00:00:00+00:00,416.0134887695313,0.0029925313427678728,-10.164281252191063,6.198455091618277,0.01346941472662231,0.0021501756432791316,4.250292817232022e-05
2021-08-13 00:00:00+00:00,416.7705078125,0.0018180446660585282,-10.185976711016558,6.198454919942079,0.013324091511347459,0.000964331396748216,4.0489725248037256e-05
2021-08-16 00:00:00+00:00,417.7519226074219,0.002352040428363029,-10.220419759308333,6.198454750603411,0.013096594612293951,0.001493371542930361,3.9626615202462e-05
2021-08-17 00:00:00+00:00,415.0134887695313,-0.006576746995169352,-10.037895167665049,6.198454583570448,0.014348056795606969,-0.007443174421767482,3.829400037959733e-05
2021-08-18 00:00:00+00:00,410.4710998535156,-0.011005498653159257,-9.774872442640008,6.19845441881179,0.016364688283438265,-0.011829257208942005,4.590485791523438e-05
2021-08-19 00:00:00+00:00,411.1066589355469,0.0015471675127807654,-9.791860454995643,6.198454256296473,0.016226274863442008,0.0007921137872554842,5.9608422900438724e-05
2021-08-20 00:00:00+00:00,414.3778076171875,0.007925444842711786,-9.934161225486264,6.19845409599395,0.015111883608414206,0.007165677442706175,5.861114848463889e-05
2021-08-23 00:00:00+00:00,418.0229187011719,0.00875812398638871,-10.102571878452522,6.198453937874095,0.013891485270764801,0.007960395649431363,5.08864283060353e-05
2021-08-24 00:00:00+00:00,418.6865234375,0.0015862253777699984,-10.119012987251818,6.198453781907187,0.0137777573842818,0.000746903028247145,4.304887349741909e-05
2021-08-25 00:00:00+00:00,419.5651550292969,0.002096343940945563,-10.147190008137086,6.198453628063911,0.013585009992359022,0.0012531442495566274,4.2351645218115855e-05
2021-08-26 00:00:00+00:00,417.08837890625,-0.005920690603162944,-9.987407378931755,6.198453476315357,0.014714865981838425,-0.006770462167262048,4.1182883997809225e-05
2021-08-27 00:00:00+00:00,420.8175354003906,0.008901192968267583,-10.1627607143626,6.198453326632994,0.013479656023714176,0.008089935995499176,4.826534653983876e-05
2021-08-30 00:00:00+00:00,422.6680603027344,0.0043878114357036625,-10.245193473248827,6.198453178988697,0.012935367024104038,0.00353444748955531,4.055091702319092e-05
2021-08-31 00:00:00+00:00,422.0418701171875,-0.0014826161684653118,-10.18555287157618,6.198453033354712,0.01332691230550729,-0.0023545425681530847,3.736329324534858e-05
2021-09-01 00:00:00+00:00,422.2661437988281,0.0005312603533757932,-10.17647003391737,6.1984528897036695,0.013387572794227703,-0.0003273122302742558,3.964329930238208e-05
2021-09-02 00:00:00+00:00,423.5653381347656,0.003071995747173074,-10.227993604650207,6.198452748008568,0.013047089344524431,0.0022154917801034163,4.0002531026274556e-05
2021-09-03 00:00:00+00:00,423.4625244140625,-0.000242763492805707,-10.199325029302177,6.198452608242775,0.013235456677349359,-0.0011108792563355675,3.800702950850942e-05
2021-09-07 00:00:00+00:00,421.9483337402344,-0.003582145363683947,-10.091018551102971,6.198452470380023,0.013971961371435426,-0.004443836811189539,3.91047468162174e-05
2021-09-08 00:00:00+00:00,421.4343566894531,-0.001218846723423295,-10.04352621429523,6.198452334394397,0.014307712301020214,-0.002055425426455866,4.3545678447515965e-05
2021-09-09 00:00:00+00:00,419.6304931640625,-0.004289482057361866,-9.929304488022307,6.198452200260343,0.015148621837617454,-0.0051146156209012725,4.564884790267043e-05
2021-09-10 00:00:00+00:00,416.3218994140625,-0.007915788161260293,-9.746423517242283,6.19845206795265,0.01659912575899863,-0.008712264616795126,5.1132474962338446e-05
2021-09-13 00:00:00+00:00,417.3873596191406,0.0025559528662511422,-9.78293197454161,6.198451937446445,0.016298870059260975,0.0018088824832270898,6.131665302167565e-05
2021-09-14 00:00:00+00:00,415.1349487304688,-0.005411065533961494,-9.66369612673324,6.198451808717203,0.017300124390932002,-0.006168360500778954,5.913319329630904e-05
2021-09-15 00:00:00+00:00,418.6024475097656,0.008318011852975602,-9.80610226115022,6.19845168174073,0.016111134368165463,0.007594807682493045,6.656731729222284e-05
2021-09-16 00:00:00+00:00,417.9388122558594,-0.0015866172418304329,-9.760902938660928,6.198451556493159,0.016479385797429053,-0.0023503057979697003,5.7787957688017316e-05
2021-09-17 00:00:00+00:00,413.8676452636719,-0.009788814366373782,-9.558500738108886,6.198451432950944,0.01823442587615948,-0.010539962059902697,6.0441198217216105e-05
2021-09-20 00:00:00+00:00,406.966796875,-0.016814623325404524,-9.255031350406957,6.198451311090872,0.021222162098788487,-0.017506028471514237,7.389834952226931e-05
2021-09-21 00:00:00+00:00,406.5823669433594,-0.0009450687858844732,-9.237016232377242,6.198451190890037,0.021414185187331625,-0.0015348582858341155,9.989171936021598e-05
2021-09-22 00:00:00+00:00,410.5484313964844,0.009707370241481212,-9.378410564355216,6.198451072325846,0.019952538549808232,0.009124108133229631,0.00010169507187402264
2021-09-23 00:00:00+00:00,415.5365905761719,0.012076770969361371,-9.565882809998731,6.1984509553760185,0.018167244928203374,0.011443813241975388,8.837157946089468e-05
2021-09-24 00:00:00+00:00,416.2211608886719,0.0016460813641217735,-9.585592734791025,6.1984508400185705,0.017989086466286264,0.00095239012642449,7.335853450443961e-05
2021-09-27 00:00:00+00:00,415.0303955078125,-0.0028649960080072085,-9.525175727955943,6.19845072623182,0.018540800864563146,-0.0035647501460611885,7.193648453704515e-05
2021-09-28 00:00:00+00:00,406.6667175292969,-0.020357785604894013,-9.166128578463931,6.19845061399438,0.02218679554172492,-0.021038765659368554,7.63851152781378e-05
2021-09-29 00:00:00+00:00,407.3511657714844,0.0016816544636871357,-9.188038099957472,6.198450503285156,0.021945070636105776,0.0011246515074826529,0.00010911280375439202
2021-09-30 00:00:00+00:00,402.3724060058594,-0.01229758570474388,-9.006234491407666,6.19845039408334,0.024033395265292603,-0.012862803595586258,0.00010676417100997349
2021-10-01 00:00:00+00:00,407.1542663574219,0.011814103556851066,-9.163682525850419,6.19845028636841,0.02221394626679922,0.011319837029210234,0.00012789173011408292
2021-10-04 00:00:00+00:00,401.9035339355469,-0.01298005195874771,-8.974607908960909,6.198450180120116,0.02441646249016832,-0.013536132213493835,0.00010937819840731501
2021-10-05 00:00:00+00:00,406.0853576660156,0.010351283572699805,-9.110930268646708,6.198450075318491,0.02280765907912917,0.009870027188365648,0.00013197263354540356
2021-10-06 00:00:00+00:00,407.7730407714844,0.004147368947263481,-9.167640755182017,6.198449971943835,0.02217002492476704,0.0036114631094000724,0.00011526150206197668
2021-10-07 00:00:00+00:00,411.2984619140625,0.008608388649213525,-9.289421639174801,6.198449869976721,0.020860359703954796,0.008050815829143071,0.00010894905605437905
2021-10-08 00:00:00+00:00,410.5484313964844,-0.0018252322468054738,-9.257102678515976,6.198449769397981,0.021200190360338364,-0.002427321353869272,9.653749038818695e-05
2021-10-11 00:00:00+00:00,407.57623291015625,-0.007265913599852377,-9.143756776629905,6.198449670188714,0.022436365435937584,-0.007856449865004427,9.968643551210581e-05
2021-10-12 00:00:00+00:00,406.5729370117188,-0.002464650074900648,-9.106679591352577,6.198449572330273,0.022856183189715027,-0.0030131720281406423,0.0001115643123956428
2021-10-13 00:00:00+00:00,408.03564453125,0.0035911948994357627,-9.155554992594132,6.198449475804266,0.022304399971906138,0.0030569378027234216,0.00011574912314741404
2021-10-14 00:00:00+00:00,414.8990478515625,0.016680697814292936,-9.392488777046948,6.198449380592549,0.019812579475927447,0.016127691494024803,0.00011026467350869982
2021-10-15 00:00:00+00:00,418.0588684082031,0.007587023671475949,-9.508687628753425,6.198449286677227,0.01869428057436358,0.006949306235105006,8.714456256647755e-05
2021-10-18 00:00:00+00:00,419.2965087890625,0.002956071736823153,-9.551000763016697,6.19844919404065,0.018302927994145426,0.0022803138148046517,7.764625468507457e-05
2021-10-19 00:00:00+00:00,422.5313415527344,0.007685297377925079,-9.676110713030145,6.1984491026654025,0.017193064234243063,0.006996223434013533,7.4450854333513e-05
2021-10-20 00:00:00+00:00,424.1908874511719,0.0039199349364491395,-9.737598552155575,6.198449012534314,0.016672524574396372,0.003193086428852276,6.575159617174472e-05
2021-10-21 00:00:00+00:00,425.2972717285156,0.0026048271325916418,-9.774998372511543,6.198448923630443,0.016363646674175936,0.0018602562196483635,6.185643586867546e-05
2021-10-22 00:00:00+00:00,424.8565979003906,-0.0010366920232556945,-9.741613231416512,6.198448835937083,0.016639090355550237,-0.0017917808371161325,5.960096816456791e-05
2021-10-25 00:00:00+00:00,427.1350708007813,0.00534859298714956,-9.831645326367585,6.198448749437749,0.015906673043912398,0.004602883649721263,6.161028960915335e-05
2021-10-26 00:00:00+00:00,427.5195007324219,0.0008996148160249105,-9.835390007811906,6.1984486641161824,0.01587691802718651,0.00012896265687093128,5.6340398550039345e-05
2021-10-27 00:00:00+00:00,425.62548828125,-0.004440078971699437,-9.731826621246249,6.198448579956347,0.01672070949810688,-0.0052117446101193985,5.6131252109212e-05
2021-10-28 00:00:00+00:00,429.7323303222656,0.009602703126005365,-9.902725922760299,6.198448496942423,0.015351272655043519,0.008859772915725102,6.221204625329487e-05
2021-10-29 00:00:00+00:00,430.6043090820313,0.0020270647986093005,-9.929103965753345,6.198448415058813,0.015150133563480182,0.0012374930122744832,5.250019125178747e-05
2021-11-01 00:00:00+00:00,431.344970703125,0.0017185739828530114,-9.949004150775691,6.198448334290123,0.01500013566478869,0.0009221492792309259,5.114265913368244e-05
2021-11-02 00:00:00+00:00,433.08892822265625,0.004034917852593484,-10.018085352848479,6.198448254621173,0.014490867658963907,0.0032333822367213846,5.014178661568684e-05
2021-11-03 00:00:00+00:00,435.7331237792969,0.006086870641681468,-10.133846793925581,6.19844817603699,0.013675937531551484,0.005267979982970109,4.681695560453148e-05
2021-11-04 00:00:00+00:00,437.7864685058594,0.004701322160804318,-10.222746276593128,6.198448098522802,0.013081357865668813,0.0038546512429578615,4.173227440052036e-05
2021-11-05 00:00:00+00:00,439.3053894042969,0.0034635423944917912,-10.284458916647026,6.198448022064041,0.012683879080713242,0.0025965956723817663,3.820561948390912e-05
2021-11-08 00:00:00+00:00,439.680419921875,0.0008533255858194999,-10.281842040602239,6.198447946646334,0.012700485892844964,-2.7179082803827168e-05,3.5934274044935675e-05
2021-11-09 00:00:00+00:00,438.2271423339844,-0.0033107788971201537,-10.174845097143287,6.198447872255511,0.01339844579044668,-0.004190717047932387,3.602778867105379e-05
2021-11-10 00:00:00+00:00,434.7016906738281,-0.008077338482889536,-9.96124793613388,6.198447798877587,0.014908585957900945,-0.008933471385635884,4.006714068576682e-05
2021-11-11 00:00:00+00:00,434.8423461914063,0.0003235155733159187,-9.951232624624808,6.198447726498771,0.01498343012946385,-0.0004811395769158411,4.953574747638223e-05
2021-11-12 00:00:00+00:00,438.1240234375,0.00751848597847134,-10.094486255898579,6.1984476551054595,0.013947748646857973,0.006716381167789185,5.0030933000571794e-05
2021-11-15 00:00:00+00:00,438.2740783691406,0.000342435550231437,-10.082541038112437,6.1984475846842315,0.014031302239408027,-0.0004949683059091607,4.339596439597076e-05
2021-11-16 00:00:00+00:00,440.0086975097656,0.003950029406618844,-10.152743856202438,6.198447515221858,0.013547327430680317,0.0031154739520884212,4.391386347869787e-05
2021-11-17 00:00:00+00:00,438.939697265625,-0.0024324540043219405,-10.074489179964084,6.1984474467052735,0.01408790488722266,-0.003283510107716315,4.0956348343773706e-05
2021-11-18 00:00:00+00:00,440.4305725097656,0.003390782526578519,-10.131857491115818,6.198447379121606,0.013689545725614875,0.002558156636285362,4.426644410216086e-05
2021-11-19 00:00:00+00:00,439.64306640625,-0.0017896373186931382,-10.0696165955727,6.1984473124581525,0.014122268746461128,-0.002635844207439341,4.1814806913448e-05
2021-11-22 00:00:00+00:00,438.4052734375,-0.002819420600279352,-9.986762374800188,6.198447246702386,0.014719600859644863,-0.0036508750615492705,4.448118180226481e-05
2021-11-23 00:00:00+00:00,438.9867248535156,0.001325408716441895,-9.997999945725946,6.198447181841944,0.01463712638149139,0.0005143134933908631,4.8296275125721176e-05
2021-11-24 00:00:00+00:00,440.15863037109375,0.002666012405651405,-10.038357578568148,6.198447117864636,0.014344726443427026,0.0018521064998742224,4.776024669405845e-05
2021-11-26 00:00:00+00:00,430.34173583984375,-0.02255555794534752,-9.518639369255828,6.198447054758437,0.018601486115291777,-0.023379429559128955,4.588378085587732e-05
2021-11-29 00:00:00+00:00,435.6205139160156,0.01219185585643284,-9.719553354615266,6.198446992511488,0.01682363050423277,0.01151294089218309,7.68825980682313e-05
2021-11-30 00:00:00+00:00,427.1444396972656,-0.019649261121621468,-9.334793175105274,6.198446931112087,0.020392446400951864,-0.020388686918761483,6.297501591775282e-05
2021-12-01 00:00:00+00:00,422.4000549316406,-0.011169359860890482,-9.15467229579878,6.198446870548699,0.022314238888945685,-0.011787357933285888,9.22839138055989e-05
2021-12-02 00:00:00+00:00,428.86962890625,0.015200114980508331,-9.370303874281849,6.198446810809934,0.02003356652908926,0.014647443254664754,0.00011036138127500333
2021-12-03 00:00:00+00:00,425.137939453125,-0.00873929773482752,-9.225209751452995,6.1984467518845685,0.02154096017794938,-0.00936949953275292,8.908595850598702e-05
2021-12-06 00:00:00+00:00,430.1729431152344,0.011773641436586836,-9.396610588011583,6.198446693761528,0.019771783028241556,0.011194688937904233,0.00010289454942253364
2021-12-07 00:00:00+00:00,439.0709838867188,0.020473773385991743,-9.721180451951385,6.198446636429883,0.016809948479776567,0.019834668690476953,8.678855209766246e-05
2021-12-08 00:00:00+00:00,440.2337036132813,0.002644635973793384,-9.759247803741172,6.198446579878862,0.016493018985604513,0.0019047443589374556,6.287333159789434e-05
2021-12-09 00:00:00+00:00,437.2614135742188,-0.00677451383687023,-9.61533976588131,6.198446524097836,0.017723495904997402,-0.007525196937905703,6.054063486969873e-05
2021-12-10 00:00:00+00:00,441.3775939941406,0.009369514662924829,-9.77394826708537,6.198446469076321,0.016372235683902867,0.008660721777100543,6.984229348295052e-05
2021-12-13 00:00:00+00:00,437.4676818847656,-0.00889789821517929,-9.58741918499165,6.198446414803974,0.017972655938370375,-0.009652694366885248,5.9663160337870884e-05
2021-12-14 00:00:00+00:00,434.4578857421875,-0.006903818878366363,-9.455188218257197,6.1984463612705945,0.019201088401637905,-0.007604131845852944,7.180611196515893e-05
2021-12-15 00:00:00+00:00,441.2463989257813,0.01550443292638526,-9.70584129258769,6.198446308466123,0.01693936869222753,0.01484591688898675,8.188347953627836e-05
2021-12-16 00:00:00+00:00,437.3551940917969,-0.008857781062457307,-9.52715164281404,6.198446256380632,0.01852248203900016,-0.009593266279905206,6.383850059244108e-05
2021-12-17 00:00:00+00:00,432.7004089355469,-0.010700073767953608,-9.334199166010203,6.198446205004334,0.020398502098344665,-0.01138167677260379,7.623536283081886e-05
2021-12-20 00:00:00+00:00,428.0994262695313,-0.010690119337698336,-9.161646136630669,6.198446154327571,0.022236564420583346,-0.011307911435375451,9.233837287790898e-05
2021-12-21 00:00:00+00:00,435.7020568847656,0.01760318101479119,-9.412467329293563,6.1984461043408166,0.01961564333775796,0.01704786978342624,0.00010959963726451787
2021-12-22 00:00:00+00:00,440.0585632324219,0.009949162324854051,-9.568000960959894,6.198446055034679,0.018148003513086684,0.009304747193247996,8.54324756524739e-05
2021-12-23 00:00:00+00:00,442.7966003417969,0.006202706855766021,-9.667856798880024,6.19844600639989,0.01726415920634389,0.005508361211554243,7.32043737403063e-05
2021-12-27 00:00:00+00:00,449.0630493164063,0.014052776357371663,-9.916508584596672,6.198445958427307,0.01524584080089677,0.013328348305832632,6.629281208966266e-05
2021-12-28 00:00:00+00:00,448.6960754394531,-0.000817533093840143,-9.883401036626147,6.1984459111079175,0.015500317375550686,-0.0016106967612243034,5.17864381938708e-05
2021-12-29 00:00:00+00:00,449.2700500488281,0.0012783882849307555,-9.894367325926948,6.198445864432824,0.015415559385579026,0.0004938943110707114,5.351755252330933e-05
2021-12-30 00:00:00+00:00,448.0279846191406,-0.002768458583441204,-9.821542867144384,6.198445818393256,0.015987218715268196,-0.0035558400414386535,5.293783545925879e-05
2021-12-31 00:00:00+00:00,446.8988952636719,-0.0025233121944048813,-9.757107770652294,6.198445772980557,0.016510674568571544,-0.0032912207544549686,5.690853232027668e-05
2022-01-03 00:00:00+00:00,449.4864196777344,0.005773257454992719,-9.85583688512464,6.198445728186194,0.01571542245935009,0.005023175622556705,6.066944561579547e-05
2022-01-04 00:00:00+00:00,449.3358459472656,-0.00033504673312168237,-9.83425962863857,6.198445684001748,0.01588588811453555,-0.0011122130994259437,5.5002879440550487e-05
2022-01-05 00:00:00+00:00,440.7077026367188,-0.019388744777740573,-9.430639695053337,6.198445640418913,0.01943821816218962,-0.020160104683261314,5.619430365073485e-05
2022-01-06 00:00:00+00:00,440.293701171875,-0.0009398429866926422,-9.40840806484682,6.1984455974295,0.01965549506386604,-0.0015902928594046261,8.390440209719e-05
2022-01-07 00:00:00+00:00,438.552978515625,-0.003961384784968317,-9.337633916589658,6.198445555025424,0.02036349862464537,-0.004604444445050348,8.577759483102882e-05
2022-01-10 00:00:00+00:00,438.0072326660156,-0.0012451989336579622,-9.312919907402193,6.198445513198723,0.020616691494518793,-0.0018641812034117659,9.202391686114416e-05
2022-01-11 00:00:00+00:00,441.9966735839844,0.009066933045071423,-9.448680838538191,6.198445471941528,0.019263662393254416,0.008456559820980373,9.431060935021384e-05
2022-01-12 00:00:00+00:00,443.1916809082031,0.0027000085216344165,-9.486336369677918,6.19844543124609,0.018904363587234994,0.0020436211131251666,8.24144001990925e-05
2022-01-13 00:00:00+00:00,437.0851440429688,-0.013874350998787865,-9.244199924543668,6.198445391104755,0.0213373912318981,-0.014542961186135305,7.938916406448793e-05
2022-01-14 00:00:00+00:00,437.2638854980469,0.0004088560781312964,-9.246720424622985,6.198445351509982,0.021310517615507125,-0.00017701588904485654,0.00010097209849411972
2022-01-18 00:00:00+00:00,429.5200805664063,-0.017868376134850976,-8.975109090689363,6.198445312454333,0.024410329861622476,-0.018455161603833106,0.00010071965298032648
2022-01-19 00:00:00+00:00,425.0601806640625,-0.010437733225054138,-8.839029327140128,6.198445273930461,0.02612901217718043,-0.010919197376544116,0.00013190695945636808
2022-01-20 00:00:00+00:00,420.3556823730469,-0.01112954477795267,-8.705470332543081,6.198445235931126,0.02793347435182815,-0.011552654001450646,0.00015099503933128683
2022-01-21 00:00:00+00:00,412.1038208007813,-0.019825905844687134,-8.4829267286508,6.198445198449187,0.031221206656824336,-0.020187775831976444,0.0001724131442430829
2022-01-24 00:00:00+00:00,413.8538513183594,0.004237585521498217,-8.534219720500246,6.1984451614776,0.030430672510669613,0.003987225157620034,0.00021505997467138896
2022-01-25 00:00:00+00:00,408.8010559082031,-0.012284273529359112,-8.411998374642716,6.198445125009414,0.03234830850607386,-0.012561438677163316,0.0002043786389666661
2022-01-26 00:00:00+00:00,407.7755126953125,-0.002511812833035769,-8.395866834246654,6.198445089037773,0.03261027745316829,-0.0027239643235592295,0.00023075597405391117
2022-01-27 00:00:00+00:00,405.7620239257813,-0.004949969215024808,-8.356184170671638,6.198445053555921,0.03326377028709861,-0.0051532412417973975,0.00023448276863287357
2022-01-28 00:00:00+00:00,415.8391723632813,0.024531740830564783,-8.602087280322923,6.198445018557189,0.02941536821409477,0.024350616886276488,0.00024390862891928106
2022-01-31 00:00:00+00:00,423.3289184570313,0.017850881274122835,-8.802623229886256,6.198444984034996,0.026608994215659643,0.017539283034926814,0.00019105673202483964
2022-02-01 00:00:00+00:00,426.1893615722656,0.006734296348271399,-8.886923018361985,6.1984449499828544,0.025510736137264706,0.006327479367969133,0.00015655452951107127
2022-02-02 00:00:00+00:00,430.3293762207031,0.009667148440245585,-9.010219713536507,6.198444916394364,0.02398553731341088,0.009223049857433122,0.00014398087364111687
2022-02-03 00:00:00+00:00,420.2144775390625,-0.023785664935157495,-8.693197518930695,6.198444883263211,0.02810541127670188,-0.02428155640480883,0.00012738653535355793
2022-02-04 00:00:00+00:00,422.1904296875,0.004691225692812556,-8.751522152367924,6.198444850583171,0.02729762792225335,0.004335189446787612,0.00017452754364941222
2022-02-07 00:00:00+00:00,420.83544921875,-0.0032145671193599006,-8.717864590225862,6.198444818348098,0.02776090084116573,-0.003598013028271462,0.0001647050620556155
2022-02-08 00:00:00+00:00,424.2981567382813,0.00819450764192419,-8.816897712467767,6.198444786551938,0.02641975487566555,0.007826782158998024,0.00017030381842367135
2022-02-09 00:00:00+00:00,430.5080871582031,0.014529701235168195,-8.995999318264008,6.198444755188707,0.024156686470204816,0.014116461096590713,0.00015435071932316926
2022-02-10 00:00:00+00:00,422.7737426757813,-0.018128960540650805,-8.756330544318722,6.1984447242525205,0.027232077474152905,-0.01861903899438852,0.0001291984121180189
2022-02-11 00:00:00+00:00,414.437255859375,-0.019915558611955878,-8.526187173134682,6.198444693737556,0.030553134392645932,-0.020301229001893486,0.00016392038084801362
2022-02-14 00:00:00+00:00,413.0823059082031,-0.003274729020626831,-8.499063028007885,6.198444663638081,0.030970320663424766,-0.0035477414616680194,0.0002060156262528804
2022-02-15 00:00:00+00:00,419.7439270019531,0.015997966702684514,-8.672154206103453,6.198444633948438,0.02840268705130222,0.015739100078733484,0.00021164087949219972
2022-02-16 00:00:00+00:00,420.2144775390625,0.0011204140200038926,-8.689965221593162,6.198444604663049,0.028150869543923745,0.0007744635886159058,0.00017821347549241208
2022-02-17 00:00:00+00:00,411.2380981445313,-0.021592880763046392,-8.449288229569909,6.1984445757764055,0.03175076235302174,-0.021947374649439758,0.0001750887151201024
2022-02-18 00:00:00+00:00,408.5753479003906,-0.006496013503032705,-8.39198081658231,6.1984445472830805,0.032673698894044055,-0.006728420639835692,0.00022236621631941582
2022-02-22 00:00:00+00:00,404.1906127929688,-0.010789766939790472,-8.295156421577643,6.198444519177717,0.03429441912098487,-0.010990889290072348,0.00023538949673025683
2022-02-23 00:00:00+00:00,397.0208740234375,-0.01789772182691136,-8.138114287042157,6.198444491455036,0.03709579782007192,-0.018043921121486603,0.0002591493494032828
2022-02-24 00:00:00+00:00,402.9955749511719,0.014936722907287746,-8.279569066459198,6.198444464109824,0.034562742784571034,0.014885415528947454,0.00030289126136276407
2022-02-25 00:00:00+00:00,411.8872985839844,0.021824183186081023,-8.492525115888027,6.198444437136942,0.031071726057135873,0.02168707513219171,0.00026319242205345505
2022-02-28 00:00:00+00:00,410.83349609375,-0.002561751382378731,-8.473781149190652,6.1984444105313194,0.03136429850310132,-0.002817179753496261,0.00021301958787881334
2022-03-01 00:00:00+00:00,404.5763244628906,-0.015347606308344813,-8.324909752436769,6.198444384287958,0.03378800814069578,-0.01559311522460097,0.0002170222850841346
2022-03-02 00:00:00+00:00,412.01904296875,0.018229161967603175,-8.507777318582686,6.198444358401924,0.03083567085502463,0.01806580335552061,0.00025160350536309874
2022-03-03 00:00:00+00:00,409.9678649902344,-0.004990790525282374,-8.463386489339785,6.198444332868354,0.031527733149022824,-0.005254222627102768,0.00020981708197653805
2022-03-04 00:00:00+00:00,406.6370544433594,-0.00815774908868143,-8.388539196887164,6.198444307682445,0.03272997154081167,-0.008397717139894845,0.00021927435216306668
2022-03-07 00:00:00+00:00,394.6497192382813,-0.029922444730725948,-8.104574623149416,6.198444282839465,0.03772313258736187,-0.030121659770709984,0.00023619546033382282
2022-03-08 00:00:00+00:00,391.6575622558594,-0.007610692398840843,-8.052546792537129,6.198444258334747,0.03871733432032099,-0.007640756695946333,0.00031315065865931643
2022-03-09 00:00:00+00:00,402.15826416015625,0.026457810747585585,-8.285173812856,6.198444234163681,0.034466019678892616,0.02646140756474037,0.000329757265766251
2022-03-10 00:00:00+00:00,400.34222412109375,-0.004525961455751314,-8.253485914490307,6.198444210321726,0.03501644639166671,-0.0046663465530337005,0.0002617314423128164
2022-03-11 00:00:00+00:00,395.2519226074219,-0.012796401267965602,-8.147124183343367,6.198444186804402,0.036929057624769834,-0.012918138178954592,0.0002700994913867743
2022-03-14 00:00:00+00:00,392.36328125,-0.007335191842965825,-8.09557757529241,6.198444163607288,0.03789321270639304,-0.0073921458045879355,0.0003001929758394722
2022-03-15 00:00:00+00:00,400.9914855957031,0.021752045636038907,-8.292567020793417,6.198444140726024,0.03433884724982192,0.02172774025821292,0.00031596138245055584
2022-03-16 00:00:00+00:00,409.8832092285156,0.02193206942637571,-8.507673632391148,6.198444118156313,0.03083726858703639,0.021787375515996434,0.0002598166645533853
2022-03-17 00:00:00+00:00,415.01116943359375,0.012433170587229328,-8.644319163873927,6.198444095893909,0.028800743680033908,0.012169792691275378,0.00020983868960751045
2022-03-18 00:00:00+00:00,419.5567932128906,0.01089346568328185,-8.77102041278871,6.1984440739346285,0.027032790222263146,0.010561019203833052,0.00018320889876471144
2022-03-21 00:00:00+00:00,419.43408203125,-0.00029252089894281905,-8.77131384197756,6.1984440522743425,0.027028824335156503,-0.0006849543774710567,0.00016154622258059384
2022-03-22 00:00:00+00:00,424.3419494628906,0.01163323582963077,-8.912840871925177,6.19844403090898,0.025182274316666933,0.011240667760777525,0.0001614991508823644
2022-03-23 00:00:00+00:00,418.877197265625,-0.012961823100953748,-8.749806745707867,6.198444009834528,0.02732104836104677,-0.013417073700828612,0.00014032198401288552
2022-03-24 00:00:00+00:00,425.1914367675781,0.014961715280797726,-8.929183555271784,6.198443989047022,0.024977339653758913,0.014579064247768106,0.00016498590729692865
2022-03-25 00:00:00+00:00,427.2679138183594,0.004871742344678378,-8.992988848674612,6.198443968542558,0.02419307295630308,0.004409533192133275,0.00013806279612650158
2022-03-28 00:00:00+00:00,430.30706787109375,0.007087815854738318,-9.087123760914107,6.198443948317282,0.023080748967957525,0.006598973295113295,0.00012958528105371544
2022-03-29 00:00:00+00:00,435.63031005859375,0.012294905798510303,-9.256406503000616,6.19844392836739,0.021207555687320426,0.011768278961730662,0.00011801920392520492
2022-03-30 00:00:00+00:00,432.9403381347656,-0.006194039666744368,-9.159262115223571,6.198443908689136,0.02226308019815797,-0.006784325029033738,9.975538451462336e-05
2022-03-31 00:00:00+00:00,426.27685546875,-0.01551090064601377,-8.934327600245176,6.198443889278819,0.024913179609327325,-0.016065310585259035,0.0001098594476714651
2022-04-01 00:00:00+00:00,427.4849548339844,0.0028300637414029714,-8.971995588999345,6.198443870132792,0.02444835584970732,0.002365675964871748,0.0001373592452048437
2022-04-04 00:00:00+00:00,431.1470336914063,0.00853008299584969,-9.084353419030023,6.198443851247453,0.02311274162303168,0.00804991039816852,0.00013231547772736687
2022-04-05 00:00:00+00:00,425.701171875,-0.012711551733362534,-8.907482489636584,6.198443832619257,0.02524983227793411,-0.013237091638480296,0.00011834437108332237
2022-04-06 00:00:00+00:00,421.44439697265625,-0.010049773937209591,-8.781867523556572,6.198443814244704,0.026886572380866308,-0.01050273066998995,0.00014107073698615768
2022-04-07 00:00:00+00:00,423.5680236816406,0.005026272106571097,-8.845306156776704,6.198443796120334,0.026047132232854757,0.004628876281328315,0.00015981522412691687
2022-04-08 00:00:00+00:00,422.4354248046875,-0.0026775294016316,-8.815073146106156,6.198443778242747,0.02644386483813496,-0.003103417946585169,0.0001500566715977245
2022-04-11 00:00:00+00:00,415.2150573730469,-0.017239997873484916,-8.609523794834772,6.198443760608577,0.029306192787956875,-0.01765241953875635,0.000154630672178185
2022-04-12 00:00:00+00:00,413.676513671875,-0.0037122960875073273,-8.575014270328058,6.198443743214513,0.02981625193263739,-0.004027597232990622,0.00018965083988958288
2022-04-13 00:00:00+00:00,418.4146423339844,0.011388607700551992,-8.703905664716144,6.1984437260572856,0.027955330930526413,0.011090606179259357,0.00019626356524892236
2022-04-14 00:00:00+00:00,413.2047119140625,-0.012529767505403836,-8.565125567350435,6.198443709133668,0.02996403888919192,-0.012890895721716911,0.0001726812789533938
2022-04-18 00:00:00+00:00,413.3745727539063,0.00041099709461770595,-8.57619791703835,6.198443692440484,0.02979861100987029,0.00011800767294302422,0.00019820059559343576
2022-04-19 00:00:00+00:00,420.0475158691406,0.01601370015441206,-8.75486217282479,6.19844367597459,0.027252074647558223,0.015715100348174665,0.0001960329810404807
2022-04-20 00:00:00+00:00,419.7360534667969,-0.0007417683031619555,-8.750141012074556,6.198443659732896,0.02731648129338377,-0.001126759951395162,0.00016415960699154127
2022-04-21 00:00:00+00:00,413.4595031738281,-0.015066496631069395,-8.577633348541916,6.198443643712346,0.029777231569026986,-0.015449302607764986,0.00016493114388856095
2022-04-22 00:00:00+00:00,402.1145629882813,-0.02782254238876942,-8.284847766555263,6.198443627909932,0.03447163628370018,-0.028121867275189005,0.0001957537105095232
2022-04-25 00:00:00+00:00,404.44580078125,0.005780706291838459,-8.349038508202133,6.1984436123226825,0.033382822671644316,0.005640511581056398,0.0002618162096460945
2022-04-26 00:00:00+00:00,392.7326965332031,-0.02938851790758527,-8.076413241062035,6.198443596947665,0.03825805430111444,-0.02956560706494952,0.0002456457682863339
2022-04-27 00:00:00+00:00,393.8370666503906,0.0028080683864672414,-8.11301332931118,6.198443581781992,0.03756429739938195,0.002796116015163845,0.0003220328038664692
2022-04-28 00:00:00+00:00,403.7851257324219,0.02494558212293072,-8.338663487084425,6.198443566822816,0.033556446173901924,0.02491013962950487,0.0003105370920767513
2022-04-29 00:00:00+00:00,388.8630065917969,-0.037655756022568536,-7.988643722867171,6.198443552067325,0.039974384503145506,-0.03782696139706464,0.0002481900239004732
2022-05-02 00:00:00+00:00,391.2037048339844,0.0060012951021368955,-8.050948858756614,6.19844353751274,0.03874827705805544,0.006047444086706931,0.0003513642218501861
2022-05-03 00:00:00+00:00,392.9969787597656,0.004573515655188629,-8.102186264436407,6.198443523156332,0.0377682040955939,0.004578160136413679,0.0003302810119123914
2022-05-04 00:00:00+00:00,404.9649658203125,0.02999863501193606,-8.369753607280078,6.198443508995401,0.03303884247424305,0.029970096971421077,0.00031389434721073835
2022-05-05 00:00:00+00:00,390.5713195800781,-0.0361899700450481,-8.027949889091857,6.1984434950272815,0.03919643392332873,-0.03637871665317844,0.00024064358627426787
2022-05-06 00:00:00+00:00,388.2400512695313,-0.005986752019179944,-7.992576130338078,6.198443481249353,0.039895863584855605,-0.005966936114409625,0.00033791206546616054
2022-05-09 00:00:00+00:00,375.8097229003906,-0.03254087796893467,-7.7448596011309085,6.198443467659024,0.04515634998179455,-0.03249738669121967,0.00034999462964982117
2022-05-10 00:00:00+00:00,376.6779479980469,0.002307613842763323,-7.77826508811926,6.198443454253739,0.04440837894912995,0.002529082570407858,0.00044761886176557757
2022-05-11 00:00:00+00:00,370.6940612792969,-0.016013483286545577,-7.679048851498799,6.198443441030979,0.04666695364050173,-0.015817311532298546,0.0004330117357730504
2022-05-12 00:00:00+00:00,370.3070068359375,-0.0010446799477497244,-7.68959656137592,6.19844342798826,0.0464214866682386,-0.0007721300756748889,0.000477853066222914
2022-05-13 00:00:00+00:00,379.1602783203125,0.02362660383630271,-7.870740989097497,6.198443415123127,0.04240177443836983,0.02389085401120842,0.00047287337050963595
2022-05-16 00:00:00+00:00,377.6217956542969,-0.0040658594814498164,-7.85547764482507,6.1984434024331625,0.04272660874924699,-0.003937567202468555,0.0003950137838464596
2022-05-17 00:00:00+00:00,385.3896484375,0.020361742202338117,-8.02421032655702,6.198443389915984,0.03926979072496306,0.020501024451305066,0.0004010474445884465
2022-05-18 00:00:00+00:00,369.85400390625,-0.04114655261761714,-7.7016370919216,6.198443377569244,0.0461428562684569,-0.041124253466976346,0.000339169409901302
2022-05-19 00:00:00+00:00,367.5887145996094,-0.006143653940762094,-7.676344638601126,6.198443365390612,0.04673009456493615,-0.00588882513698118,0.0004672522953924458
2022-05-20 00:00:00+00:00,367.7491760253906,0.0004364291038825158,-7.697116404097188,6.198443353377806,0.04624727281722309,0.0007111138559500376,0.0004791381801059181
2022-05-23 00:00:00+00:00,374.6298828125,0.018537440523625114,-7.8434324208570585,6.198443341528564,0.04298471065253023,0.018795800033531793,0.00046935488397628275
2022-05-24 00:00:00+00:00,371.7699890136719,-0.00766320548087815,-7.802030207603168,6.198443329840662,0.043883815795338996,-0.0075151913866844024,0.0004058739630195817
2022-05-25 00:00:00+00:00,375.0545349121094,0.008796087891094475,-7.882734719364601,6.198443318311901,0.042148257118401096,0.00897451679116968,0.0004229111281626608
2022-05-26 00:00:00+00:00,382.5486450195313,0.019784379872688728,-8.048833516157842,6.198443306940114,0.03878928056151516,0.01990409463633029,0.000390336373106739
2022-05-27 00:00:00+00:00,391.93988037109375,0.024252639926369873,-8.262859025560509,6.198443295723165,0.03485271983360981,0.02425867258319235,0.0003309756260710637
2022-05-31 00:00:00+00:00,389.7407836914063,-0.005626600688714303,-8.22179606554722,6.1984432846589455,0.03557569417516551,-0.005753884228266273,0.000267596780495031
2022-06-01 00:00:00+00:00,386.58831787109375,-0.008121512234255857,-8.159811851824436,6.198443273745373,0.036695523138329605,-0.008224304020182508,0.0002787356227920772
2022-06-02 00:00:00+00:00,393.9503173828125,0.018864454628352286,-8.33672882519502,6.1984432629804,0.033588920791898874,0.018799591906053646,0.00029643397885564153
2022-06-03 00:00:00+00:00,387.4849548339844,-0.016547781528979833,-8.188539909602426,6.198443252362002,0.0361721950344495,-0.016717886379172285,0.0002486673659877733
2022-06-06 00:00:00+00:00,388.6647033691406,0.0030400050589574445,-8.227147098066874,6.198443241888182,0.035480637856067435,0.002957418003529241,0.00028809570022592806
2022-06-07 00:00:00+00:00,392.3929138183594,0.009546642097555737,-8.324598469510704,6.198443231556974,0.033793262495663855,0.00944063034990282,0.00027725821774016624
2022-06-08 00:00:00+00:00,388.1268005371094,-0.010931577219279105,-8.230796998445255,6.198443221366433,0.03541594641564931,-0.011094757617707065,0.00025168130223746256
2022-06-09 00:00:00+00:00,378.8959655761719,-0.024070421501310262,-8.023950003729045,6.198443211314644,0.03927490159230076,-0.02417862465812919,0.00027625498533634385
2022-06-10 00:00:00+00:00,367.9097290039063,-0.029424063782940976,-7.797210554876372,6.198443201399723,0.0439896949901585,-0.02940159159392496,0.000339257111619049
2022-06-13 00:00:00+00:00,353.9408264160156,-0.0387078643131695,-7.530986320337048,6.198443191619801,0.050252862865601024,-0.038525854004386635,0.0004249403415846627
2022-06-14 00:00:00+00:00,352.874267578125,-0.0030179311575634768,-7.531074940622839,6.198443181973044,0.050250636142804284,-0.0026241681148137684,0.0005535512635377539
2022-06-15 00:00:00+00:00,357.9049377441406,0.01415560312494666,-7.641024817126891,6.198443172457638,0.04756267271658781,0.01454929091946805,0.0005535025449256599
2022-06-16 00:00:00+00:00,346.0597229003906,-0.03365604441084837,-7.431806500891675,6.198443163071791,0.052807721677954556,-0.033353211057080244,0.0004962439167162196
2022-06-17 00:00:00+00:00,346.8057556152344,0.0021534714205961626,-7.465396447171508,6.198443153813739,0.05192822359683768,0.0026335590775333536,0.0006108531935459817
2022-06-21 00:00:00+00:00,355.5360717773437,0.024861870702196448,-7.639452023171036,6.198443144681746,0.04760009040412229,0.025312244814348434,0.0005908110030002265
2022-06-22 00:00:00+00:00,354.8915405273437,-0.0018144886704088586,-7.645389780770801,6.198443135674091,0.04745898102330512,-0.0015103903391325067,0.000497019680129232
2022-06-23 00:00:00+00:00,358.370361328125,0.00975475734052653,-7.729558642246488,6.198443126789087,0.04550314064354009,0.01005408518278728,0.000494097283580696
2022-06-24 00:00:00+00:00,369.7643737792969,0.031298994659884394,-7.96769119013818,6.198443118025062,0.04039536592923786,0.03153219121530424,0.0004544730195227294
2022-06-27 00:00:00+00:00,368.3519287109375,-0.0038271659564327147,-7.95165207766343,6.1984431093803645,0.0407206212527052,-0.0037667684316403504,0.0003587525067015369
2022-06-28 00:00:00+00:00,360.8255004882813,-0.020644345878278066,-7.803475751591295,6.19844310085337,0.04385210800677001,-0.02057294050997214,0.00036451303019939
2022-06-29 00:00:00+00:00,360.5315856933594,-0.0008148940845435321,-7.8138203631397545,6.198443092442481,0.04362587702160275,-0.0006375376757429632,0.0004223044033762237
2022-06-30 00:00:00+00:00,357.6025695800781,-0.008157340334493985,-7.769962041470121,6.1984430841461124,0.044593122529692844,-0.007987636468293403,0.0004179878832004055
2022-07-01 00:00:00+00:00,361.38470458984375,0.01052082570003682,-7.862444005178913,6.198443075962708,0.04257804142562411,0.010723245967867978,0.00043659725511295414
2022-07-05 00:00:00+00:00,362.0672302246094,0.001886858834475866,-7.8922972051312525,6.198443067890729,0.04194721574461599,0.002021114804363189,0.0003982822659687937
2022-07-06 00:00:00+00:00,363.2900085449219,0.0033715234735388127,-7.933374532830718,6.198443059928656,0.041094463116128806,0.0034844359753362017,0.00038664683329603887
2022-07-07 00:00:00+00:00,368.7311096191406,0.014866241282128975,-8.064290393677155,6.198443052074995,0.038490654195351144,0.014950298107497487,0.0003711903428374122
2022-07-08 00:00:00+00:00,368.4278564453125,-0.0008227619954324479,-8.070629527232851,6.198443044328271,0.03836884859680526,-0.0008268392618634158,0.00032593352462160184
2022-07-11 00:00:00+00:00,364.2190856933594,-0.01148934584459211,-7.987666053369797,6.198443036687025,0.03999392757174367,-0.011497546979467674,0.000323887948916008
2022-07-12 00:00:00+00:00,360.9960632324219,-0.008888517250242934,-7.93046411896905,6.1984430291498205,0.04115430743782945,-0.008841706704470192,0.0003517055589501849
2022-07-13 00:00:00+00:00,359.10028076171875,-0.005265370020057117,-7.9042091041795635,6.198443021715242,0.04169812253320964,-0.005179288028240506,0.00037226483256550045
2022-07-14 00:00:00+00:00,358.22821044921875,-0.002431440414866737,-7.900618356451508,6.198443014381895,0.041773053458712246,-0.002326956371494033,0.0003820995495416484
2022-07-15 00:00:00+00:00,365.0721740722656,0.018924828554211976,-8.061243620075064,6.198443007148393,0.03854933481888975,0.0190318480424891,0.0003834646325835546
2022-07-18 00:00:00+00:00,362.0578002929688,-0.008291202821784981,-8.00546347567756,6.198443000013383,0.039639611794824656,-0.008293293412207045,0.00032692128019465327
2022-07-19 00:00:00+00:00,371.8403015136719,0.02666059669497153,-8.23523850681691,6.198442992975521,0.035337382562230256,0.026695414380548642,0.0003455434870911839
2022-07-20 00:00:00+00:00,374.2101135253906,0.006352975440984562,-8.303951058034624,6.198442986033489,0.03414394018316747,0.006242110943534513,0.00027503906221912247
2022-07-21 00:00:00+00:00,378.0206909179688,0.010131491466217054,-8.409261734336281,6.198442979185976,0.03239259295661252,0.009980193715103346,0.00025689565131134284
2022-07-22 00:00:00+00:00,374.5134582519531,-0.009321193100853753,-8.325826318911192,6.1984429724317005,0.033772521250298754,-0.009531843237422968,0.00023138400931426958
2022-07-25 00:00:00+00:00,374.9684448242188,0.001214136395530216,-8.347241599374431,6.198442965769391,0.033412826393306415,0.0010502531967834811,0.00025137457361371616
2022-07-26 00:00:00+00:00,370.53216552734375,-0.011901617788581668,-8.242664781114295,6.198442959197795,0.03520641316951148,-0.012077690069401162,0.0002460845473954662
2022-07-27 00:00:00+00:00,380.1535339355469,0.025634950286242016,-8.487129162862274,6.198442952715678,0.031155664251753475,0.02551964907516057,0.00027301796224136316
2022-07-28 00:00:00+00:00,384.921630859375,0.012464549565905512,-8.62306536576261,6.198442946321821,0.02910843411721942,0.012211967317899884,0.0002141642437995289
2022-07-29 00:00:00+00:00,390.5332336425781,0.014473313659208276,-8.78818135700603,6.198442940015021,0.02680182461854999,0.014151304702925723,0.00018711728865085955
2022-08-01 00:00:00+00:00,389.3768615722656,-0.0029654005629542292,-8.756272981397027,6.198442933794095,0.027232855169491223,-0.003365672563193582,0.00015881620605937602
2022-08-02 00:00:00+00:00,386.8079833984375,-0.00661926748510753,-8.682435177357958,6.198442927657873,0.02825705204242296,-0.007004911276414469,0.0001639297523936573
2022-08-03 00:00:00+00:00,392.8651428222656,0.015538001976416653,-8.863541876017127,6.198442921605198,0.02581071475186849,0.015187110827383717,0.00017640304287908445
2022-08-04 00:00:00+00:00,392.5997009277344,-0.0006758848769574684,-8.857554631137534,6.198442915634939,0.025888098037825633,-0.001109799056989067,0.0001473634357684088
2022-08-05 00:00:00+00:00,391.9362182617188,-0.0016914020326247886,-8.839128448574497,6.198442909745968,0.026127709515345116,-0.0021226892044326918,0.00014824231997179145
2022-08-08 00:00:00+00:00,391.481201171875,-0.0011616211989211537,-8.827655926028703,6.19844290393718,0.026278015549756284,-0.0015847743798189607,0.000150980175460964
2022-08-09 00:00:00+00:00,389.9266052246094,-0.003978967155415961,-8.782121250872683,6.198442898207484,0.02688315859004691,-0.004397018220177826,0.00015271030423934505
2022-08-10 00:00:00+00:00,398.1166076660156,0.02078641677681292,-9.033217684523164,6.198442892555807,0.02371130167235293,0.020388905195784793,0.00015977495671827644
2022-08-11 00:00:00+00:00,398.1166076660156,0.0,-9.033016535967178,6.1984428869810815,0.023713686522800363,-0.000505206140119232,0.00012450989423318573
2022-08-12 00:00:00+00:00,404.85638427734375,0.016787451037651516,-9.259226318283234,6.198442881482262,0.02117767328988554,0.016282325906725584,0.00012453477061371337
2022-08-15 00:00:00+00:00,406.5246887207031,0.004112264507756739,-9.317427155861425,6.198442876058313,0.020570274753141365,0.0035209634147917806,9.947640517393575e-05
2022-08-16 00:00:00+00:00,407.3209838867188,0.0019568708096013862,-9.34298882271375,6.198442870708216,0.020309042423774702,0.0013449196123737654,9.388937537863456e-05
2022-08-17 00:00:00+00:00,404.4297790527344,-0.007123410760220487,-9.225661062566637,6.198442865430963,0.021536089426603112,-0.007744244508514944,9.15358028712485e-05
2022-08-18 00:00:00+00:00,405.6051635742188,0.0029020608483687946,-9.265433531684295,6.198442860225565,0.0211120479552692,0.0023229431469203635,0.00010284843953138056
2022-08-19 00:00:00+00:00,400.1546936035156,-0.013528976547157257,-9.056692459781853,6.198442855091042,0.02343461976090423,-0.014122508546369601,9.886503844247674e-05
2022-08-22 00:00:00+00:00,391.8224487304688,-0.02104240608296321,-8.768973312291822,6.1984428500264315,0.027060469666822632,-0.02155701093352236,0.00012164059719522438
2022-08-23 00:00:00+00:00,390.8744812011719,-0.002422311769904988,-8.744105973068395,6.198442845030782,0.02739903100744217,-0.002813805736945744,0.00016187499892201022
2022-08-24 00:00:00+00:00,392.1257934570313,0.0031962014870517692,-8.785599101647188,6.198442840103152,0.02683645121009546,0.002816196916746912,0.0001659226787065847
2022-08-25 00:00:00+00:00,397.6616821289063,0.014018908900520419,-8.956353392732309,6.198442835242617,0.024640315353509606,0.013619812119380521,0.00015922403125146048
2022-08-26 00:00:00+00:00,384.2012023925781,-0.034435218958922036,-8.510271708615033,6.198442830448265,0.030797230850325714,-0.03490887250166443,0.00013438709360214727
2022-08-29 00:00:00+00:00,381.6607666015625,-0.006634211415349737,-8.448685682504014,6.198442825719192,0.03176032251065663,-0.0068989467127624285,0.00020929793492308657
2022-08-30 00:00:00+00:00,377.4709167480469,-0.011038644520696198,-8.345571208722482,6.198442821054508,0.033440743681640156,-0.011270727329740857,0.00022249932695691136
2022-08-31 00:00:00+00:00,374.5987548828125,-0.007638057847669299,-8.281982570293131,6.198442816453338,0.03452105217448532,-0.007813184034850418,0.0002464931354956363
2022-09-01 00:00:00+00:00,375.7742004394531,0.003132966106431173,-8.321540865795471,6.198442811914817,0.03384496343432791,0.0029944457809529096,0.0002625623009873242
2022-09-02 00:00:00+00:00,371.8118286132813,-0.010600543019597721,-8.231072310760114,6.198442807438094,0.03541106969588515,-0.01076197143381312,0.000252446748590409
2022-09-06 00:00:00+00:00,370.4090270996094,-0.0037800155390504708,-8.207950301343656,6.1984428030223215,0.03582283283124079,-0.003888383833016966,0.00027617945882658506
2022-09-07 00:00:00+00:00,377.0632934570313,0.01780518681617014,-8.378765932117519,6.198442798666675,0.03289029609539131,0.01771076648251651,0.0002825950413988991
2022-09-08 00:00:00+00:00,379.5279541015625,0.006515193959098892,-8.451455729594995,6.198442794370338,0.03171636404058207,0.006321412967480113,0.00023849925454344967
2022-09-09 00:00:00+00:00,385.4240417480469,0.01541588085216291,-8.615442103718674,6.198442790132497,0.029219595877536746,0.015182307836103338,0.00022188804494139652
2022-09-12 00:00:00+00:00,389.56646728515625,0.010690363145827638,-8.738598207007803,6.198442785952358,0.027474588521891836,0.010372124819059012,0.00018853936492469714
2022-09-13 00:00:00+00:00,372.6271057128906,-0.0444562954610948,-8.224808350104757,6.198442781829139,0.03552215021622245,-0.044833736042297824,0.00016683278607476139
2022-09-14 00:00:00+00:00,374.0489501953125,0.003808468718819319,-8.270383478402806,6.198442777762057,0.03472184011185095,0.003703863250574497,0.0002779029736880307
2022-09-15 00:00:00+00:00,369.80224609375,-0.011418278983916424,-8.175544173499189,6.1984427737503545,0.03640800029989256,-0.011549996547156037,0.00026560446967393257
2022-09-16 00:00:00+00:00,366.9810485839844,-0.007658184755858993,-8.119889697224908,6.198442769793274,0.03743536240666476,-0.007732785152203513,0.0002918382398938219
2022-09-19 00:00:00+00:00,369.8270263671875,0.007725192037396904,-8.19860535186868,6.198442765890074,0.03599060559778036,0.0076853836987909735,0.0003084235374648682
2022-09-20 00:00:00+00:00,365.5819091796875,-0.01154504421730016,-8.10724467172635,6.198442762040021,0.03767279772934718,-0.011633781768046768,0.0002852300464263568
2022-09-21 00:00:00+00:00,359.204833984375,-0.01759756182787071,-7.970046667379545,6.198442758242388,0.040347816936700504,-0.01762933025099949,0.00031232134310027416
2022-09-22 00:00:00+00:00,356.1875305175781,-0.008435430704110406,-7.917283007628304,6.198442754496465,0.041426431513968916,-0.008376642402126431,0.0003579142269203054
2022-09-23 00:00:00+00:00,350.2196655273437,-0.016896789866177188,-7.801313319413273,6.1984427508015445,0.04389954533201102,-0.016801499267768333,0.0003771702148303138
2022-09-26 00:00:00+00:00,346.75506591796875,-0.009941904606266172,-7.744916391686725,6.1984427471569346,0.04515506370610201,-0.009762943540277135,0.00042321234426305314
2022-09-27 00:00:00+00:00,345.869873046875,-0.002556053942732084,-7.743721867363466,6.198442743561945,0.04518204115226401,-0.0023346285779507437,0.00044759361560867264
2022-09-28 00:00:00+00:00,352.6752624511719,0.01948508227472556,-7.899258092215101,6.198442740015907,0.041801472884306135,0.019707419985394832,0.0004481249397495863
2022-09-29 00:00:00+00:00,345.30828857421875,-0.021110089045535397,-7.752308547793334,6.198442736518153,0.04498847505817379,-0.021002107886543105,0.0003839830326090821
2022-09-30 00:00:00+00:00,339.96856689453125,-0.015584445061426283,-7.6579382279445385,6.198442733068024,0.04716214257341253,-0.015368653607494294,0.0004443195694772844
2022-10-03 00:00:00+00:00,348.9442138671875,0.026058900746779856,-7.853462108470433,6.198442729664872,0.04276968537289964,0.02634819312255152,0.00048797769755653446
2022-10-04 00:00:00+00:00,359.7568359375,0.030516283725001096,-8.098304803798298,6.198442726308055,0.03784156939689113,0.0306570234440069,0.0004018510524323343
2022-10-05 00:00:00+00:00,358.9192199707031,-0.0023309983383475634,-8.091320125761237,6.198442722996944,0.03797395600543435,-0.002357052105904172,0.00031510672805994144
2022-10-06 00:00:00+00:00,355.2166748046875,-0.010369394310487594,-8.016572038695978,6.198442719730918,0.03942005116230271,-0.010390965556509753,0.0003173002112385938
2022-10-07 00:00:00+00:00,345.30828857421875,-0.028290346761519557,-7.800031579799454,6.198442716509363,0.04392768805386179,-0.028262961075884812,0.00034175216999828825
2022-10-10 00:00:00+00:00,342.6717224121094,-0.007664696728536321,-7.7603452309589205,6.198442713331672,0.044808058598220304,-0.0074847837195228546,0.00042375142971861485
2022-10-11 00:00:00+00:00,340.5015869140625,-0.0063531252398293745,-7.731613564375702,6.198442710197247,0.045456409581183625,-0.006143435502194443,0.0004407872233988244
2022-10-12 00:00:00+00:00,339.3785400390625,-0.0033036644311474953,-7.725407853611395,6.1984427071055,0.045597673275781646,-0.0030720481105228465,0.0004535464384925527
2022-10-13 00:00:00+00:00,348.3350524902344,0.0260486894091614,-7.9261426501477015,6.198442704055851,0.04124332542935829,0.026285082842868606,0.00045635042134121686
2022-10-14 00:00:00+00:00,340.3970031738281,-0.02305221827398865,-7.761577225979998,6.198442701047726,0.04478046537644091,-0.022963123850321454,0.0003738660073407539
2022-10-17 00:00:00+00:00,349.1440734863281,0.025372062205618905,-7.960369458770091,6.198442698080558,0.040543516828615185,0.02558081872252762,0.0004402482152791053
2022-10-18 00:00:00+00:00,353.24639892578125,0.011681172359998632,-8.067312375585658,6.1984426951537905,0.038432537367127546,0.011746584005491934,0.000361370760555645
2022-10-19 00:00:00+00:00,350.7431640625,-0.007111598083081018,-8.021098029960138,6.198442692266875,0.03933094448556736,-0.007117642892894649,0.0003249567545353182
2022-10-20 00:00:00+00:00,347.8020324707031,-0.008420783611170208,-7.9661132943807225,6.198442689419269,0.04042724617670664,-0.008396414229900546,0.0003402194165844664
2022-10-21 00:00:00+00:00,356.2541198730469,0.024010850377248733,-8.171147583432768,6.198442686610437,0.03648812346402172,0.024072326947409586,0.0003593151544938687
2022-10-24 00:00:00+00:00,360.6134033203125,0.012162183502688268,-8.289934161639263,6.198442683839844,0.034384075429719066,0.012090296763748652,0.0002931153540802707
2022-10-25 00:00:00+00:00,366.3718872070313,0.015842423226658093,-8.448021067890348,6.198442681106978,0.03177087787739819,0.015699261951604798,0.0002604969412486333
2022-10-26 00:00:00+00:00,363.6116333007813,-0.007562546233130517,-8.38001423612226,6.198442678411323,0.03286977346226233,-0.007794271193287527,0.00022264624155661218
2022-10-27 00:00:00+00:00,361.6700439453125,-0.0053540412076393306,-8.336982429537088,6.1984426757523705,0.03358465944861123,-0.005548517740749825,0.00023820375199515723
2022-10-28 00:00:00+00:00,370.27435302734375,0.02351191017492554,-8.571158793246553,6.198442673129623,0.029873781311528215,0.02334166100274545,0.0002486047415537518
2022-10-31 00:00:00+00:00,367.5997619628906,-0.007249482597915078,-8.500020544008155,6.198442670542588,0.03095548921125889,-0.0075455328933468945,0.00019701652643376146
2022-11-01 00:00:00+00:00,365.9911804199219,-0.004385507039803699,-8.46219958708158,6.1984426679907765,0.03154644230562072,-0.004644876279787267,0.00021143970999097433
2022-11-02 00:00:00+00:00,356.80621337890625,-0.025416421164917304,-8.212106048430675,6.198442665473709,0.035748474180055265,-0.025655754717583,0.00021953298390010596
2022-11-03 00:00:00+00:00,353.1322326660156,-0.010350231155761815,-8.130601448433579,6.198442662990915,0.03723539873226122,-0.010447170193220766,0.0002814310742129187
2022-11-04 00:00:00+00:00,358.2148742675781,0.014290430222569362,-8.266100693610644,6.198442660541928,0.034796272352811776,0.014243850562326653,0.00030515974204456994
2022-11-07 00:00:00+00:00,361.6414184570313,0.009520150352097067,-8.364494886821584,6.198442658126285,0.033125824277211335,0.00939095452480831,0.0002667366318123548
2022-11-08 00:00:00+00:00,363.5926513671875,0.005380987186090098,-8.425948909752082,6.198442655743534,0.03212344560069104,0.005195188582703252,0.000241903706588684
2022-11-09 00:00:00+00:00,356.10186767578125,-0.020817316260770956,-8.226831100287546,6.198442653393227,0.035486241589905314,-0.021037089553326293,0.00022758084271613305
2022-11-10 00:00:00+00:00,375.6711120605469,0.05349722357127093,-8.721470149143341,6.1984426510749175,0.027710891636796634,0.05339140173635162,0.00027734524586696006
2022-11-11 00:00:00+00:00,379.3070068359375,0.00963186294723781,-8.837227428099428,6.198442648788176,0.026152555124171178,0.00926244082385429,0.00016969506326797369
2022-11-14 00:00:00+00:00,376.0804138183594,-0.00854293453361437,-8.735469941593935,6.198442646532569,0.02751759557081907,-0.008965244291337512,0.00015126550043934248
2022-11-15 00:00:00+00:00,379.28802490234375,0.008492889561518403,-8.838550794962563,6.1984426443076766,0.0261352561209732,0.008116908383973977,0.00016735192411217897
2022-11-16 00:00:00+00:00,376.39453125,-0.007657998109130784,-8.747541217251205,6.19844264211308,0.027352009526256573,-0.008080895087440344,0.00015106681877011014
2022-11-17 00:00:00+00:00,375.2427673339844,-0.003064682446332197,-8.715770056834689,6.198442639948362,0.027789981569787195,-0.0034462826528259428,0.00016535755211532092
2022-11-18 00:00:00+00:00,376.9466247558594,0.004530402459895946,-8.772521076826003,6.1984426378131205,0.02701250941285225,0.004163663981449753,0.00017065845742403232
2022-11-21 00:00:00+00:00,375.575927734375,-0.003642943411673195,-8.733086743156603,6.1984426357069475,0.027550405022918292,-0.004036065009653735,0.00016130563139597423
2022-11-22 00:00:00+00:00,380.6300659179688,0.013367292731912507,-8.892727832757513,6.198442633629457,0.025436793574929832,0.01299242489058357,0.00016774850155990665
2022-11-23 00:00:00+00:00,383.02874755859375,0.006282097415503018,-8.973706173246493,6.198442631580249,0.024427450521417517,0.005835488630454641,0.00014315318902679636
2022-11-25 00:00:00+00:00,382.9430236816406,-0.0002238303826059712,-8.971497397011904,6.198442629558945,0.02445444280356821,-0.0007047128180766044,0.00013209087796863949
2022-11-28 00:00:00+00:00,376.8323669433594,-0.016085776336721275,-8.761836564826265,6.198442627565162,0.027157203270326866,-0.016565742087247988,0.00013238096212860663
2022-11-29 00:00:00+00:00,376.1851501464844,-0.0017189957512555914,-8.745464790947755,6.198442625598525,0.0273804214320353,-0.002107206847572724,0.00016302644388003923
2022-11-30 00:00:00+00:00,388.0351867675781,0.0310145802637035,-9.112218400124181,6.198442623658669,0.022792952946188015,0.030633944210813842,0.00016569891120384245
2022-12-01 00:00:00+00:00,387.7496948242188,-0.0007360080430062491,-9.100442762002185,6.198442621745225,0.02292754957500002,-0.0012724128310706542,0.00011511413863213326
2022-12-02 00:00:00+00:00,387.3023376464844,-0.00115439275989826,-9.083080642014275,6.198442619857836,0.02312745142753425,-0.0016862244241552058,0.00011646832426028632
2022-12-05 00:00:00+00:00,380.33502197265625,-0.01815312117664815,-8.831104668712436,6.198442617996146,0.026232740601016016,-0.01867816121168195,0.00011849406269968317
2022-12-06 00:00:00+00:00,374.8525695800781,-0.014519700196058615,-8.656838455031837,6.198442616159803,0.028621019014863365,-0.014939288059213083,0.00015218813822177126
2022-12-07 00:00:00+00:00,374.2148132324219,-0.0017028014205111876,-8.643182784189381,6.1984426143484646,0.028817107283202883,-0.0020413446376189243,0.00018094502519043856
2022-12-08 00:00:00+00:00,377.146484375,0.007803665239195207,-8.73549458907135,6.198442612561785,0.027517256336403166,0.007471774041052254,0.00018341578812240672
2022-12-09 00:00:00+00:00,374.3291015625,-0.007498303513029875,-8.652529269100777,6.198442610799437,0.028682752122879348,-0.007874296198020159,0.00016734782753728922
2022-12-12 00:00:00+00:00,379.7258605957031,0.014314211700427754,-8.817801287619394,6.1984426090610825,0.026407814266697627,0.01397776272632405,0.00018172108389511528
2022-12-13 00:00:00+00:00,382.6003112792969,0.007541297708019816,-8.91227109495579,6.1984426073464,0.025189444996305817,0.007127652513560183,0.00015421226672499515
2022-12-14 00:00:00+00:00,380.1542053222656,-0.006413896711087275,-8.832462805182823,6.198442605655062,0.026214932786742796,-0.006868903685342617,0.00014040141254204391
2022-12-15 00:00:00+00:00,370.8549499511719,-0.02476595820758156,-8.532967806125786,6.198442603986753,0.03044971703743297,-0.025186150549623833,0.00015198299632126407
2022-12-16 00:00:00+00:00,366.4765319824219,-0.011876529190131008,-8.415133946853185,6.198442602341159,0.03229762282749268,-0.012153048206089622,0.00020463291368169546
2022-12-19 00:00:00+00:00,363.3689575195313,-0.008515756518841186,-8.339343563261316,6.198442600717973,0.03354503359286455,-0.008729625715940562,0.0002300384825993228
2022-12-20 00:00:00+00:00,363.8662414550781,0.0013676016060696905,-8.362126595698193,6.198442599116887,0.03316507306407229,0.0011960096241793615,0.0002480224454192975
2022-12-21 00:00:00+00:00,369.306884765625,0.01484163285583286,-8.514991501967797,6.198442597537604,0.030724637362288074,0.014657164417447686,0.00024247336103550818
2022-12-22 00:00:00+00:00,364.0383605957031,-0.014368716093532066,-8.372526281981049,6.198442595979825,0.03299306746203121,-0.014635912837308456,0.00020831913604397778
2022-12-23 00:00:00+00:00,366.1324157714844,0.005735811359956771,-8.437529903938142,6.198442594443253,0.03193797214687588,0.005545513505083862,0.00023998182947928528
2022-12-27 00:00:00+00:00,364.6884765625,-0.0039515594122573475,-8.406293363731908,6.198442592927604,0.0324407036956231,-0.004177619933502871,0.0002249782310993247
2022-12-28 00:00:00+00:00,360.1562194824219,-0.012505619952785006,-8.291571977474739,6.198442591432589,0.03435592916727243,-0.01271463929693736,0.00023206715734158477
2022-12-29 00:00:00+00:00,366.6391906738281,0.017840352453851245,-8.468403833887706,6.198442589957932,0.031448732673455444,0.017696237540796723,0.00026007355421726923
2022-12-30 00:00:00+00:00,365.6733703613281,-0.0026377285434467605,-8.449526642178084,6.198442588503354,0.03174696980133398,-0.0028803746570605156,0.0002181844106886769
2023-01-03 00:00:00+00:00,364.1339111328125,-0.0042188165311005926,-8.415194588712234,6.198442587068581,0.03229664348673688,-0.004451351969387535,0.00022231356980340614
2023-01-04 00:00:00+00:00,366.9451293945313,0.007690637979945795,-8.500224958201871,6.198442585653348,0.03095232517381438,0.007476735588816558,0.00023002462835157716
2023-01-05 00:00:00+00:00,362.757080078125,-0.01147891632681221,-8.388969284523931,6.198442584257379,0.032722926870041746,-0.011738392836244567,0.00021139678832746118
2023-01-06 00:00:00+00:00,371.0758361816406,0.02267304254833644,-8.620114502856405,6.19844258288042,0.029151411990746175,0.0224735889799381,0.00023609459108638752
2023-01-09 00:00:00+00:00,370.865478515625,-0.0005670466585029712,-8.619798067280657,6.198442581522211,0.029156024622605727,-0.0008875977474920881,0.00018766647853078018
2023-01-10 00:00:00+00:00,373.4663696289063,0.006988554111607338,-8.702483455315548,6.198442580182493,0.02797521316049808,0.006668159483777653,0.00018772546647772154
2023-01-11 00:00:00+00:00,378.1897888183594,0.012568197072507094,-8.851075708736612,6.198442578861019,0.025972096416689527,0.012207743591301215,0.00017292536254414817
2023-01-12 00:00:00+00:00,379.5667724609375,0.003634373434998589,-8.898435497335011,6.198442577557537,0.02536430453904514,0.0032059378163194993,0.00014919928491149685
2023-01-13 00:00:00+00:00,381.039306640625,0.003872006968879931,-8.949149204921872,6.198442576271803,0.02472923132989673,0.0034229370377090547,0.00014234399598107958
2023-01-17 00:00:00+00:00,380.3412780761719,-0.001833586970908898,-8.926527874106265,6.198442575003576,0.025010523187534484,-0.00230422101635064,0.00013535207784942104
2023-01-18 00:00:00+00:00,374.3363952636719,-0.01591410414408142,-8.724397276835273,6.198442573752614,0.027670364374371963,-0.016375186373139887,0.00013842742284201584
2023-01-19 00:00:00+00:00,371.611328125,-0.007306354522883287,-8.644292270292361,6.198442572518686,0.02880112547584677,-0.00767715181008947,0.00016920245377058634
2023-01-20 00:00:00+00:00,378.5340881347656,0.018457638741242184,-8.855099694891567,6.19844257130156,0.025919893247791963,0.018125205399470726,0.0001832137923147623
2023-01-23 00:00:00+00:00,383.075927734375,0.011927084325548124,-9.004873317301868,6.198442570101007,0.024049734129731107,0.011496876559752425,0.00014860420031753121
2023-01-24 00:00:00+00:00,382.664794921875,-0.001073817389728805,-8.990832628184906,6.198442568916799,0.024219165584011344,-0.0015675281725002325,0.00012806474073201113
2023-01-25 00:00:00+00:00,382.8082885742188,0.00037491495682437197,-8.996242329958285,6.1984425677487165,0.02415374486550533,-0.0001130412690195249,0.00012986308407990805
2023-01-26 00:00:00+00:00,387.0154724121094,0.010930360786512765,-9.1413639771879,6.1984425665965395,0.022463204414897717,0.010440182649264761,0.0001291672336358845
2023-01-27 00:00:00+00:00,387.9046630859375,0.0022949231110453235,-9.172106495624329,6.198442565460047,0.02212055688239717,0.001747313842477048,0.00011182975508039524
2023-01-30 00:00:00+00:00,383.0377502441406,-0.01262604680509431,-8.987227688797649,6.198442564339033,0.024262859248533657,-0.01318530004391458,0.00010846691153618864
2023-01-31 00:00:00+00:00,388.6696472167969,0.014596197937189645,-9.18017091164468,6.198442563233281,0.022031541773924173,0.01410972567537707,0.000130328867894764
2023-02-01 00:00:00+00:00,392.8003540039063,0.010571730845070123,-9.331008955834609,6.198442562142584,0.0204310565137561,0.010009452462507793,0.00010760163449049801
2023-02-02 00:00:00+00:00,398.5183410644531,0.014452044715136907,-9.551940927178192,6.198442561066738,0.018294310969400658,0.013835359873918682,9.263140331638082e-05
2023-02-03 00:00:00+00:00,394.2824096679688,-0.010686094083113789,-9.35649754719979,6.19844256000554,0.020172329233296808,-0.011375460732553602,7.43813689176474e-05
2023-02-06 00:00:00+00:00,391.8728332519531,-0.00613004615358821,-9.253915707508186,6.19844255895879,0.021233980348080352,-0.006755528775610685,9.03159195878185e-05
2023-02-07 00:00:00+00:00,396.99798583984375,0.012993825032764823,-9.445712281159112,6.198442557926296,0.019292269239808448,0.012404438068162781,0.00010000246288614423
2023-02-08 00:00:00+00:00,392.6569213867188,-0.010994950187806267,-9.25664419428927,6.198442556907861,0.021205031776234354,-0.011650364264523014,8.265773932557439e-05
2023-02-09 00:00:00+00:00,389.2529296875,-0.008706919856198805,-9.12161382358968,6.198442555903292,0.022686129141292755,-0.009297290892592727,9.973183828479809e-05
2023-02-10 00:00:00+00:00,390.1612854003906,0.002330868764158526,-9.152861904769956,6.198442554912401,0.022334434734147573,0.0017908343513555877,0.00011404497697198134
2023-02-13 00:00:00+00:00,394.7414245605469,0.011670723234098877,-9.317808338099338,6.198442553935001,0.020566353786929784,0.011118738212846263,0.00011055999215587952
2023-02-14 00:00:00+00:00,394.5597534179688,-0.0004603341559718809,-9.305816740635864,6.198442552970907,0.020690035918452913,-0.001072418641964243,9.385383762866104e-05
2023-02-15 00:00:00+00:00,395.841064453125,0.0032421832786286926,-9.351249958682525,6.1984425520199435,0.020225326751647923,0.002634304030282822,9.497828937834131e-05
2023-02-16 00:00:00+00:00,390.3907470703125,-0.013864625193757007,-9.126838009714826,6.198442551081924,0.02262694817383845,-0.014488305621223892,9.07878514667171e-05
2023-02-17 00:00:00+00:00,389.4155578613281,-0.002501107547292778,-9.089811986998935,6.19844255015668,0.023049742643797933,-0.0030431528452868092,0.00011345478724028835
2023-02-21 00:00:00+00:00,381.60345458984375,-0.020265053117354815,-8.80759090338363,6.1984425492440325,0.026542975753101626,-0.02079273323950637,0.00011770452919067907
2023-02-22 00:00:00+00:00,381.0775451660156,-0.0013791074049317718,-8.794182891390973,6.198442548343814,0.026721517823574972,-0.0017881648806755994,0.00015578403277900592
2023-02-23 00:00:00+00:00,383.1046142578125,0.005305211123194482,-8.861149593059565,6.19844254745585,0.025841605281564223,0.004902213558375716,0.00015787239193688356
2023-02-24 00:00:00+00:00,379.0121765136719,-0.010739763589068202,-8.730582631384321,6.198442546579978,0.027584920966000893,-0.011172629050015127,0.00014771397880377246
2023-02-27 00:00:00+00:00,380.302978515625,0.0033999143486422856,-8.774385410868275,6.198442545716034,0.026987340664153953,0.0030262177498905597,0.00016816621220639067
2023-02-28 00:00:00+00:00,378.8974609375,-0.0037026300587463916,-8.734175953817497,6.198442544863851,0.0275354046977258,-0.004096605820682693,0.00016100723451541816
2023-03-01 00:00:00+00:00,377.4440002441406,-0.0038434028997101828,-8.693781304049368,6.198442544023271,0.028097200497702052,-0.00421877974074047,0.0001675671343894195
2023-03-02 00:00:00+00:00,380.3795166015625,0.007747268261456359,-8.786939228004137,6.198442543194135,0.02681847412019989,0.0073909537137534075,0.00017442638241314053
2023-03-03 00:00:00+00:00,386.4800109863281,0.015910666450405005,-8.980364090653026,6.19844254237629,0.024346267477952432,0.015510959571657854,0.0001590122495631459
2023-03-06 00:00:00+00:00,386.7477111816406,0.0006924226804948228,-8.990081391607625,6.198442541569582,0.024228264371462433,0.00020878315565171703,0.00013122031703129955
2023-03-07 00:00:00+00:00,380.8193664550781,-0.0154474124417691,-8.786610980864676,6.198442540773856,0.026822876017010656,-0.01593505964208498,0.0001299600116866132
2023-03-08 00:00:00+00:00,381.4408874511719,0.0016307321040084973,-8.809600887783436,6.198442539988965,0.02651631363866845,0.0012311746234742976,0.00015906409676842576
2023-03-09 00:00:00+00:00,374.40338134765625,-0.018622115075584592,-8.58801560875259,6.198442539214761,0.02962305051851051,-0.01903207751511599,0.00015547335853729105
2023-03-10 00:00:00+00:00,369.0009460449219,-0.01453456809532437,-8.437218374005997,6.198442538451095,0.03194294712792567,-0.014839122017583695,0.000193745599186423
2023-03-13 00:00:00+00:00,368.47503662109375,-0.0014262417362415594,-8.431327697385958,6.198442537697831,0.03203716859976526,-0.001652133603198725,0.0002250478505340439
2023-03-14 00:00:00+00:00,374.5659484863281,0.016394918772344245,-8.603828359466238,6.198442536954823,0.02938976299816004,0.01617222088206148,0.0002263683374534189
2023-03-15 00:00:00+00:00,372.2233581542969,-0.006273785644671066,-8.541597875076967,6.198442536221932,0.0303186082741218,-0.006586252055758928,0.00019072664500156448
2023-03-16 00:00:00+00:00,378.7540283203125,0.017392893360178175,-8.732380160436641,6.19844253549902,0.027560139717310243,0.01711192838463219,0.0002028864767127035
2023-03-17 00:00:00+00:00,374.3253173828125,-0.01176174069245226,-8.600068959352985,6.19844253478595,0.029445058882914175,-0.012136278192919682,0.0001678662613659878
2023-03-20 00:00:00+00:00,377.92474365234375,0.009569833027780283,-8.710359917528482,6.198442534082591,0.027865256803817354,0.00925924214423813,0.00019144009569656127
2023-03-21 00:00:00+00:00,382.8870239257813,0.013044884039820624,-8.864880205661162,6.198442533388808,0.025793447655337753,0.012680699730423383,0.00017157790417920158
2023-03-22 00:00:00+00:00,376.3601684570313,-0.017193389237440106,-8.653944685758681,6.198442532704471,0.02866246000170499,-0.017627889565658715,0.00014716769230613348
2023-03-23 00:00:00+00:00,377.3776550292969,0.002699843788151244,-8.68954631000583,6.198442532029451,0.028156759229371636,0.00236270643426097,0.00018146580939790364
2023-03-24 00:00:00+00:00,379.8539733886719,0.006540474787524231,-8.768855682720673,6.198442531363621,0.027062060191389008,0.006186180975008714,0.00017516157591469046
2023-03-27 00:00:00+00:00,380.564208984375,0.001868013729013662,-8.794740660434584,6.198442530706859,0.02671406658601797,0.0014765737767829302,0.00016189391123679335
2023-03-28 00:00:00+00:00,379.7099914550781,-0.0022471310699684077,-8.771226752091192,6.198442530059041,0.027029996186217695,-0.0026503815302998763,0.00015778496136120308
2023-03-29 00:00:00+00:00,385.2290344238281,0.014430271046823437,-8.945873333975578,6.198442529420041,0.024769769260365098,0.014037742922379418,0.0001615131203474432
2023-03-30 00:00:00+00:00,387.4846801757813,0.005838260966150554,-9.022426760227683,6.198442528789742,0.023839579770537314,0.0053690035160802296,0.00013579316196369608
2023-03-31 00:00:00+00:00,392.9461364746094,0.013996232177903304,-9.210167529288432,6.198442528168024,0.02170357145880056,0.01349538334788884,0.00012585146883408525
2023-04-03 00:00:00+00:00,394.4435119628906,0.003803395933172219,-9.263139336074543,6.198442527554773,0.02113627855548851,0.0032299708866267594,0.00010444327866090397
2023-04-04 00:00:00+00:00,392.2550354003906,-0.005563712339804341,-9.175100139719063,6.198442526949873,0.022087471006763303,-0.006156420593638551,9.909056156696997e-05
2023-04-05 00:00:00+00:00,391.22802734375,-0.00262164861934831,-9.134691568375215,6.198442526353209,0.022538271292857768,-0.0031820262554829227,0.00010814489734795865
2023-04-06 00:00:00+00:00,392.754150390625,0.003893264459072371,-9.188106316042916,6.198442525764665,0.0219443002628148,0.0033482059810415114,0.00011257329251716786
2023-04-10 00:00:00+00:00,393.15728759765625,0.0010259101036151394,-9.200371617636682,6.19844252518414,0.02181013534451835,0.0004606667745966325,0.00010675693797372733
2023-04-11 00:00:00+00:00,393.2628479003906,0.00026845778383211965,-9.201426499063285,6.198442524611518,0.02179863482280263,-0.0003013453697311859,0.00010546436559728239
2023-04-12 00:00:00+00:00,391.6599426269531,-0.0040842424782615355,-9.138641941143904,6.198442524046691,0.02249379793582528,-0.004654436505604929,0.00010535393105454491
2023-04-13 00:00:00+00:00,396.86224365234375,0.013195257150234027,-9.324310835322992,6.1984425234895575,0.020499595961537394,0.012648687466366961,0.0001121324892547117
2023-04-14 00:00:00+00:00,395.8927917480469,-0.002445780459953044,-9.281240847277218,6.19844252294001,0.020945842347593436,-0.003060134805417907,9.32496753046544e-05
2023-04-17 00:00:00+00:00,397.3133850097656,0.003581905492419495,-9.331663950544824,6.198442522397944,0.020424366390857852,0.0029827232148788136,9.732504353718493e-05
2023-04-18 00:00:00+00:00,397.5725402832031,0.0006520565388656609,-9.336788039641469,6.198442521863258,0.02037210522922917,3.514421930625e-05,9.25711643083086e-05
2023-04-19 00:00:00+00:00,397.50531005859375,-0.00016911608024475626,-9.32897250352255,6.198442521335852,0.020451870440469064,-0.0007878054343806135,9.210125849972399e-05
2023-04-20 00:00:00+00:00,395.3360900878906,-0.005472028537014254,-9.238459066191044,6.198442520815627,0.021398719012101327,-0.006088005649634279,9.281894369052163e-05
2023-04-21 00:00:00+00:00,395.6432189941406,0.0007765789020235912,-9.246549510570654,6.1984425203024855,0.021312331284329793,0.00019279186006925615,0.00010154944949684044
2023-04-24 00:00:00+00:00,396.0559692382813,0.0010426947195886313,-9.258542756031893,6.198442519796331,0.021184911698184927,0.0004559711586497844,0.00010073675123885916
2023-04-25 00:00:00+00:00,389.7690734863281,-0.016001093241706798,-9.013324548524103,6.1984425192970685,0.02394832345750152,-0.016592148238084928,9.954396190223014e-05
2023-04-26 00:00:00+00:00,388.1181640625,-0.0042446046748032,-8.956745039348013,6.1984425188046055,0.02463548970340727,-0.004741759889002797,0.0001269943280760022
2023-04-27 00:00:00+00:00,395.8447570800781,0.019712267004801044,-9.213700818781502,6.198442518318846,0.02166526278048133,0.019238449620265184,0.00013433483106307768
2023-04-28 00:00:00+00:00,399.2234497070313,0.00849917764713886,-9.335988615518737,6.198442517839701,0.020380249822794332,0.007924450536716926,0.00010407741357642818
2023-05-01 00:00:00+00:00,398.8203430175781,-0.0010102371007998285,-9.315002024510429,6.198442517367082,0.020595231767337675,-0.0016286495121837989,9.217441253017909e-05
2023-05-02 00:00:00+00:00,394.3378601074219,-0.011302992555618296,-9.13485623753698,6.1984425169008945,0.02253641566350059,-0.01191409516112672,9.411578655483578e-05
2023-05-03 00:00:00+00:00,391.6311340332031,-0.006887642629400999,-9.035331457584967,6.198442516441056,0.023686253641597745,-0.007432764160462859,0.0001125548833069352
2023-05-04 00:00:00+00:00,388.8572082519531,-0.007108209849445279,-8.939120466230808,6.198442515987481,0.02485354405708901,-0.007614266786945718,0.00012424878064950582
2023-05-05 00:00:00+00:00,396.0559692382813,0.018343335399834577,-9.176493734851393,6.198442515540079,0.02207208584002821,0.017876922734038687,0.00013670695182559615
2023-05-08 00:00:00+00:00,396.16156005859375,0.0002665702715047697,-9.177865388490964,6.19844251509877,0.02205695340008306,-0.0002943302218835449,0.0001079953202279574
2023-05-09 00:00:00+00:00,394.42425537109375,-0.0043949877421575936,-9.111659382194048,6.19844251466347,0.022799324360685363,-0.004956402507445429,0.00010784830015255541
2023-05-10 00:00:00+00:00,396.2671203613281,0.004661409960250039,-9.175588090906277,6.198442514234096,0.02208208282512915,0.004125221665315435,0.00011517806764498289
2023-05-11 00:00:00+00:00,395.5760803222656,-0.0017453965984641942,-9.147847161508679,6.198442513810567,0.02239050561318378,-0.002305957348175422,0.00010809250109749724
2023-05-12 00:00:00+00:00,395.0577697753906,-0.0013111268156840567,-9.12710265127981,6.198442513392807,0.02262395424984257,-0.001861206453742207,0.00011111200817042949
2023-05-15 00:00:00+00:00,396.4207153320313,0.003444052945217781,-9.174083567405162,6.1984425129807335,0.022098700577616353,0.0029019059205841954,0.00011342497141489991
2023-05-16 00:00:00+00:00,393.7716369628906,-0.0067049201014410306,-9.074644655860201,6.19844251257427,0.02322520857128203,-0.007264916105663559,0.00010825413858102034
2023-05-17 00:00:00+00:00,398.5515441894531,0.012065695738233457,-9.239917149448003,6.198442512173342,0.021383124117391527,0.011543976848719722,0.00011949101890901368
2023-05-18 00:00:00+00:00,402.3908996582031,0.009587167981102016,-9.379675648051608,6.198442511777871,0.01993990038788261,0.009002850839327343,0.00010140249986395024
2023-05-19 00:00:00+00:00,401.8053588867188,-0.0014562138749975697,-9.350446142605348,6.198442511387785,0.020233457004004456,-0.0020896006770997635,8.826061546216718e-05
2023-05-22 00:00:00+00:00,401.9685363769531,0.0004060283456270589,-9.351459948606111,6.1984425110030115,0.020223203202029173,-0.000217375609935988,9.08603586141074e-05
2023-05-23 00:00:00+00:00,397.4573059082031,-0.011286296031271702,-9.16775224132255,6.198442510623479,0.022168768457908505,-0.011910048666427819,9.076891914244545e-05
2023-05-24 00:00:00+00:00,394.5777893066406,-0.007271216403817472,-9.060554831727215,6.198442510249112,0.023389405815088037,-0.007828831220510098,0.00010893699338744422
2023-05-25 00:00:00+00:00,397.994873046875,0.008622818007863372,-9.177819144972242,6.198442509879842,0.022057463387158333,0.008106677229822805,0.00012117487926707247
2023-05-26 00:00:00+00:00,403.1491394042969,0.01286744304039397,-9.36178650916946,6.198442509515603,0.020119054238477953,0.012306045607409312,0.0001078532534815809
2023-05-30 00:00:00+00:00,403.302734375,0.00038091540872856337,-9.362242933626563,6.198442509156322,0.020114463347239094,-0.0002463788711014066,8.984274910933776e-05
2023-05-31 00:00:00+00:00,401.0663146972656,-0.00556069491501778,-9.268327429239076,6.198442508801933,0.02108152106730154,-0.00618814531356471,8.980203203766108e-05
2023-06-01 00:00:00+00:00,404.8768310546875,0.009456113055990895,-9.407661650431429,6.198442508452369,0.019662824413055915,0.008861543322240598,9.85812955708431e-05
2023-06-02 00:00:00+00:00,410.73187255859375,0.014357723402253442,-9.634507527496947,6.198442508107567,0.01755443858474679,0.013714913282766323,8.584120666172063e-05
2023-06-05 00:00:00+00:00,409.9447937011719,-0.0019181222790868601,-9.58914753679425,6.198442507767456,0.017957122341389208,-0.002632669023104767,6.852529376054341e-05
2023-06-06 00:00:00+00:00,410.8373718261719,0.00217494608031612,-9.618167210209265,6.198442507431975,0.01769844862275478,0.0014741047645951502,7.16829592769761e-05
2023-06-07 00:00:00+00:00,409.4168701171875,-0.003463567894955659,-9.545522837478533,6.198442507101064,0.018353112407957492,-0.004173212982136678,6.96464424137285e-05
2023-06-08 00:00:00+00:00,411.8932189941406,0.006030259250306048,-9.641578278080786,6.1984425067746605,0.017492486629624316,0.005342893493984117,7.485700836019302e-05
2023-06-09 00:00:00+00:00,412.6322937011719,0.0017927278018511129,-9.66366877608032,6.198442506452701,0.017300340860843522,0.0010760723204010728,6.804576414069574e-05
2023-06-12 00:00:00+00:00,416.3756103515625,0.009030896022152872,-9.819223606473049,6.198442506135124,0.016005762105672693,0.008307699905360908,6.656912553891271e-05
2023-06-13 00:00:00+00:00,419.1207885742188,0.006571394215420065,-9.936131550247357,6.198442505821869,0.0150969814080649,0.005804117459028249,5.703976749456517e-05
2023-06-14 00:00:00+00:00,419.619873046875,0.0011900806873860312,-9.944852019455487,6.19844250551288,0.015031298327612769,0.00039184533623337126,5.078694780760475e-05
2023-06-15 00:00:00+00:00,424.82220458984375,0.012321501967952312,-10.189607433648364,6.1984425052080985,0.013299904773421658,0.01152102856739261,5.034898658376206e-05
2023-06-16 00:00:00+00:00,423.3751220703125,-0.0034121397888021206,-10.086006839047213,6.198442504907467,0.014006999550586173,-0.0042716327912443244,3.948398211057028e-05
2023-06-20 00:00:00+00:00,421.1785888671875,-0.005201654145490409,-9.948080009981243,6.198442504610928,0.015007057449217478,-0.006037037779630295,4.3762966322463716e-05
2023-06-21 00:00:00+00:00,419.0205383300781,-0.005137009104054628,-9.822285234557695,6.198442504318428,0.01598127900097269,-0.005938308491876513,5.018782926360898e-05
2023-06-22 00:00:00+00:00,420.5331115722656,0.003603283432627423,-9.880093191250989,6.1984425040299085,0.015525968301791987,0.0028351727935187936,5.6866589346379106e-05
2023-06-23 00:00:00+00:00,417.3538818359375,-0.007588720241816502,-9.708957153321526,6.198442503745321,0.016912990838190367,-0.008372340150479404,5.369366010327267e-05
2023-06-26 00:00:00+00:00,415.6487426757813,-0.004093964392353337,-9.619824184191138,6.19844250346461,0.017683791751889454,-0.004830347404831507,6.364125289694912e-05
2023-06-27 00:00:00+00:00,420.20556640625,0.010903500349761754,-9.806412716346824,6.198442503187718,0.016108615187832423,0.010193356400767389,6.953192267384627e-05
2023-06-28 00:00:00+00:00,420.4176025390625,0.0005044736931897351,-9.802609349359477,6.1984425029146,0.016139277820961542,-0.00025930003123333174,5.777014242023924e-05
2023-06-29 00:00:00+00:00,422.0745544433594,0.003933458672441035,-9.866633546450343,6.198442502645199,0.015630807687898735,0.003170729244719636,5.798877516377992e-05
2023-06-30 00:00:00+00:00,427.0552978515625,0.01173154028017583,-10.090993349062536,6.198442502379465,0.013972120024239048,0.010951491792588676,5.4416239588812645e-05
2023-07-03 00:00:00+00:00,427.5466613769531,0.0011499238311586044,-10.097527176852124,6.198442502117351,0.013926548789915179,0.0003133511302466415,4.354676840417095e-05
2023-07-05 00:00:00+00:00,426.9108276367188,-0.001488274995004409,-10.043638301405808,6.198442501858806,0.01430689288428381,-0.002326401281027678,4.326509989584467e-05
2023-07-06 00:00:00+00:00,423.56781005859375,-0.007861537368551047,-9.849833364615165,6.198442501603779,0.015762660905745143,-0.008686698262885394,4.564376649137e-05
2023-07-07 00:00:00+00:00,422.4984130859375,-0.002527928696109051,-9.78402786379011,6.198442501352225,0.0162899224132305,-0.003303485751304316,5.533181425140865e-05
2023-07-10 00:00:00+00:00,423.56781005859375,0.0025279286961090762,-9.820179804593675,6.198442501104095,0.01599811158478626,0.0017703296702434855,5.906886756932396e-05
2023-07-11 00:00:00+00:00,426.2653503417969,0.006348421004697256,-9.93268544187077,6.198442500859343,0.015123016739439683,0.0055808836765011485,5.69856244768177e-05
2023-07-12 00:00:00+00:00,429.6950073242188,0.00801363125190784,-10.085295001778409,6.198442500617925,0.014011985782520288,0.0072162829963188435,5.096106733700176e-05
2023-07-13 00:00:00+00:00,433.10546875,0.007905603399044512,-10.245521922644603,6.1984425003797945,0.012933225628165894,0.007070389747566007,4.3793916562893595e-05
2023-07-14 00:00:00+00:00,432.8357238769531,-0.0006230097010479354,-10.207036812022668,6.198442500144905,0.013184503800876256,-0.001495008552570874,3.73511071152615e-05
2023-07-17 00:00:00+00:00,434.3386535644531,0.003466272139515311,-10.268516409917446,6.198442499913214,0.012785380714450368,0.002602843563376826,3.88063836556985e-05
2023-07-18 00:00:00+00:00,437.5660400390625,0.007403105495994996,-10.429249655366572,6.198442499684678,0.011798067699224788,0.006526063608625759,3.6507771203260494e-05
2023-07-19 00:00:00+00:00,438.5390625,0.0022212468759442226,-10.461682315124406,6.198442499459255,0.01160828925488728,0.001310516987433996,3.112122051502348e-05
2023-07-20 00:00:00+00:00,435.6295776367188,-0.006656600278340815,-10.25088692946781,6.198442499236899,0.01289857869548376,-0.0075738077360312205,3.0134744712717823e-05
2023-07-21 00:00:00+00:00,435.6295776367188,0.0,-10.227621160202833,6.198442499017571,0.013049502510717082,-0.0008731806335842726,3.715261637086518e-05
2023-07-24 00:00:00+00:00,437.57562255859375,0.004457252758674959,-10.313682125416014,6.19844249880123,0.0124998860544697,0.003589219870880605,3.8021090915681566e-05
2023-07-25 00:00:00+00:00,438.7702941894531,0.0027264858501632894,-10.35841293225486,6.198442498587835,0.01222342417458805,0.0018397045198614028,3.490632246922319e-05
2023-07-26 00:00:00+00:00,438.8377685546875,0.00015376879094833196,-10.33663526299574,6.198442498377347,0.012357250301717988,-0.0007424452837281615,3.3389541921247814e-05
2023-07-27 00:00:00+00:00,435.92822265625,-0.006652194202844122,-10.139968360265643,6.198442498169723,0.013634132770991746,-0.007543842015397246,3.41195875531206e-05
2023-07-28 00:00:00+00:00,440.1960754394531,0.009742650787959892,-10.346875844869349,6.198442497964924,0.012294139295598888,0.0088945548125083,4.1479322404979105e-05
2023-07-31 00:00:00+00:00,441.0342712402344,0.0019023313409843759,-10.37063342211416,6.198442497762915,0.012148963775050446,0.0010085301691700201,3.3774328732842196e-05
2023-08-01 00:00:00+00:00,439.7721557617188,-0.00286582001136458,-10.269460014661936,6.198442497563658,0.012779349960518991,-0.0037645748862628935,3.2986742117228305e-05
2023-08-02 00:00:00+00:00,433.6546325683594,-0.014008325169748426,-9.896666951559762,6.198442497367114,0.015397838083448502,-0.014885572776302577,3.647357365450849e-05
2023-08-03 00:00:00+00:00,432.4118347167969,-0.002869984583321383,-9.821627711369983,6.1984424971732475,0.01598653388120699,-0.0036579695535094324,5.281706784254664e-05
2023-08-04 00:00:00+00:00,430.4561462402344,-0.004533003584633243,-9.71709189983647,6.198442496982019,0.016844339088073233,-0.00530093524381208,5.6903737145904715e-05
2023-08-07 00:00:00+00:00,434.21337890625,0.008690618101775894,-9.869661954801181,6.198442496793395,0.015607157352444816,0.007951897704254581,6.312915548282572e-05
2023-08-08 00:00:00+00:00,432.3251953125,-0.004357997758701908,-9.765556821542662,6.198442496607339,0.01644106519293577,-0.005138851895425686,5.425281664317125e-05
2023-08-09 00:00:00+00:00,429.4349365234375,-0.006707828592985402,-9.622408562416092,6.198442496423817,0.01766095569059934,-0.0074602805760433,6.016247813951168e-05
2023-08-10 00:00:00+00:00,429.5890808105469,0.00035888237267723774,-9.618634530409055,6.1984424962427935,0.017694313659837316,-0.00035203883093235,6.935368229324023e-05
2023-08-11 00:00:00+00:00,429.338623046875,-0.000583187082325165,-9.597925043523334,6.198442496064234,0.017878485618893714,-0.0012929729062170553,6.961412506402766e-05
2023-08-14 00:00:00+00:00,431.7085266113281,0.005504714927097554,-9.686401326294474,6.1984424958881075,0.017104813717153337,0.004801197360958451,7.106077575031399e-05
2023-08-15 00:00:00+00:00,426.6795349121094,-0.011717425867734308,-9.456336171706035,6.198442495714377,0.019190061313564336,-0.012447278230496947,6.508301651012516e-05
2023-08-16 00:00:00+00:00,423.548583984375,-0.00736500007674461,-9.326526528598494,6.198442495543011,0.020476898056724434,-0.008023890907951184,8.179017644245154e-05
2023-08-17 00:00:00+00:00,420.3211975097656,-0.00764905268806326,-9.202190577653699,6.198442495373979,0.02179030839867823,-0.008264178804018852,9.304469967106575e-05
2023-08-18 00:00:00+00:00,420.52349853515625,0.0004811852420443351,-9.206339590601669,6.198442495207251,0.021745151118111653,-8.929177770382047e-05,0.00010527401260881241
2023-08-21 00:00:00+00:00,423.2594909667969,0.006485084564370436,-9.298685973962876,6.198442495042792,0.020763935339261866,0.005913072744500331,0.00010484110570781543
2023-08-22 00:00:00+00:00,422.1131286621094,-0.002712089274564118,-9.25243426233627,6.198442494880571,0.021249714493370514,-0.0033174559925706467,9.565331825630422e-05
2023-08-23 00:00:00+00:00,426.8144836425781,0.011076098776224392,-9.415270485584836,6.198442494720558,0.01958816090020903,0.010487246676959432,0.00010014970730395562
2023-08-24 00:00:00+00:00,420.8992919921875,-0.013955860637490401,-9.18118771049188,6.198442494562726,0.0220203436085302,-0.01460121020677009,8.519496180660274e-05
2023-08-25 00:00:00+00:00,423.8665161132813,0.0070249915312567855,-9.280600410154179,6.1984424944070415,0.020952550594377194,0.006462332583903038,0.00010749302752685388
2023-08-28 00:00:00+00:00,426.5543518066406,0.006321210461134839,-9.37279434151011,6.198442494253474,0.02000862478823534,0.005722256244911392,9.738696800144135e-05
2023-08-29 00:00:00+00:00,432.7200927734375,0.01435128631997385,-9.5961390793234,6.198442494102002,0.017894457912563527,0.013720236688297123,8.886588076363509e-05
2023-08-30 00:00:00+00:00,434.50244140625,0.004110481617162846,-9.659690613827165,6.198442493952588,0.017334786861862555,0.0034075076443111072,7.11869326318323e-05
2023-08-31 00:00:00+00:00,433.8665771484375,-0.0014645026662035686,-9.621769808301055,6.198442493805211,0.017666597089697735,-0.0021865262050337064,6.68326595058515e-05
2023-09-01 00:00:00+00:00,434.67584228515625,0.0018635022373162632,-9.645189177062633,6.198442493659841,0.017460933292442735,0.001152773046921501,6.939769357592139e-05
2023-09-05 00:00:00+00:00,432.7972106933594,-0.004331280429452886,-9.555335622818484,6.19844249351645,0.018263285344300773,-0.00504900995061702,6.780217330039666e-05
2023-09-06 00:00:00+00:00,429.8877258300781,-0.006745210844362565,-9.42840397759699,6.198442493375012,0.019459951838460058,-0.007435633242821658,7.413101399858906e-05
2023-09-07 00:00:00+00:00,428.5678405761719,-0.0030750253026536525,-9.371184859301106,6.198442493235501,0.02002473302911239,-0.0037247356651785076,8.409091416811405e-05
2023-09-08 00:00:00+00:00,429.2133483886719,0.0015050643279561106,-9.389440947989346,6.198442493097889,0.019842778087478693,0.0008745624950283128,8.900804534492761e-05
2023-09-11 00:00:00+00:00,432.0361328125,0.006555114617180195,-9.488895949532832,6.1984424929621476,0.018880178513483756,0.005918424802382074,8.740874953940822e-05
2023-09-12 00:00:00+00:00,429.66607666015625,-0.005500884418595882,-9.388036975694385,6.198442492828257,0.01985671233240585,-0.006170317165000012,7.918760559708168e-05
2023-09-13 00:00:00+00:00,430.1670837402344,0.001165358955322583,-9.400738468127118,6.1984424926961905,0.019731006975270384,0.0005291430344687173,8.753071568329298e-05
2023-09-14 00:00:00+00:00,433.8761596679688,0.008585446941390839,-9.533459128699397,6.198442492565923,0.01846415022145307,0.00794495578690627,8.643347503763392e-05
2023-09-15 00:00:00+00:00,428.6487426757813,-0.012121345092500091,-9.315237788355942,6.198442492437427,0.020592804040737458,-0.01280493258442356,7.575928692839427e-05
2023-09-18 00:00:00+00:00,428.9000549316406,0.0005861176967538595,-9.319535396789764,6.198442492310681,0.020548601644406816,-2.5067451096696274e-05,9.409375161521067e-05
2023-09-19 00:00:00+00:00,428.0106201171875,-0.0020759109665981555,-9.282387955348687,6.19844249218566,0.020933832139265203,-0.002688599040679647,9.369299182025975e-05
2023-09-20 00:00:00+00:00,424.0757446289063,-0.009235926361963263,-9.137163136872193,6.198442492062342,0.0225104359584348,-0.009835516946400696,9.721422699290102e-05
2023-09-21 00:00:00+00:00,417.0664978027344,-0.016666406031795148,-8.898605526208414,6.198442491940704,0.02536214802721117,-0.01721241034969017,0.00011229729947893148
2023-09-22 00:00:00+00:00,416.128662109375,-0.002251179878487924,-8.872071146309406,6.198442491820723,0.025700874467755926,-0.0027003230192000223,0.00014231996075624438
2023-09-25 00:00:00+00:00,417.8786010742188,0.004196465930634956,-8.92658536459677,6.198442491702374,0.025009804003826082,0.003758822847404063,0.000146120391812833
2023-09-26 00:00:00+00:00,411.7394409179688,-0.014800237962131936,-8.738697143394992,6.198442491585637,0.02747322842634337,-0.015261344602700587,0.0001384195191724353
2023-09-27 00:00:00+00:00,411.90374755859375,0.00039897529683554446,-8.747572613143866,6.19844249147049,0.027351579644210002,2.1488596636343963e-05,0.00016681639380320735
2023-09-28 00:00:00+00:00,414.2917785644531,0.005780805101358502,-8.819330968522205,6.19844249135691,0.026387623835936423,0.005399190324338657,0.00016535239611273946
2023-09-29 00:00:00+00:00,413.2862854003906,-0.002429966918189733,-8.792906928553842,6.198442491244878,0.0267385709038359,-0.002844297425906144,0.0001539781605132329
2023-10-02 00:00:00+00:00,413.1219787597656,-0.0003976403671542188,-8.791584313659335,6.198442491134369,0.02675625916757969,-0.0008000591400224044,0.00015807258196918613
2023-10-03 00:00:00+00:00,407.5918273925781,-0.013476646851370995,-8.633820665430473,6.198442491025364,0.028952317645241345,-0.013878465283139541,0.0001582803593439152
2023-10-04 00:00:00+00:00,410.5599670410156,0.007255750559548694,-8.719801259416279,6.198442490917845,0.027734023942968217,0.006928446017690184,0.0001851291714004777
2023-10-05 00:00:00+00:00,410.4052734375,-0.0003768578685652244,-8.71994939288039,6.1984424908117886,0.027731969850151278,-0.0007454950528124037,0.00016997656420527176
2023-10-06 00:00:00+00:00,415.2778930664063,0.011802774700201624,-8.860707443141814,6.198442490707175,0.025847318661578605,0.011434067817123382,0.000169951558834088
2023-10-09 00:00:00+00:00,417.93658447265625,0.0063817912466691525,-8.942153381683957,6.1984424906039886,0.024815883192143968,0.005949119750016781,0.0001477788586080543
2023-10-10 00:00:00+00:00,420.1119079589844,0.00519141408051354,-9.010285463582058,6.198442490502207,0.023984741528236018,0.004723722556597121,0.0001362957831654932
2023-10-11 00:00:00+00:00,421.8327941894531,0.004087889911372816,-9.064955418914487,6.198442490401811,0.023337998773382863,0.0035919716596295296,0.00012737821717131705
2023-10-12 00:00:00+00:00,419.2611389160156,-0.006115044196297159,-8.980465055830622,6.198442490302783,0.024345038287898732,-0.006632931344313227,0.00012064643699566532
2023-10-13 00:00:00+00:00,417.1728515625,-0.0049933209703791216,-8.91547440784722,6.198442490205104,0.02514913208315476,-0.005477002235471023,0.00013120715951402858
2023-10-16 00:00:00+00:00,421.5621032714844,0.010466457258344433,-9.050240587243096,6.198442490108754,0.023510339347486624,0.010010081504589098,0.00013995544504266454
2023-10-17 00:00:00+00:00,421.5427551269531,-4.589736221284086e-05,-9.049148123320002,6.198442490013714,0.023523184954006685,-0.0005579299536257004,0.00012242254817509021
2023-10-18 00:00:00+00:00,415.9256591796875,-0.013414667551959036,-8.866322069131297,6.19844248991997,0.02577485890168167,-0.013926263778898792,0.00012255544884560892
2023-10-19 00:00:00+00:00,412.2711791992188,-0.008825205627352643,-8.759105586911419,6.1984424898275,0.027194310992943414,-0.00926033701269705,0.00014695709698159297
2023-10-20 00:00:00+00:00,407.20513916015625,-0.012364248885513568,-8.617489752909716,6.19844248973629,0.0291896943495576,-0.01275120066356869,0.00016346922426814357
2023-10-23 00:00:00+00:00,406.4994201660156,-0.0017345833029891993,-8.604407788230567,6.198442489646321,0.02938124942067051,-0.002053835843653679,0.00018815632936710366
2023-10-24 00:00:00+00:00,409.5641784667969,0.007511112404865026,-8.692420391891853,6.198442489557578,0.028116325723420113,0.0071983572337846555,0.00019061691901577267
2023-10-25 00:00:00+00:00,403.68603515625,-0.01445617985742633,-8.532682403120496,6.198442489470045,0.030454062131921443,-0.014811845506727653,0.0001746622991904336
2023-10-26 00:00:00+00:00,398.85205078125,-0.012046887048886217,-8.413078053668688,6.198442489383703,0.03233083967219554,-0.012323258707825722,0.00020469092578469884
2023-10-27 00:00:00+00:00,397.0441284179688,-0.004543118864359758,-8.376782313976367,6.198442489298539,0.03292293189842808,-0.004755862118811285,0.00023050866625163297
2023-10-30 00:00:00+00:00,401.79107666015625,0.011884814507292039,-8.501714407181035,6.198442489214533,0.030929282427574863,0.011692139653553195,0.00023896957729640727
2023-10-31 00:00:00+00:00,404.314453125,0.006260680801248639,-8.574117627250292,6.198442489131671,0.029829617521350667,0.006000423009509759,0.00021108430571106936
2023-11-01 00:00:00+00:00,408.6263427734375,0.010608226592806452,-8.694586948824856,6.198442489049934,0.028085884402614163,0.01031067852202725,0.00019643841929996634
2023-11-02 00:00:00+00:00,416.4573974609375,0.018983018250148857,-8.915860585772581,6.19844248896931,0.02514427652823611,0.018626319768443485,0.00017428687250306305
2023-11-03 00:00:00+00:00,420.2569274902344,0.009082086998527212,-9.033031051469646,6.198442488889785,0.023713513235369375,0.00862554637749339,0.00013990177684759846
2023-11-06 00:00:00+00:00,421.2237548828125,0.002297920411650779,-9.06382447370593,6.198442488811342,0.023351199499659563,0.0017927894345797918,0.00012453297529071
2023-11-07 00:00:00+00:00,422.4225463867188,0.0028419310532057495,-9.102061595224871,6.198442488733968,0.02290899876314854,0.0023244923557166567,0.00012078202554657324
2023-11-08 00:00:00+00:00,422.73187255859375,0.0007319992151800288,-9.110989386206791,6.198442488657649,0.022806963293917685,0.00019953728295212273,0.00011628121990989621
2023-11-09 00:00:00+00:00,419.4351501464844,-0.007829181534997495,-8.999799253071426,6.1984424885823675,0.02411082629583228,-0.008365110278690729,0.0001152547348301606
2023-11-10 00:00:00+00:00,425.9803466796875,0.015484285140177544,-9.205534437993416,6.198442488508111,0.021753906944794472,0.014992649327178916,0.00012871173929148596
2023-11-13 00:00:00+00:00,425.57427978515625,-0.0009537072847468445,-9.188557280488974,6.198442488434868,0.021939352668641464,-0.0015254215103295819,0.0001049249756758538
2023-11-14 00:00:00+00:00,433.8307800292969,0.019215046934341624,-9.465829126259159,6.198442488362618,0.019099191931339306,0.018649635459727403,0.00010670913397940873
2023-11-15 00:00:00+00:00,434.7492065429688,0.00211477784466387,-9.49377837741376,6.198442488291353,0.018834144160202855,0.0014527958462425654,8.10226737721903e-05
2023-11-16 00:00:00+00:00,435.2809448242188,0.001222344643162959,-9.506592865626093,6.19844248822106,0.018713854973480895,0.0005513457522461354,7.880454847844788e-05
2023-11-17 00:00:00+00:00,435.8223876953125,0.0012431198931453025,-9.519664134658548,6.198442488151724,0.01859194686418321,0.000568028493672545,7.78079622371076e-05
2023-11-20 00:00:00+00:00,439.1771545410156,0.007668080089087327,-9.642977065187354,6.198442488083331,0.01748025673364293,0.006988840918314898,7.680438946199113e-05
2023-11-21 00:00:00+00:00,438.2200012207031,-0.0021818026049406605,-9.592497102601175,6.198442488015868,0.01792707318552837,-0.0028988743755570573,6.795129844875875e-05
2023-11-22 00:00:00+00:00,439.9118957519531,0.003853399769709004,-9.65140585100979,6.198442487949324,0.017406743079803975,0.0031515357990889994,7.144488893959998e-05
2023-11-24 00:00:00+00:00,440.18255615234375,0.0006150712763562981,-9.651879920639363,6.198442487883686,0.017402617564503915,-0.00010450285022494277,6.738483839536589e-05
2023-11-27 00:00:00+00:00,439.389892578125,-0.0018023843060327302,-9.608014272730053,6.1984424878189435,0.017788522635945693,-0.002522098864547804,6.735311898421747e-05
2023-11-28 00:00:00+00:00,439.8248596191406,0.0009894444455457515,-9.615776433530911,6.198442487755083,0.017719617748444792,0.00028286506233966163,7.035228057925813e-05
2023-11-29 00:00:00+00:00,439.5154724121094,-0.0007036802669634911,-9.59296461631267,6.198442487692091,0.01792288309829218,-0.0014126048440452326,6.981201051982578e-05
2023-11-30 00:00:00+00:00,441.24603271484375,0.003929696108825297,-9.65323950861647,6.198442487629955,0.01739079138928353,0.0032276895369695007,7.141172334994487e-05
2023-12-01 00:00:00+00:00,443.8564147949219,0.005898502836273647,-9.750647052208365,6.198442487568667,0.016564089415044184,0.005178385715238325,6.726223342721635e-05
2023-12-04 00:00:00+00:00,441.5264587402344,-0.005263172584056329,-9.636574343545997,6.1984424875082125,0.017536307012139287,-0.006011435317002959,6.10599878053929e-05
2023-12-05 00:00:00+00:00,441.439453125,-0.00019707581990836929,-9.622462953049643,6.198442487448582,0.017660475382032248,-0.0009122397245286707,6.838477636330982e-05
2023-12-06 00:00:00+00:00,439.6604919433594,-0.004038051775825004,-9.539222542745646,6.1984424873897614,0.01841101852990691,-0.004748989326762742,6.934993597265148e-05
2023-12-07 00:00:00+00:00,443.0153198242188,0.007601531594118685,-9.662312473204404,6.198442487331741,0.017312077049518385,0.006916136219725127,7.532687630143403e-05
2023-12-08 00:00:00+00:00,444.919921875,0.004289963687276682,-9.73038572334274,6.198442487274515,0.016732747512775946,0.0035671670855266418,6.665885707448992e-05
2023-12-11 00:00:00+00:00,446.6504211425781,0.0038819179086563484,-9.792098145383308,6.198442487218068,0.016224322695064262,0.0031393980154626293,6.230113882786377e-05
2023-12-12 00:00:00+00:00,448.6904296875,0.00455695073720826,-9.868183530757836,6.198442487162386,0.01561869859717573,0.0037971176667711253,5.859731397987911e-05
2023-12-13 00:00:00+00:00,454.8779296875,0.013695912778304148,-10.132805732956575,6.198442487107463,0.013683048396782832,0.012915451796178003,5.433253589527971e-05
2023-12-14 00:00:00+00:00,456.33782958984375,0.0032042930263354386,-10.186812028998594,6.1984424870532875,0.013318507048233931,0.0023578648914600086,4.177544576588903e-05
2023-12-15 00:00:00+00:00,455.58636474609375,-0.0016480865811234044,-10.125581589451917,6.198442486999852,0.013732561918561075,-0.0025069452022388064,3.959375413251939e-05
2023-12-18 00:00:00+00:00,458.149169921875,0.005609526605484883,-10.235287044567851,6.198442486947145,0.01299958023814295,0.00476478665508707,4.207625377977127e-05
2023-12-19 00:00:00+00:00,460.93505859375,0.006062332738728966,-10.360914943041786,6.198442486895154,0.012208142148106468,0.005192597135974961,3.7732715881308576e-05
2023-12-20 00:00:00+00:00,454.54779052734375,-0.013954104579225074,-9.971167263461862,6.198442486843869,0.014834817595359916,-0.014850840110785649,3.330667462215971e-05
2023-12-21 00:00:00+00:00,458.8577575683594,0.009437207902696105,-10.156830532592979,6.1984424867932875,0.013519665423618188,0.008630039326096824,4.905013874666779e-05
2023-12-22 00:00:00+00:00,459.7799072265625,0.0020076467649455363,-10.183001077367598,6.198442486743392,0.013343909334831901,0.0011556477216166168,4.079045328386792e-05
2023-12-26 00:00:00+00:00,461.7213134765625,0.004213579057157479,-10.261869386531098,6.198442486694175,0.012827943745782958,0.0033555867026031218,3.974389720165058e-05
2023-12-27 00:00:00+00:00,462.5561828613281,0.0018065345421214817,-10.283201854303906,6.198442486645629,0.012691845018171943,0.0009309445343117727,3.674957875784541e-05
2023-12-28 00:00:00+00:00,462.7308654785156,0.0003775749797346061,-10.268663528247483,6.198442486597744,0.012784440245831395,-0.0005026576439949176,3.5979165103890583e-05
2023-12-29 00:00:00+00:00,461.3913269042969,-0.002899052795052589,-10.17276989122716,6.198442486550511,0.013412346243073626,-0.0037761267626425957,3.650243732123437e-05
2024-01-02 00:00:00+00:00,458.8091735839844,-0.005612168427041742,-10.017971020714938,6.198442486503921,0.014491685619828786,-0.0064678270081570685,4.014980540565425e-05
2024-01-03 00:00:00+00:00,455.0622863769531,-0.008200077071277628,-9.81948464108973,6.198442486457962,0.016003673173642655,-0.00901893949575647,4.6822272023042336e-05
2024-01-04 00:00:00+00:00,453.5964660644531,-0.003226341198106028,-9.741130101636028,6.198442486412632,0.01664309705162597,-0.003993689100843153,5.7024981770964616e-05
2024-01-05 00:00:00+00:00,454.2177734375,0.0013687986881435082,-9.754854472363455,6.1984424863679175,0.01652927999803122,0.0006232262295492923,6.163985912975272e-05
2024-01-08 00:00:00+00:00,460.7021179199219,0.014174908901203367,-10.01566336209449,6.198442486323814,0.014508416201386596,0.013425460851592385,6.080537012886214e-05
2024-01-09 00:00:00+00:00,460.003173828125,-0.00151828002364478,-9.964230849670866,6.198442486280313,0.014886357134221033,-0.002336572230765997,4.6929706790183344e-05
2024-01-10 00:00:00+00:00,462.6047058105469,0.005639533185943504,-10.068010871093023,6.1984424862374015,0.014133603009029168,0.004834120902708232,4.9389213186213065e-05
2024-01-11 00:00:00+00:00,462.40081787109375,-0.0004408361626718793,-10.03887549157392,6.198442486195074,0.014341003961307225,-0.0012719039667320432,4.455217499621353e-05
2024-01-12 00:00:00+00:00,462.72113037109375,0.0006924763019802235,-10.035695635285274,6.198442486153324,0.014363823262766043,-0.00013152190906959673,4.586018545552615e-05
2024-01-16 00:00:00+00:00,461.0224304199219,-0.0036778645894584745,-9.935583535215102,6.198442486112142,0.015101118624030034,-0.0045010850109706325,4.600524699658375e-05
2024-01-17 00:00:00+00:00,458.4597473144531,-0.005574202095711588,-9.801491633099827,6.19844248607152,0.01614829987438153,-0.006372296478588148,5.0814597213510685e-05
2024-01-18 00:00:00+00:00,462.5367736816406,0.008853568728902392,-9.962682999416172,6.198442486031453,0.014897882518915747,0.008091146569534595,5.8053183132783773e-05
2024-01-19 00:00:00+00:00,468.3028259277344,0.012389086155502233,-10.21083898537452,6.198442485991932,0.013159462703259215,0.011584066612759847,4.946519644845677e-05
2024-01-22 00:00:00+00:00,469.29296875,0.0021120896573243605,-10.239611646870571,6.198442485952949,0.012971501597391914,0.0012478070625754406,3.866011934112868e-05
2024-01-23 00:00:00+00:00,470.6616821289063,0.002912298683813415,-10.288113482382094,6.198442485914497,0.012660714446928529,0.002041605373915573,3.757099915504077e-05
2024-01-24 00:00:00+00:00,471.1761779785156,0.0010925360352944133,-10.291467335164807,6.198442485876567,0.012639501152217073,0.00021124143420750744,3.5804083405180845e-05
2024-01-25 00:00:00+00:00,473.7388610839844,0.005424168909823925,-10.403923026064176,6.198442485839154,0.011948420294136161,0.004542150635621372,3.568502049915662e-05
2024-01-26 00:00:00+00:00,473.1370239257813,-0.0012712061818799091,-10.34317871734151,6.198442485802251,0.01231688679592553,-0.002176804700147334,3.191396007064789e-05
2024-01-29 00:00:00+00:00,476.8839416503906,0.007888114660332316,-10.521666440459152,6.1984424857658516,0.011265301856355235,0.006995089646788278,3.3898571685816565e-05
2024-01-30 00:00:00+00:00,476.5151062011719,-0.00077372736725572,-10.470018913898954,6.198442485729948,0.01156000311547443,-0.0017026436065841364,2.8391916071894766e-05
2024-01-31 00:00:00+00:00,468.7396240234375,-0.01645198338467447,-9.988586777388372,6.198442485694531,0.014706170990975754,-0.017370839072244567,2.988626966576862e-05
2024-02-01 00:00:00+00:00,474.8746337890625,0.01300339871119533,-10.252949658797743,6.198442485659594,0.012885282393156077,0.012191846110903869,4.8208844427801083e-05
2024-02-02 00:00:00+00:00,479.873779296875,0.010472269189612275,-10.488483326711437,6.198442485625136,0.011453769918458236,0.009598635023644784,3.707658201103921e-05
2024-02-05 00:00:00+00:00,478.12646484375,-0.003647841222172264,-10.358172236145936,6.198442485591146,0.012224895308569394,-0.00457032330877793,2.934320165942931e-05
2024-02-06 00:00:00+00:00,479.51458740234375,0.002899047670401368,-10.40789574592471,6.198442485557618,0.011924709986812032,0.002002883794604081,3.3397524706895885e-05
2024-02-07 00:00:00+00:00,483.5139770507813,0.008305906571320295,-10.602642374828344,6.198442485524547,0.010818302787176293,0.0073994988756608295,3.1788289040402684e-05
2024-02-08 00:00:00+00:00,483.7275390625,0.00044158984417298655,-10.58375574120872,6.198442485491925,0.010920947337412371,-0.0005025895585595053,2.6197963934399233e-05
2024-02-09 00:00:00+00:00,486.5232238769531,0.005762824742485109,-10.720247368672565,6.19844248545975,0.010200501699726559,0.004822150599978796,2.669401301985925e-05
2024-02-12 00:00:00+00:00,486.3096008300781,-0.00043917730751513186,-10.671554406410536,6.1984424854280125,0.010451895886024841,-0.001404459187595151,2.3309945051188683e-05
2024-02-13 00:00:00+00:00,479.6116638183594,-0.013868717076671037,-10.215861135001385,6.198442485396706,0.013126459760699457,-0.014825410960972193,2.4464924093277243e-05
2024-02-14 00:00:00+00:00,483.97015380859375,0.009046496384710594,-10.412919930243513,6.198442485365825,0.011894791610658166,0.008181088217204561,3.8467768885664314e-05
2024-02-15 00:00:00+00:00,487.3094787597656,0.006876162119694265,-10.569836988269268,6.198442485335365,0.010997215402389886,0.005968733364062579,3.1630064931123406e-05
2024-02-16 00:00:00+00:00,484.8826293945313,-0.004992540848128981,-10.39438250211151,6.198442485305321,0.012005553550302254,-0.005930610620082646,2.70655845669209e-05
2024-02-20 00:00:00+00:00,482.2132263183594,-0.00552046591802071,-10.221356839143859,6.198442485275685,0.013090439702420279,-0.006424114656698683,3.221779319614645e-05
2024-02-21 00:00:00+00:00,482.6500244140625,0.0009054093939445167,-10.220796862952788,6.198442485246454,0.013094105382803924,3.877273217753124e-05,3.825837756108923e-05
2024-02-22 00:00:00+00:00,492.6387023925781,0.02048424630759626,-10.69651516703605,6.198442485217618,0.010322262867422424,0.019617734667986133,3.8279660907320405e-05
2024-02-23 00:00:00+00:00,492.9784240722656,0.0006893583401080403,-10.68339331103402,6.198442485189175,0.010390209142442314,-0.0002717638206991592,2.3865888397741063e-05
2024-02-26 00:00:00+00:00,491.17291259765625,-0.0036691785764012487,-10.53708095912123,6.19844248516112,0.01117881098458952,-0.004627979638770638,2.41789493364373e-05
2024-02-27 00:00:00+00:00,492.0853576660156,0.0018559626862470018,-10.559723102763268,6.19844248513345,0.011052968542249197,0.0009240934705739632,2.7960568275158304e-05
2024-02-28 00:00:00+00:00,491.4350280761719,-0.0013224528826255336,-10.490894494183253,6.198442485106152,0.011439969759282305,-0.002258618897371734,2.733882281778479e-05
2024-02-29 00:00:00+00:00,493.2016906738281,0.003588459499420105,-10.56169751793623,6.198442485079227,0.0110420623519989,0.0026655063108490186,2.927301767767844e-05
2024-03-01 00:00:00+00:00,497.8320007324219,0.00934447293084189,-10.800126577744248,6.198442485052669,0.00980112623234698,0.008407934516446537,2.728526589982728e-05
2024-03-04 00:00:00+00:00,497.2981262207031,-0.0010729743748649023,-10.728116808795908,6.198442485026475,0.010160444439232006,-0.0020519024976194166,2.153213703680703e-05
2024-03-05 00:00:00+00:00,492.3280334472656,-0.010044468835889815,-10.378555826363646,6.198442485000634,0.01210093444433486,-0.01101111926362656,2.3128472032460394e-05
2024-03-06 00:00:00+00:00,494.8227233886719,0.005054334882428379,-10.48526115641541,6.198442484975148,0.011472237788792486,0.004153941054644039,3.2728211492705025e-05
2024-03-07 00:00:00+00:00,499.7346801757813,0.009877754079860163,-10.730389830909836,6.198442484950008,0.010148903541107493,0.008955902432882006,2.94372549741267e-05
2024-03-08 00:00:00+00:00,496.735107421875,-0.006020416978616166,-10.506487725566902,6.19844248492521,0.011351123511369885,-0.0069874617054808425,2.307631852589862e-05
2024-03-11 00:00:00+00:00,496.3079833984375,-0.000860232660042928,-10.452962096321864,6.198442484900748,0.011659013145327558,-0.0017862189244802437,2.8823167300445655e-05
2024-03-12 00:00:00+00:00,501.64691162109375,0.01069984061506385,-10.716974208612552,6.19844248487662,0.010217209304297111,0.009784364549999267,3.0396864567642418e-05
2024-03-13 00:00:00+00:00,500.8606567382813,-0.0015685767745570222,-10.63324266758843,6.198442484852821,0.010654040989210035,-0.002533287853758719,2.3385844323715246e-05
2024-03-14 00:00:00+00:00,499.8705139160156,-0.0019788394214179618,-10.541491236949383,6.198442484829345,0.011154187312298178,-0.0029286287562816093,2.5413751931775415e-05
2024-03-15 00:00:00+00:00,496.4381103515625,-0.006890268859496288,-10.314648158668014,6.198442484806189,0.012493849837734388,-0.007822978806495275,2.7838364624670037e-05
2024-03-18 00:00:00+00:00,499.3885192871094,0.005925564713180833,-10.440922552570434,6.198442484783349,0.011729409416751373,0.005038577446190651,3.4872848217539176e-05
2024-03-19 00:00:00+00:00,502.1636962890625,0.005541766192918167,-10.563522036275838,6.198442484760819,0.011031993722223648,0.004628692924865672,3.0762510651350755e-05
2024-03-20 00:00:00+00:00,506.8083801269531,0.009206828921368754,-10.798178783003953,6.198442484738598,0.009810676172600206,0.008269946704206436,2.723586827956328e-05
2024-03-21 00:00:00+00:00,508.4832153320313,0.003299223064125026,-10.867930544901865,6.19844248471668,0.009474417932172552,0.0023206212965979334,2.1573831029639815e-05
2024-03-22 00:00:00+00:00,507.5191955566406,-0.0018976727896673417,-10.765139287711094,6.19844248469506,0.009974092146117738,-0.0028877670126224433,2.0129890231826837e-05
2024-03-25 00:00:00+00:00,506.1170349121094,-0.0027665971217987768,-10.640717440236198,6.198442484673731,0.010614297037397925,-0.0037396147224259026,2.229349309861031e-05
2024-03-26 00:00:00+00:00,505.1822204589844,-0.0018487400527864592,-10.552447688256448,6.198442484652697,0.01109324922566952,-0.002799886826819821,2.5225786165261048e-05
2024-03-27 00:00:00+00:00,509.4277038574219,0.008368749555282195,-10.761895213881173,6.198442484631947,0.009990283619727173,0.007433958931512452,2.7537080747866615e-05
2024-03-28 00:00:00+00:00,509.3303833007813,-0.00019105724541160416,-10.719670587927947,6.19844248461148,0.010203443849351143,-0.001163521593496842,2.2365436620748285e-05
2024-04-01 00:00:00+00:00,508.44427490234375,-0.0017412668220542233,-10.630418573534747,6.1984424845912915,0.010669095622187598,-0.0027064481856382107,2.332330175903615e-05
2024-04-02 00:00:00+00:00,505.2114562988281,-0.006378555292219472,-10.407654727892904,6.1984424845713795,0.011926147106998537,-0.007327830450991962,2.5485132527309748e-05
2024-04-03 00:00:00+00:00,505.7664489746094,0.0010979324644741254,-10.409991968879599,6.1984424845517365,0.011912218107495693,0.00019157381473265613,3.179589916374417e-05
2024-04-04 00:00:00+00:00,499.593017578125,-0.012281197313867807,-10.054788179181607,6.198442484532362,0.014227354716095382,-0.013188031332558036,3.172217774734126e-05
2024-04-05 00:00:00+00:00,504.8122253417969,0.010392726993539821,-10.268684161725886,6.198442484513252,0.012784308349444797,0.009564854953541636,4.5141108950755014e-05
2024-04-08 00:00:00+00:00,505.0946350097656,0.0005592786551262618,-10.25894064824052,6.198442484494401,0.0128467423479591,-0.00031779981155622675,3.650168930178758e-05
2024-04-09 00:00:00+00:00,505.6788024902344,0.0011558822656718604,-10.264145107459358,6.198442484475809,0.01281335563339557,0.0002809334915987818,3.685662901960248e-05
2024-04-10 00:00:00+00:00,500.6154479980469,-0.010063452556644183,-9.990445399167397,6.198442484457468,0.014692510732154551,-0.010939540179587303,3.666661208057328e-05
2024-04-11 00:00:00+00:00,504.3934631347656,0.00751840683466722,-10.136024468192884,6.198442484439375,0.013661045047703551,0.006706388704298943,4.81199366010823e-05
2024-04-12 00:00:00+00:00,497.4313659667969,-0.01389905509564593,-9.791176696566515,6.19844248442153,0.016231799353073947,-0.014746233457245532,4.164211345873449e-05
2024-04-15 00:00:00+00:00,491.199462890625,-0.012607305857278962,-9.52992137438073,6.198442484403928,0.01849683991969823,-0.013366884301449503,5.865096409904881e-05
2024-04-16 00:00:00+00:00,490.30364990234375,-0.0018253905165380516,-9.4898525820056,6.198442484386564,0.018871149956745974,-0.002507865711083765,7.602594194841532e-05
2024-04-17 00:00:00+00:00,487.4018859863281,-0.005935882184822059,-9.381571630158255,6.198442484369438,0.019921006429494664,-0.006605622090999807,7.911240538551682e-05
2024-04-18 00:00:00+00:00,486.3989562988281,-0.0020598257848203124,-9.342608233018282,6.198442484352545,0.020312906516649656,-0.0026938551370950144,8.809457444614893e-05
2024-04-19 00:00:00+00:00,482.1534729003906,-0.0087667130060391,-9.199462254892342,6.198442484335879,0.021820054150172616,-0.009387415326506025,9.157040900879227e-05
2024-04-22 00:00:00+00:00,486.5937194824219,0.009167051448542955,-9.33088426016195,6.198442484319443,0.0204323301868713,0.008597585412914381,0.00010555965883008274
2024-04-23 00:00:00+00:00,492.3679504394531,0.011796780401231726,-9.510284717155212,6.198442484303232,0.018679342440861394,0.011180138874953388,9.264287585544851e-05
2024-04-24 00:00:00+00:00,492.13421630859375,-0.0004748270611184373,-9.493962408494651,6.198442484287241,0.01883241119655382,-0.001151092687355323,7.752319151275861e-05
2024-04-25 00:00:00+00:00,490.2646484375,-0.0038061325092366666,-9.42151409910324,6.198442484271469,0.0195271057723063,-0.004477190357881725,7.879014637916034e-05
2024-04-26 00:00:00+00:00,494.909423828125,0.009429419504183661,-9.56911767706556,6.198442484255913,0.01813786516181059,0.00878199328327361,8.466830569803616e-05
2024-04-29 00:00:00+00:00,496.662109375,0.0035351708142568328,-9.62206368288727,6.198442484240565,0.017664001377330818,0.0028404804356246607,7.312322869198329e-05
2024-04-30 00:00:00+00:00,488.79437255859375,-0.015968039451985338,-9.323277944167247,6.198442484225425,0.020510185520811724,-0.016678856990360504,6.937744163191661e-05
2024-05-01 00:00:00+00:00,487.2071533203125,-0.003252496221421808,-9.267678239934156,6.198442484210492,0.02108836506219405,-0.00386649049984378,9.334538318329664e-05
2024-05-02 00:00:00+00:00,491.7642211914063,0.009309977605627236,-9.404762652439393,6.198442484195764,0.019691346263842353,0.008715640537590092,9.86448767999204e-05
2024-05-03 00:00:00+00:00,497.8597717285156,0.012319078091800838,-9.598254616434996,6.198442484181238,0.017875539702789097,0.011677238040426828,8.608871629935687e-05
2024-05-06 00:00:00+00:00,503.0011291503906,0.010273960430725098,-9.771905209215191,6.198442484166908,0.01638896077811691,0.009570342605276616,7.103751983673017e-05
2024-05-07 00:00:00+00:00,503.55615234375,0.0011028150306301356,-9.780257465513095,6.198442484152774,0.016320661091035776,0.0003485887123049515,5.978434583186019e-05
2024-05-08 00:00:00+00:00,503.6048278808594,9.665890181013217e-05,-9.768869006263028,6.19844248413883,0.016413859778430687,-0.0006598933162573735,5.929047396614216e-05
2024-05-09 00:00:00+00:00,506.506591796875,0.0057454491490668445,-9.867481765326897,6.198442484125075,0.015624179884208908,0.004992070732909094,5.996489532366496e-05
2024-05-10 00:00:00+00:00,507.1589965820313,0.0012872191435090428,-9.878743173954822,6.198442484111507,0.015536451963879193,0.0005069448816239848,5.437041732202939e-05
2024-05-13 00:00:00+00:00,507.2271118164063,0.00013429843708119332,-9.866259764465417,6.198442484098126,0.01563372918181086,-0.0006489643301904642,5.376570057554541e-05
2024-05-14 00:00:00+00:00,509.5542602539063,0.004577488464866231,-9.944647798074318,6.198442484084928,0.015032833221965318,0.003797539498730538,5.443644420167329e-05
2024-05-15 00:00:00+00:00,515.8641357421875,0.012307083930095813,-10.18907514878754,6.198442484071907,0.013303444878324125,0.0115066628308216,5.035919971737126e-05
2024-05-16 00:00:00+00:00,514.802734375,-0.0020596407494553578,-10.11789459106112,6.1984424840590675,0.013785444566294392,-0.0029190130245242427,3.950486078331872e-05
2024-05-17 00:00:00+00:00,515.5427856445312,0.0014365111167352423,-10.130817842217903,6.1984424840463985,0.0136966553553035,0.0005935741768391821,4.239871370225548e-05
2024-05-20 00:00:00+00:00,516.13671875,0.0011513908506540086,-10.137038012826734,6.198442484033905,0.01365412376146715,0.00030542665511631723,4.18580049546251e-05
2024-05-21 00:00:00+00:00,517.4026489257812,0.00244970022129263,-10.173499624329455,6.198442484021579,0.013407453414986958,0.0016022858696181624,4.160021673123901e-05
2024-05-22 00:00:00+00:00,515.912841796875,-0.0028835494572111153,-10.083471264028962,6.19844248400942,0.014024768674400273,-0.0037393748862665265,4.012071745322236e-05
2024-05-23 00:00:00+00:00,512.14453125,-0.007330967166568576,-9.897365526615562,6.198442483997429,0.015392460724097737,-0.008165745045648813,4.387331145718307e-05
2024-05-24 00:00:00+00:00,515.5330200195312,0.006594482958191128,-10.018361642018561,6.198442483985601,0.014488855511087327,0.0058063147908766835,5.278043591767068e-05
2024-05-28 00:00:00+00:00,515.893310546875,0.0006986258374848982,-10.01559769491218,6.198442483973936,0.014508892568351129,-0.00012033304400760564,4.680411071203954e-05
2024-05-29 00:00:00+00:00,512.2807006835938,-0.007027263265614782,-9.843139823614814,6.198442483962429,0.015815503255736933,-0.007845539236956335,4.693276757932161e-05
2024-05-30 00:00:00+00:00,508.8824768066406,-0.006655618800572514,-9.69439893151396,6.198442483951079,0.01703655149249327,-0.0074293759112179746,5.570087530708404e-05
2024-05-31 00:00:00+00:00,513.5174560546875,0.009066923524056166,-9.852606961878637,6.198442483939883,0.01574081638486572,0.008334747218391982,6.456811162698822e-05
2024-06-03 00:00:00+00:00,513.93603515625,0.000814789434850954,-9.854402397153512,6.198442483928841,0.015726691917188094,3.84882894756592e-05,5.517960420791083e-05
2024-06-04 00:00:00+00:00,514.5106811523438,0.0011175028259284875,-9.862315277409838,6.198442483917946,0.01566459312825735,0.0003407205541187629,5.508129726100893e-05
2024-06-05 00:00:00+00:00,520.6256713867188,0.011814987182765961,-10.08794827746922,6.198442483907201,0.013993409247534205,0.011036089584223922,5.46501194770431e-05
2024-06-06 00:00:00+00:00,520.6159057617188,-1.8757654735676046e-05,-10.067894437640922,6.198442483896603,0.0141344258409391,-0.0008546045879467382,4.367866492618828e-05
2024-06-07 00:00:00+00:00,519.9829711914062,-0.0012164815134503508,-10.021273524384915,6.198442483886146,0.014467775938504214,-0.0020475212684350867,4.455732722123365e-05
2024-06-10 00:00:00+00:00,521.5895385742188,0.0030848906664317707,-10.07104227293356,6.198442483875832,0.014112196916487824,0.002265213336451259,4.666894920828439e-05
2024-06-11 00:00:00+00:00,522.8457641601562,0.0024055605712183215,-10.106105136743368,6.1984424838656595,0.013866945978737479,0.0015737630662442425,4.441824376913596e-05
2024-06-12 00:00:00+00:00,527.139892578125,0.008179449559839557,-10.274039342383142,6.1984424838556285,0.012750122995611323,0.007339291281867643,4.289807450779787e-05
2024-06-13 00:00:00+00:00,528.2013549804688,0.0020116010110220717,-10.300484534422948,6.198442483845731,0.012582642970512875,0.0011333564141395754,3.6308066852126244e-05
2024-06-14 00:00:00+00:00,528.522705078125,0.0006082006073453367,-10.291461772073161,6.198442483835971,0.012639536306393574,-0.00027575737517689775,3.53668664817373e-05
2024-06-17 00:00:00+00:00,532.7291870117188,0.00792743738666102,-10.466986101364695,6.198442483826343,0.011577546071656671,0.0070454203118295,3.5685217662598836e-05
2024-06-18 00:00:00+00:00,534.0826416015625,0.0025373834067190845,-10.508313199316023,6.198442483816845,0.011340767647609752,0.0016191265473745745,2.9976425645281837e-05
2024-06-20 00:00:00+00:00,532.6317138671875,-0.0027203695567135935,-10.40252587820701,6.198442483807477,0.011956770062131474,-0.0036467093650763027,2.877095814207528e-05
2024-06-21 00:00:00+00:00,531.917724609375,-0.0013413925912036523,-10.339970335670582,6.198442483798237,0.012336661286544754,-0.002246706153901902,3.195827473276891e-05
2024-06-24 00:00:00+00:00,530.1885986328125,-0.0032560346669104397,-10.23059143550985,6.1984424837891225,0.013030136562465823,-0.004148384971453298,3.400676055184149e-05
2024-06-25 00:00:00+00:00,532.2303466796875,0.003843588387563958,-10.301744593586093,6.198442483780128,0.012574718029859593,0.0029748949850410327,3.790909456239566e-05
2024-06-26 00:00:00+00:00,532.89453125,0.0012471488933612287,-10.308882476479615,6.19844248377126,0.012529919586549206,0.0003629205479201013,3.532263425269618e-05
2024-06-27 00:00:00+00:00,533.734619140625,0.0015752205235115802,-10.324302845297236,6.198442483762512,0.012433683073274547,0.0006894638370763698,3.50731132792825e-05
2024-06-28 00:00:00+00:00,531.6343994140625,-0.003942713577439978,-10.198360438233873,6.198442483753881,0.01324182486023866,-0.004831753589369329,3.454005985909715e-05
2024-07-01 00:00:00+00:00,532.728515625,0.0020559089026094984,-10.225747827623877,6.198442483745368,0.013061731241115522,0.0011944352038982396,3.914222717897012e-05
2024-07-02 00:00:00+00:00,536.3135986328125,0.006707119204569822,-10.366614917373951,6.198442483736971,0.012173398627660564,0.005839503400227375,3.809189634481245e-05
2024-07-03 00:00:00+00:00,538.70703125,0.004452819797731044,-10.457089188093292,6.19844248372869,0.011634979041280474,0.0035548987218107318,3.311865702298765e-05
2024-07-05 00:00:00+00:00,541.8134765625,0.005749921169851078,-10.586196434743487,6.1984424837205205,0.010907628120900063,0.004833624739396467,3.027252590810077e-05
2024-07-08 00:00:00+00:00,542.4386596679688,0.0011532062586980477,-10.588386057785161,6.198442483712463,0.010895692858580804,0.00021207728442193768,2.6629384548681362e-05
2024-07-09 00:00:00+00:00,542.966064453125,0.0009718122925821138,-10.585259327275946,6.198442483704516,0.010912740128292419,3.0275743251728248e-05,2.657153747771072e-05
2024-07-10 00:00:00+00:00,548.3389892578125,0.009846867656185707,-10.840895697771527,6.198442483696678,0.009603357150879227,0.008905913249968582,2.6654180208570023e-05
2024-07-11 00:00:00+00:00,543.61083984375,-0.008660066310131774,-10.515905607929911,6.198442483688944,0.01129779738998369,-0.009645753392869647,2.0677702604013447e-05
2024-07-12 00:00:00+00:00,547.0396728515625,0.00628770493303874,-10.663352404514887,6.198442483681317,0.010494847130022552,0.005359898118119781,2.8554825408557656e-05
2024-07-15 00:00:00+00:00,548.5440673828125,0.0027462902588418882,-10.71310736573736,6.198442483673797,0.0102369825831418,0.0017910635103090627,2.4665028586646107e-05
2024-07-16 00:00:00+00:00,551.797119140625,0.0059128228140013905,-10.86196814228469,6.198442483666378,0.009502705222166879,0.004948787263576257,2.3475828638032948e-05
2024-07-17 00:00:00+00:00,544.0602416992188,-0.014120461787227182,-10.350731872439574,6.19844248365906,0.012270458839056085,-0.01510958911618529,2.024944647003187e-05
2024-07-18 00:00:00+00:00,539.8792724609375,-0.0077144340964305355,-10.124964268237306,6.198442483651838,0.013736801267941148,-0.008609043268546146,3.364523102149811e-05
2024-07-19 00:00:00+00:00,536.2940063476562,-0.006663015051742003,-9.94997796076977,6.1984424836447145,0.014992822836863066,-0.007507610461467884,4.2102058813760595e-05
2024-07-22 00:00:00+00:00,541.8232421875,0.010257296830807425,-10.151398324355581,6.198442483637689,0.013556436151175435,0.00945551240776521,5.009331504868688e-05
2024-07-23 00:00:00+00:00,540.9733276367188,-0.0015698511595131069,-10.093484443726043,6.198442483630758,0.013954727888312155,-0.002420596382422675,4.1011116541698124e-05
2024-07-24 00:00:00+00:00,528.7135009765625,-0.022923276573749173,-9.550272164107486,6.198442483623923,0.018309581597385344,-0.023760442190935597,4.343916350085079e-05
2024-07-25 00:00:00+00:00,525.9586791992188,-0.005224046095454148,-9.45025281561989,6.198442483617179,0.019248520134029126,-0.005912893107390139,7.450474807951697e-05
2024-07-26 00:00:00+00:00,531.8493041992188,0.011137533435244488,-9.627907918896533,6.198442483610531,0.017612460420536824,0.010480631187035185,8.228583205800366e-05
2024-07-29 00:00:00+00:00,532.1619262695312,0.0005876292850229215,-9.62819433175579,6.1984424836039675,0.017609938383538838,-0.0001249425402070596,6.897591969961072e-05
2024-07-30 00:00:00+00:00,529.4656982421875,-0.0050794341860085955,-9.525764480491903,6.198442483597496,0.01853532459857146,-0.005792091854091859,6.895630185581311e-05
2024-07-31 00:00:00+00:00,538.0719604492188,0.016123925168381226,-9.79502374846956,6.198442483591113,0.01620060707329245,0.015442759432917558,7.634046362014357e-05
2024-08-01 00:00:00+00:00,530.452392578125,-0.014262093335322532,-9.500636272808649,6.198442483584818,0.018769673450404728,-0.015022734073228029,5.842729972071701e-05
2024-08-02 00:00:00+00:00,520.576171875,-0.018793992356037032,-9.172880647059474,6.198442483578606,0.02211199598256985,-0.01946718466278906,7.826963073022985e-05
2024-08-05 00:00:00+00:00,505.4150695800781,-0.029556209363108047,-8.743164204138248,6.198442483572476,0.027411934585067965,-0.030115753529478945,0.00010838354739534133
2024-08-06 00:00:00+00:00,510.0747985839844,0.009177367209770946,-8.854505964617589,6.198442483566435,0.02592758881836568,0.008797800557223706,0.000166077944668163
2024-08-07 00:00:00+00:00,506.6654968261719,-0.006706362580606519,-8.774258960667733,6.198442483560478,0.026989046785724495,-0.007136309092655925,0.0001486918542405932
2024-08-08 00:00:00+00:00,518.3782348632812,0.022854142665391788,-9.049029941577865,6.198442483554602,0.023524574981571556,0.022460224812929315,0.00016102745610124
2024-08-09 00:00:00+00:00,520.6641235351562,0.004399998404867603,-9.108396177286611,6.198442483548804,0.022836554069291626,0.003888449397626338,0.00012256983456309766
2024-08-12 00:00:00+00:00,520.9376220703125,0.0005251499291272942,-9.11435888185399,6.198442483543084,0.022768571646779468,-9.773411231576708e-06,0.00011555195528266404
2024-08-13 00:00:00+00:00,529.5047607421875,0.016311848742340495,-9.341935161523692,6.19844248353744,0.0203197436841651,0.015774615556673748,0.0001148696820825581
2024-08-14 00:00:00+00:00,531.17529296875,0.003149929334443642,-9.386209451729997,6.198442483531875,0.01987486491044637,0.002529459504428481,9.163164186875632e-05
2024-08-15 00:00:00+00:00,540.2796630859375,0.016994814750777902,-9.653341102266882,6.198442483526387,0.017389908005809557,0.016359216183781833,8.768973166596231e-05
2024-08-16 00:00:00+00:00,541.4910278320312,0.002239597102405416,-9.683603218136062,6.198442483520973,0.017128760997962025,0.001519449911260002,6.725544703483666e-05
2024-08-19 00:00:00+00:00,546.66845703125,0.00951600999874844,-9.849475323274646,6.198442483515632,0.01576548296481863,0.008786972891717185,6.526413333200564e-05
2024-08-20 00:00:00+00:00,545.7794799804688,-0.0016274958593185758,-9.80190148951329,6.198442483510363,0.01614499096613315,-0.00240295678582821,5.5351493491786666e-05
2024-08-21 00:00:00+00:00,547.6551513671875,0.003430791695667201,-9.855981007095144,6.1984424835051675,0.015714283657845406,0.0026682568439780428,5.802955701244455e-05
2024-08-22 00:00:00+00:00,543.3568115234375,-0.0078795874463419,-9.681283483809061,6.1984424835000445,0.017148639611397124,-0.008656792387219317,5.49950070331222e-05
2024-08-23 00:00:00+00:00,549.1301879882812,0.010569334395826984,-9.866596483043157,6.19844248349499,0.015631097318660383,0.009840974025088461,6.541466789638759e-05
2024-08-26 00:00:00+00:00,547.8211669921875,-0.002386653904955314,-9.802908649030547,6.198442483490004,0.016136862722219612,-0.0031666925250372078,5.441824269922198e-05
2024-08-27 00:00:00+00:00,548.5733642578125,0.0013721290323900149,-9.816308253160424,6.198442483485084,0.016029110299035178,0.0006093173539502934,5.797154026823512e-05
2024-08-28 00:00:00+00:00,545.3887939453125,-0.005822101403040916,-9.686464710051531,6.198442483480232,0.017104271615536036,-0.00658858293770142,5.720516191556434e-05
2024-08-29 00:00:00+00:00,545.4376220703125,8.952501390816311e-05,-9.676668642916495,6.198442483475447,0.01718825441944225,-0.0006403458032041805,6.50789196134657e-05
2024-08-30 00:00:00+00:00,550.6444091796875,0.00950079670464906,-9.841780517438355,6.1984424834707275,0.01582625596403599,0.008773784942093944,6.571517208824e-05
2024-09-03 00:00:00+00:00,539.3125610351562,-0.020793951990048902,-9.408235407484165,6.198442483466073,0.0196571843186099,-0.021567342841403003,5.57761234044337e-05
2024-09-04 00:00:00+00:00,538.2088012695312,-0.002048702123771822,-9.368549050848804,6.198442483461482,0.020051141082738075,-0.0026917040694227783,8.579230505315854e-05
2024-09-05 00:00:00+00:00,536.8997192382812,-0.0024352568196338385,-9.324042220081429,6.198442483456953,0.020502349295802292,-0.003064860590191627,8.924135607338144e-05
2024-09-06 00:00:00+00:00,527.863525390625,-0.016973558840299413,-9.054585486798164,6.198442483452482,0.023459319735299584,-0.0175878195639513,9.327455579518913e-05
2024-09-09 00:00:00+00:00,533.7736206054688,0.011134041968453353,-9.205827785587157,6.198442483448077,0.02175071643689535,0.01062027622852506,0.00012189540634260413
2024-09-10 00:00:00+00:00,536.0986938476562,0.004346456808267727,-9.266730778312036,6.1984424834437295,0.021098357635165158,0.003774634144034886,0.00010489441090309104
2024-09-11 00:00:00+00:00,541.5985717773438,0.010206810117591064,-9.417348495052503,6.198442483439445,0.019567819250064282,0.009612812748994119,9.873774425370714e-05
2024-09-12 00:00:00+00:00,546.1605224609375,0.00838784516612747,-9.547704955174009,6.198442483435213,0.018333098947934785,0.00774180372734519,8.501931656576357e-05
2024-09-13 00:00:00+00:00,549.0130615234375,0.0052093029907823545,-9.629538009875834,6.198442483431038,0.017598111312096803,0.004521256225400736,7.469495309502219e-05
2024-09-16 00:00:00+00:00,549.8237915039062,0.0014756151021779278,-9.645907595919125,6.198442483426922,0.017454662264621182,0.0007625548736410659,6.88643411102133e-05
2024-09-17 00:00:00+00:00,550.0484008789062,0.000408428142247504,-9.642675891485073,6.1984424834228635,0.017482889218481377,-0.0003095148385846997,6.775381295024019e-05
2024-09-18 00:00:00+00:00,548.4171142578125,-0.0029701211332180113,-9.577816575857364,6.198442483418858,0.018059146748221774,-0.003687103296786474,6.797162682959901e-05
2024-09-19 00:00:00+00:00,557.7755737304688,0.016920529043112722,-9.867480688221995,6.198442483414909,0.01562418829726457,0.016223159816666305,7.249420359020104e-05
2024-09-20 00:00:00+00:00,556.8114013671875,-0.0017300984585733826,-9.817154775788923,6.198442483411012,0.01602232723220154,-0.0025103724338208025,5.437047548464487e-05
2024-09-23 00:00:00+00:00,558.2027587890625,0.0024956779810614547,-9.852831971002852,6.198442483407171,0.015739045569777274,0.00172896542156627,5.715708747198744e-05
2024-09-24 00:00:00+00:00,559.7999877929688,0.0028572918902978113,-9.896012666323056,6.198442483403382,0.015402876169676727,0.00208093042525728,5.516727448797748e-05
2024-09-25 00:00:00+00:00,558.5653076171875,-0.0022080096413377467,-9.834710621662216,6.198442483399641,0.015882299951919737,-0.002995822971494428,5.2851400352033303e-05
2024-09-26 00:00:00+00:00,560.7798461914062,0.0039568518361695355,-9.899816516344892,6.198442483395952,0.015373608895138396,0.0031853699302905273,5.616913917508805e-05
2024-09-27 00:00:00+00:00,559.9664306640625,-0.0014515607804652625,-9.85404056374107,6.198442483392314,0.015729537394824144,-0.0022403712027522105,5.26521115867881e-05
2024-09-30 00:00:00+00:00,562.21044921875,0.003999407911629924,-9.920388735727794,6.1984424833887255,0.015216284781346458,0.0032227225665435737,5.510109492238704e-05
2024-10-01 00:00:00+00:00,557.1738891601562,-0.008998864597382177,-9.715731564096439,6.198442483385185,0.016855799934882183,-0.00979303503899801,5.158725569767037e-05
2024-10-02 00:00:00+00:00,557.4090576171875,0.00042198467364129805,-9.711693898060464,6.198442483381695,0.016889863352935176,-0.0003163455110364392,6.321450332061232e-05
2024-10-03 00:00:00+00:00,556.3899536132812,-0.0018299608421714036,-9.665174471365088,6.198442483378254,0.01728732119166186,-0.0025671312672188836,6.346850770972507e-05
2024-10-04 00:00:00+00:00,561.4461669921875,0.009046492180058027,-9.821113372384296,6.198442483374859,0.01599064563112611,0.008322852857981344,6.646965183580135e-05
2024-10-07 00:00:00+00:00,556.370361328125,-0.009081706026014151,-9.625879372501894,6.198442483371506,0.01763033332902752,-0.00984949763972218,5.693281244490673e-05
2024-10-08 00:00:00+00:00,561.6323852539062,0.009413327109958642,-9.78597010655463,6.1984424833682,0.016274110563512946,0.008701363624515075,6.911502479206366e-05
2024-10-09 00:00:00+00:00,565.5223999023438,0.006902388463365834,-9.907878074552263,6.198442483364939,0.015311765994862265,0.006144250960471095,5.895503504157204e-05
2024-10-10 00:00:00+00:00,564.53271484375,-0.001751569987531797,-9.855569117456515,6.198442483361723,0.0157175202661421,-0.0025424873473192298,5.223223622854623e-05
2024-10-11 00:00:00+00:00,567.9132690429688,0.005970376139928544,-9.961940890485653,6.198442483358551,0.014903411465475514,0.0051932814495794805,5.5017508767237214e-05
2024-10-14 00:00:00+00:00,572.557861328125,0.008145086428294807,-10.119228962390773,6.198442483355423,0.013776250181606293,0.007340255290072645,4.9501667684223176e-05
2024-10-15 00:00:00+00:00,568.1093139648438,-0.007799943775756974,-9.918511786198872,6.198442483352339,0.015230571583406391,-0.008643194190665653,4.2342561775065745e-05
2024-10-16 00:00:00+00:00,570.5785522460938,0.004336995633228163,-9.993256929690165,6.198442483349295,0.014671871019625395,0.003543311957329952,5.1683510609327924e-05
2024-10-17 00:00:00+00:00,570.6275024414062,8.578677819207803e-05,-9.977517764976062,6.198442483346293,0.014787788027931672,-0.0007269347417947461,4.7985757563756256e-05
2024-10-18 00:00:00+00:00,572.8224487304688,0.003839169318771763,-10.043008336563288,6.198442483343332,0.014311399980718448,0.0030303980972833052,4.874174721974265e-05
2024-10-21 00:00:00+00:00,571.8817138671875,-0.001643630041374051,-9.98774607235025,6.198442483340409,0.014712354062112853,-0.0024686373082845455,4.567233296827446e-05
2024-10-22 00:00:00+00:00,571.577880859375,-0.0005314276365589883,-9.95874416474951,6.198442483337527,0.014927251572425717,-0.0013427695237999125,4.8249113787181356e-05
2024-10-23 00:00:00+00:00,566.355224609375,-0.009179261761694422,-9.745815757642966,6.198442483334685,0.016604150771425262,-0.009983280530036163,4.965907968363344e-05
2024-10-24 00:00:00+00:00,567.580078125,0.0021603595708732425,-9.77472000449734,6.198442483331882,0.01636591121542341,0.0014134609709155624,6.135367540500182e-05
2024-10-25 00:00:00+00:00,567.3840942382812,-0.0003453569609313954,-9.754818881726626,6.198442483329118,0.016529574138170397,-0.0011003682090819315,5.961744810767416e-05
2024-10-28 00:00:00+00:00,569.1381225585938,0.003086661548734472,-9.801612592698756,6.198442483326391,0.0161473232524357,0.002337223515354462,6.080751948507914e-05
2024-10-29 00:00:00+00:00,570.0592651367188,0.001617178530827376,-9.81986115732666,6.1984424833237,0.016000660629549926,0.0008547231105532262,5.8046209431888694e-05
2024-10-30 00:00:00+00:00,568.3345947265625,-0.0030300088404782684,-9.745400860692362,6.198442483321046,0.016607595634461597,-0.0037974593484347004,5.7003661599500305e-05
2024-10-31 00:00:00+00:00,557.193603515625,-0.01979755835950004,-9.352478649597494,6.198442483318429,0.020212905056393147,-0.02054433965917991,6.137896217366796e-05
2024-11-01 00:00:00+00:00,559.545166015625,0.004211488021892728,-9.413610529570482,6.198442483315846,0.019604425363660798,0.0035873852003712333,9.067713086044623e-05
2024-11-04 00:00:00+00:00,558.3399047851562,-0.0021563248834115547,-9.371987877042669,6.1984424833133,0.0200166945102113,-0.0028011212601564443,8.533553145591047e-05
2024-11-05 00:00:00+00:00,565.0912475585938,0.012019292924155881,-9.558038103737944,6.198442483310786,0.018238623896458476,0.011388517723684636,8.893708687195778e-05
2024-11-06 00:00:00+00:00,579.142578125,0.024561477968850064,-9.9788878340317,6.198442483308307,0.014777661351429813,0.023870216371326025,7.39323116927825e-05
2024-11-07 00:00:00+00:00,583.6205444335938,0.007702322786009814,-10.12774324238949,6.198442483305862,0.013717727414024373,0.0068932064692241906,4.8675468953915506e-05
2024-11-08 00:00:00+00:00,586.1488037109375,0.004322669623995072,-10.207650649748745,6.198442483303453,0.01318045782113396,0.003477423889474962,4.1986017755330376e-05
2024-11-11 00:00:00+00:00,586.7072143554688,0.0009522237651059805,-10.20838349071377,6.1984424833010765,0.01317562911613773,8.865720369391559e-05,3.878273277048086e-05
2024-11-12 00:00:00+00:00,584.8846435546875,-0.0031112750719250325,-10.110867550214493,6.1984424832987335,0.013833965195205465,-0.003975006314409438,3.87545156212577e-05
2024-11-13 00:00:00+00:00,585.1688842773438,0.0004858593585447453,-10.101932270952826,6.198442483296416,0.01389590863380817,-0.0003554233336343032,4.269565085921378e-05
2024-11-14 00:00:00+00:00,581.4060668945312,-0.0064510735955441555,-9.934068202806905,6.198442483294131,0.015112564561486571,-0.007290244464409777,4.30762284718485e-05
2024-11-15 00:00:00+00:00,573.9591064453125,-0.012891272390424445,-9.645724240192502,6.1984424832918785,0.017456262543821734,-0.013688976778037602,5.089112977855704e-05
2024-11-18 00:00:00+00:00,576.3107299804688,0.004088826355325771,-9.70978371540462,6.198442483289658,0.016906002420673923,0.0033709378466898914,6.776615225782306e-05
2024-11-19 00:00:00+00:00,578.41748046875,0.003648915488092873,-9.766741253102262,6.198442483287469,0.016431331389866157,0.002912294545464654,6.35890302381114e-05
2024-11-20 00:00:00+00:00,578.613525390625,0.000338875834369798,-9.760307300326415,6.198442483285306,0.016484275709618527,-0.00041390761460740586,6.009174819773813e-05
2024-11-21 00:00:00+00:00,581.7196655273438,0.005353889004630169,-9.851035302867473,6.198442483283176,0.015753190843000604,0.004602908461404745,6.0476963955718736e-05
2024-11-22 00:00:00+00:00,583.5226440429688,0.0030946009077713224,-9.899004808592101,6.198442483281076,0.015379849600003341,0.0023187212752949432,5.526580255320763e-05
2024-11-25 00:00:00+00:00,585.501953125,0.0033862606110790184,-9.953561659145658,6.198442483279003,0.014965982013288585,0.0025976628013376322,5.269457487112051e-05
2024-11-26 00:00:00+00:00,588.55908203125,0.005207797080574187,-10.04772816388072,6.198442483276957,0.014277666132450496,0.004405098062743408,4.9915338981810916e-05
2024-11-27 00:00:00+00:00,586.7757568359375,-0.0030345847070110607,-9.961229371339385,6.198442483274938,0.014908714439856948,-0.00386074181448327,4.5458741041155716e-05
2024-11-29 00:00:00+00:00,590.4208984375,0.006192938512433885,-10.07672600598512,6.198442483272948,0.014072148867960935,0.005388288077892411,4.953666082357328e-05
2024-12-02 00:00:00+00:00,591.479248046875,0.0017909294544124715,-10.097900463823294,6.198442483270983,0.013923949700060945,0.0009577667522480315,4.416821333027054e-05
2024-12-03 00:00:00+00:00,591.75341796875,0.00046342521577770473,-10.088663101397549,6.198442483269047,0.013988408728209598,-0.00037478967666792687,4.3249062898115554e-05
2024-12-04 00:00:00+00:00,595.427978515625,0.006190414189814256,-10.210044275334996,6.198442483267137,0.013164692716355899,0.005354396785627567,4.364766666655225e-05
2024-12-05 00:00:00+00:00,594.4481201171875,-0.0016469926928679725,-10.147858888059412,6.198442483265256,0.013580448462868717,-0.0025110969184605017,3.869064508937744e-05
2024-12-06 00:00:00+00:00,595.574951171875,0.0018937975551105272,-10.171347323464209,6.1984424832634,0.013421889616877774,0.0010438710992996378,4.1155534856307804e-05
2024-12-09 00:00:00+00:00,592.5079956054688,-0.005162875853526459,-10.027338689944024,6.198442483261566,0.014423967668882626,-0.006018209001440634,4.0206571140860606e-05
2024-12-10 00:00:00+00:00,590.665771484375,-0.0031140406608803893,-9.940201780809607,6.198442483259757,0.015066288510354279,-0.003935211117290262,4.6388672938217666e-05
2024-12-11 00:00:00+00:00,595.2320556640625,0.007701012080991039,-10.08667241711295,6.198442483257973,0.014002338912400736,0.006901730926541659,5.05820597499248e-05
2024-12-12 00:00:00+00:00,592.1650390625,-0.005165960799480725,-9.949504346304556,6.198442483256211,0.014996373665434201,-0.006001503315502107,4.373404719094077e-05
2024-12-13 00:00:00+00:00,592.0475463867188,-0.0001984317302660415,-9.928596175160385,6.198442483254474,0.01515396936318269,-0.00100009516046506,5.0116883438019434e-05
2024-12-16 00:00:00+00:00,594.5755004882812,0.00426075986406593,-10.001985901389292,6.198442483252762,0.014607975383224992,0.0034644662369409103,5.1168457992737074e-05
2024-12-17 00:00:00+00:00,592.1258544921875,-0.004128502028305102,-9.894110220089422,6.198442483251075,0.015417534711928254,-0.00494340111820384,4.7571550687568146e-05
2024-12-18 00:00:00+00:00,574.4784545898438,-0.03025661064131427,-9.252761069609443,6.198442483249407,0.02124624246553224,-0.031043924581786172,5.295135483360219e-05
2024-12-19 00:00:00+00:00,574.3020629882812,-0.00030709365322565676,-9.244396072194776,6.198442483247764,0.021335290939927597,-0.000896063777782037,0.00010011720651182932
2024-12-20 00:00:00+00:00,581.1998901367188,0.011939242625160041,-9.419631822724547,6.198442483246143,0.019545492125464577,0.011353299527392773,0.00010095243026677462
2024-12-23 00:00:00+00:00,584.680419921875,0.005970664561118136,-9.51060386385055,6.198442483244543,0.01867636195099379,0.005323863715297193,8.482673419077884e-05
2024-12-24 00:00:00+00:00,591.1790771484375,0.011053571299224312,-9.691368742701762,6.198442483242967,0.017062383038523726,0.010377204266549974,7.749862315114135e-05
2024-12-26 00:00:00+00:00,591.2183837890625,6.648634141744888e-05,-9.681052505090317,6.1984424832414105,0.017150620210612366,-0.0006648105382680558,6.476272132040773e-05
2024-12-27 00:00:00+00:00,584.9949951171875,-0.010582173029488507,-9.472791959555428,6.198442483239876,0.019032815283799624,-0.011310465974100497,6.54296757971879e-05
2024-12-30 00:00:00+00:00,578.3192749023438,-0.011477196948838099,-9.272688458472087,6.198442483238364,0.02103560251641422,-0.012141436991514163,8.046431308994738e-05
2024-12-31 00:00:00+00:00,576.21533203125,-0.0036446637241498506,-9.213242458884686,6.198442483236871,0.021670228498268936,-0.004240794482873593,9.81552398812238e-05
2025-01-02 00:00:00+00:00,574.7994995117188,-0.0024601476798058125,-9.173865626784847,6.1984424832353975,0.022101108728907352,-0.003034706007480705,0.00010412480338848658
2025-01-03 00:00:00+00:00,581.9864501953125,0.012425882521837194,-9.351145018241855,6.1984424832339435,0.02022638783292929,0.011865968359891687,0.00010827757292070816
2025-01-06 00:00:00+00:00,585.3390502929688,0.005744086485510305,-9.436462869992841,6.198442483232511,0.01938169675310089,0.005120442145962021,9.079731419306611e-05
2025-01-07 00:00:00+00:00,578.7223510742188,-0.011368421757193178,-9.24223768753649,6.198442483231097,0.02135832825081426,-0.012020793916793704,8.342055028922541e-05
2025-01-08 00:00:00+00:00,579.5678100585938,0.0014598399656557185,-9.26051103850674,6.1984424832297025,0.021164072912022932,0.00087467996164935,0.00010116906805811576
2025-01-10 00:00:00+00:00,570.7193603515625,-0.015385069867613042,-9.02432571016618,6.198442483228326,0.023816955292948867,-0.015976833260522377,9.934955980034916e-05
2025-01-13 00:00:00+00:00,571.6041870117188,0.0015491702664428082,-9.045066783819369,6.1984424832269704,0.023571236998498755,0.0010475529580118124,0.0001256143394568329
2025-01-14 00:00:00+00:00,572.3908081054688,0.001375217935533869,-9.063338433321864,6.198442483225632,0.023356874985941023,0.0008652540198434337,0.00012305323047954276
2025-01-15 00:00:00+00:00,582.8025512695312,0.018026462881358663,-9.30947040892583,6.198442483224317,0.020652272977975245,0.017509216989488822,0.0001208403435324519
2025-01-16 00:00:00+00:00,581.6817626953125,-0.0019249532292756927,-9.274990199529576,6.198442483223016,0.02101140718689977,-0.002534116406983897,9.463426536307921e-05
2025-01-17 00:00:00+00:00,587.521728515625,0.00998973135235659,-9.422803459923468,6.198442483221732,0.019514521084174022,0.0093927780502799,9.793111159391561e-05
2025-01-21 00:00:00+00:00,592.899658203125,0.00911194418813655,-9.565287100775176,6.198442483220467,0.0181726376866568,0.008464089922015335,8.45599528511848e-05
2025-01-22 00:00:00+00:00,596.2326049804688,0.005605693510050777,-9.654557968465936,6.198442483219219,0.017379330627653393,0.004912186441829154,7.340194917175802e-05
2025-01-23 00:00:00+00:00,599.4868774414062,0.005443217316000488,-9.743651038031944,6.198442483217987,0.01662213216599648,0.0047227100696322355,6.717421433065255e-05
2025-01-24 00:00:00+00:00,597.73681640625,-0.002923534324684772,-9.674972549406949,6.1984424832167715,0.017202837044766942,-0.003669820645935588,6.148572351764693e-05
2025-01-27 00:00:00+00:00,589.2815551757812,-0.014246458926308145,-9.39944697045709,6.198442483215575,0.019743752341357765,-0.014972974257411658,6.582596304327054e-05
2025-01-28 00:00:00+00:00,594.344970703125,0.008555817741972439,-9.531621655806951,6.198442483214392,0.018481121682572793,0.007915760066077712,8.654441223425883e-05
2025-01-29 00:00:00+00:00,591.6805419921875,-0.00449304532617926,-9.445409622798232,6.198442483213227,0.019295188763813642,-0.005176055346278719,7.589766783856077e-05
2025-01-30 00:00:00+00:00,594.8561401367188,0.005352730808165938,-9.526957555343737,6.198442483212079,0.01852427088016034,0.004697416047819634,8.268258921725189e-05
2025-01-31 00:00:00+00:00,591.6903076171875,-0.005336226049740629,-9.426476651477255,6.198442483210945,0.019478713689056883,-0.006017767891158294,7.625005949790097e-05
2025-02-03 00:00:00+00:00,587.70849609375,-0.00675229895034307,-9.309043760260506,6.198442483209826,0.020656679080236506,-0.0074013711502603115,8.425203178468905e-05
2025-02-04 00:00:00+00:00,591.6510009765625,0.0066858656392535494,-9.40776970166441,6.198442483208723,0.019661762083498315,0.00607685226932657,9.467437362564046e-05
2025-02-05 00:00:00+00:00,594.0498657226562,0.004046329198996035,-9.467114683010664,6.198442483207635,0.01908691931617683,0.003403482950192187,8.583199526970606e-05
2025-02-06 00:00:00+00:00,596.114501953125,0.0034695011170228244,-9.517729761577202,6.198442483206563,0.018609937432172242,0.0028071016251305938,8.091929208091192e-05
2025-02-07 00:00:00+00:00,590.6580810546875,-0.009195459053371586,-9.351623191057206,6.198442483205503,0.02022155255649764,-0.009874086105468133,7.69520847190901e-05
2025-02-10 00:00:00+00:00,594.6693115234375,0.006768165160238897,-9.45313339191719,6.198442483204459,0.019220816672881186,0.006144356397304445,9.075420421608768e-05
2025-02-11 00:00:00+00:00,595.1216430664062,0.0007603546875463104,-9.458581179076388,6.1984424832034275,0.019168532454399628,0.00010251006142141341,8.205075708947319e-05
2025-02-12 00:00:00+00:00,593.2044067382812,-0.0032267877860412833,-9.397539333078267,6.198442483202412,0.019762593285301378,-0.0038864109695455015,8.160801440877336e-05
2025-02-13 00:00:00+00:00,599.4672241210938,0.010502261955576539,-9.561076455764727,6.198442483201412,0.018210937252036416,0.009862845068354562,8.670853520015204e-05
2025-02-14 00:00:00+00:00,599.4376831054688,-4.9279997859525275e-05,-9.551085154363019,6.198442483200424,0.01830214035322272,-0.0007414837483259016,7.370955010484038e-05
2025-02-18 00:00:00+00:00,601.1975708007812,0.00293159633618473,-9.59327768749455,6.19844248319945,0.01792007773870573,0.0022424961127534607,7.444461450825185e-05
2025-02-19 00:00:00+00:00,602.6133422851562,0.0023521503613693965,-9.625457011084265,6.198442483198487,0.01763405690809542,0.0016500483149115642,7.138952257587702e-05
2025-02-20 00:00:00+00:00,600.1063232421875,-0.004168922727060123,-9.539683425242728,6.198442483197539,0.01840677635096847,-0.004880759473647441,6.914402297766465e-05
2025-02-21 00:00:00+00:00,589.842041015625,-0.017252070958461062,-9.231707414972016,6.198442483196604,0.02147107932413626,-0.017937610680353492,7.529240451357002e-05
2025-02-24 00:00:00+00:00,587.1580200195312,-0.00456079101001374,-9.160422706339274,6.198442483195679,0.02225016081467471,-0.005142118416207975,0.00010223268039766339
2025-02-25 00:00:00+00:00,584.2379150390625,-0.004985694318821851,-9.08656266714024,6.198442483194769,0.023087220880415368,-0.0055405431590670835,0.00010973288972877792
2025-02-26 00:00:00+00:00,584.5328369140625,0.0005046701943331124,-9.092510306173551,6.19844248319387,0.023018665638354606,-2.1736620470386723e-05,0.0001180849897267604
2025-02-27 00:00:00+00:00,575.2025756835938,-0.01609067453879389,-8.867856152468686,6.198442483192985,0.02575509606966106,-0.016619410487887887,0.00011738951673879044
2025-02-28 00:00:00+00:00,584.178955078125,0.015485081527449984,-9.062582346494583,6.198442483192111,0.023365706567850288,0.01504927921924803,0.00014673336310910403
2025-03-03 00:00:00+00:00,573.9441528320312,-0.017675268948049022,-8.820012573853695,6.198442483191248,0.02637863236870602,-0.01819221481802654,0.00012093111925630291
2025-03-04 00:00:00+00:00,567.1504516601562,-0.011907481495598895,-8.678577508805668,6.198442483190396,0.028311606237600272,-0.012322117202108018,0.0001538739604113893
2025-03-05 00:00:00+00:00,573.2460327148438,0.010690385651925656,-8.804575046253401,6.198442483189557,0.02658303063747957,0.010341345423363995,0.000177080194987589
2025-03-06 00:00:00+00:00,563.0703125,-0.01791049169546289,-8.592192202976685,6.19844248318873,0.029561253128535095,-0.018318189633531965,0.00015625134518080488
2025-03-07 00:00:00+00:00,566.2261962890625,0.005589129125759151,-8.659054779124613,6.198442483187912,0.02858931937981202,0.005282479249821817,0.00019294359482878784
2025-03-10 00:00:00+00:00,551.1444702148438,-0.026996667272413812,-8.362030332005478,6.198442483187107,0.03316666891806482,-0.027336285868118027,0.00018054716998148972
2025-03-11 00:00:00+00:00,546.5629272460938,-0.008347524273322408,-8.29076785115416,6.198442483186314,0.03436974473295087,-0.008531938611531368,0.00024249654407299705
2025-03-12 00:00:00+00:00,549.4633178710938,0.00529256923951383,-8.350486631094507,6.19844248318553,0.03335865549708115,0.005148922441777869,0.000260281340526906
2025-03-13 00:00:00+00:00,542.138671875,-0.01342019526585469,-8.231090062260154,6.198442483184756,0.03541075396222047,-0.013598103260643696,0.00024529272702780356
2025-03-14 00:00:00+00:00,553.3369140625,0.020445242975871563,-8.42736340496951,6.198442483183992,0.03210073371036218,0.02033686403501925,0.00027617458976093075
2025-03-17 00:00:00+00:00,557.6038818359375,0.007681757248935513,-8.512605393029235,6.198442483183242,0.030761314963598702,0.007461214098462022,0.00022726135424448886
2025-03-18 00:00:00+00:00,551.5770874023438,-0.010867214480762116,-8.40681942662387,6.198442483182499,0.03243217144762785,-0.011133167552299029,0.0002088133979724633
2025-03-19 00:00:00+00:00,557.584228515625,0.010831967834690391,-8.52268807007521,6.198442483181768,0.0306066270062458,0.010622659301684236,0.000231945941067767
2025-03-20 00:00:00+00:00,555.971923828125,-0.0028957781981189925,-8.499638108890384,6.198442483181046,0.030961408285184556,-0.00316697646928632,0.00020673281715587823
2025-03-21 00:00:00+00:00,556.1553344726562,0.0003298375160307374,-8.510627573494189,6.198442483180334,0.030791750174775347,7.066899392085195e-05,0.0002115200348231181
2025-03-24 00:00:00+00:00,566.1151733398438,0.017749910189169125,-8.702743678078976,6.198442483179631,0.027971573164480217,0.017484989101474703,0.0002092239750164554
2025-03-25 00:00:00+00:00,567.47607421875,0.002401044531065827,-8.734970885718294,6.19844248317894,0.02752446227441972,0.0020404675574296014,0.00017288067660529914
2025-03-26 00:00:00+00:00,560.7013549804688,-0.012010168785888266,-8.599556870429124,6.198442483178259,0.02945259890244803,-0.0123859169332857,0.00016743489209718385
2025-03-27 00:00:00+00:00,559.2122802734375,-0.00265926860372378,-8.576838319945182,6.198442483177583,0.029789066475910616,-0.002969603740105622,0.00019153748511126307
2025-03-28 00:00:00+00:00,547.95068359375,-0.020343861653928184,-8.364599370350291,6.19844248317692,0.033124093046528275,-0.020642785011040343,0.00019590833819320967
2025-03-31 00:00:00+00:00,551.62890625,0.006690259458893106,-8.438724911067354,6.198442483176264,0.03191889435069248,0.006504402207724268,0.00024187860559882494
2025-04-01 00:00:00+00:00,553.1869506835938,0.0028204618112056823,-8.475440811370035,6.198442483175617,0.0313382746791453,0.002593754585796135,0.00022471137549587536
2025-04-02 00:00:00+00:00,556.6878051757812,0.006308578664988426,-8.547849322259374,6.198442483174978,0.03022398843902507,0.006062187711989523,0.00021666485658602968
2025-04-03 00:00:00+00:00,529.2537231445312,-0.05053664464531158,-8.019117512368247,6.198442483174348,0.03936991056087735,-0.05082081830487435,0.00020163070938379807
2025-04-04 00:00:00+00:00,498.2696533203125,-0.06032654173402911,-7.541107117559028,6.198442483173727,0.04999920126493951,-0.06030085328957747,0.0003408892827197445
2025-04-07 00:00:00+00:00,497.3821411132813,-0.0017827767640403668,-7.54892793916348,6.198442483173117,0.049804065627116215,-0.0013975860047720566,0.0005480150257523222
2025-04-08 00:00:00+00:00,489.5917663574219,-0.015786712271728343,-7.466233621801834,6.198442483172513,0.05190648729848813,-0.015408116277351494,0.000543774865250521
2025-04-09 00:00:00+00:00,541.0083618164062,0.09986282097331924,-8.104939532113459,6.198442483171918,0.0377162419760139,0.10031246083566402,0.0005903199740196571
2025-04-10 00:00:00+00:00,517.3019409179688,-0.044808005930989415,-7.736474291941397,6.198442483171331,0.0453460668220692,-0.044838303260122656,0.00031303718836191976
2025-04-11 00:00:00+00:00,526.5321044921875,0.017685577889526977,-7.878847949922665,6.1984424831707505,0.04223024263194985,0.01791346272351671,0.0004513622093021769
2025-04-14 00:00:00+00:00,531.6401977539062,0.009654633614505052,-7.9676839301524955,6.198442483170181,0.040395509358732276,0.009777122472585994,0.00039184606851544316
2025-04-15 00:00:00+00:00,530.151123046875,-0.002804836796243976,-7.959768522707046,6.198442483169617,0.04055569960016343,-0.002744434308640053,0.0003587550934565604
2025-04-16 00:00:00+00:00,518.3668823242188,-0.02247884513446928,-7.796317707098299,6.198442483169059,0.04400933347386662,-0.022413021141500754,0.00036158650216332633
2025-04-17 00:00:00+00:00,519.1064453125,0.0014257004856924008,-7.823118136779818,6.198442483168512,0.04342353264458624,0.001608375197269545,0.00042531732390305437
2025-04-21 00:00:00+00:00,506.7503356933594,-0.024090511302001048,-7.661037698293613,6.19844248316797,0.04708910887613527,-0.02392765210351936,0.00041414584182428106
2025-04-22 00:00:00+00:00,519.9348754882812,0.025685116511127353,-7.8542494768867215,6.198442483167436,0.04275284961981573,0.025971939739255025,0.0004864778669416428
2025-04-23 00:00:00+00:00,527.9915161132812,0.015376651323154154,-7.985461002456627,6.198442483166908,0.04003804344126007,0.01551682150848209,0.00040153693189543633
2025-04-24 00:00:00+00:00,539.1051635742188,0.020830444939895523,-8.166606884517526,6.198442483166388,0.03657105743529755,0.020878748760688313,0.00035247663376392665
2025-04-25 00:00:00+00:00,543.0004272460938,0.007199446209049066,-8.24168113922915,6.198442483165876,0.03522373058356827,0.007130368300270324,0.00029444019561031536
2025-04-28 00:00:00+00:00,543.2074584960938,0.0003812000542889559,-8.256127618827346,6.198442483165373,0.034970217824921525,0.0002664855653276009,0.00027328480991097736
2025-04-29 00:00:00+00:00,546.6292114257812,0.0062794073051475035,-8.324499490870094,6.198442483164875,0.03379493178115681,0.006156104526590357,0.00026939177148764857
2025-04-30 00:00:00+00:00,546.8462524414062,0.00039697464762060517,-8.338172484884721,6.198442483164384,0.03356468078308278,0.00023385092156590114,0.00025170604435185143
2025-05-01 00:00:00+00:00,550.7217407226562,0.007061985064770549,-8.415350915370034,6.198442483163899,0.03229411875278659,0.0068910588947083,0.0002483110827887355
2025-05-02 00:00:00+00:00,558.8966674804688,0.014734929787140345,-8.570294562397326,6.1984424831634195,0.029886692313015637,0.014520941830820797,0.00022998891778884105
2025-05-05 00:00:00+00:00,555.6917114257812,-0.0057509389987245646,-8.515263032186644,6.198442483162948,0.03072046587247724,-0.006046551401104425,0.00019718570363892157
2025-05-06 00:00:00+00:00,551.047119140625,-0.008393343440716216,-8.435091525008511,6.19844248316248,0.03197693388755952,-0.008660681616348063,0.00020826296508940522
2025-05-07 00:00:00+00:00,553.3645629882812,0.004196709046927182,-8.485597813968388,6.198442483162019,0.03117952665264096,0.003971969298653916,0.00022552372600344995
2025-05-08 00:00:00+00:00,557.2202758789062,0.006943599889265658,-8.56472089935387,6.198442483161565,0.0299700976535627,0.006691826749335404,0.00021449021140230028
2025-05-09 00:00:00+00:00,556.5103759765625,-0.0012748145115739507,-8.557779351515887,6.198442483161121,0.030074297809837114,-0.0015675983021766877,0.0001982802691339316
2025-05-12 00:00:00+00:00,574.9015502929688,0.032512993653282446,-8.910874958992052,6.19844248316068,0.025207034688867428,0.03222374363506013,0.00019965196158494992
2025-05-13 00:00:00+00:00,578.6981201171875,0.006582150859953346,-8.996103388011866,6.198442483160247,0.024155422652545954,0.006127741137921792,0.00014059622797110794
2025-05-14 00:00:00+00:00,579.4378051757812,0.0012773719267607985,-9.01339462359684,6.19844248315982,0.02394748427377255,0.0007872507820912786,0.00012918505901309785
2025-05-15 00:00:00+00:00,582.2678833007812,0.004872290377370024,-9.078576866153726,6.198442483159395,0.02317959014387105,0.004375106663362775,0.00012698549003939413
2025-05-16 00:00:00+00:00,585.9559936523438,0.006314068180387681,-9.164766143872335,6.198442483158977,0.02220189215472157,0.005790799496125721,0.00011902527491042584
2025-05-19 00:00:00+00:00,586.5969848632812,0.0010933259077134494,-9.178210304328827,6.198442483158568,0.02205314974374113,0.0005368367516360502,0.00010926054721423253
2025-05-20 00:00:00+00:00,584.6246948242188,-0.003367922465163679,-9.126875123770692,6.198442483158163,0.022626528096715212,-0.003929466494085864,0.00010781136200734069
2025-05-21 00:00:00+00:00,574.7733154296875,-0.016994365011937837,-8.885055137592765,6.198442483157764,0.025534564899585915,-0.017536424577159607,0.00011345060531503945
2025-05-22 00:00:00+00:00,575.0000610351562,0.0003944179140857305,-8.892067966422648,6.1984424831573675,0.025445186922829273,-4.8871392558191926e-05,0.0001442482234505048
2025-05-23 00:00:00+00:00,571.0753784179688,-0.006848934762274166,-8.807907204707444,6.198442483156978,0.02653877807660766,-0.007295258562712196,0.00014324703644799273
2025-05-27 00:00:00+00:00,582.9483642578125,0.020577401218805552,-9.059294336512005,6.198442483156596,0.023404151499139554,0.02016820127348321,0.00015573510237904627
2025-05-28 00:00:00+00:00,579.5757446289062,-0.005802252297463494,-8.979402443283787,6.198442483156216,0.024357976374452913,-0.006317892145328766,0.00012132667120150485
2025-05-29 00:00:00+00:00,581.863525390625,0.003939566673301789,-9.031773007195442,6.1984424831558425,0.023728434235468752,0.003456324810241596,0.00013134570254584674
2025-05-30 00:00:00+00:00,581.2127685546875,-0.0011190270272600825,-9.016511762610218,6.198442483155474,0.023910189525786534,-0.0016236511682342987,0.0001246886702884324
2025-06-02 00:00:00+00:00,584.4866943359375,0.0056171157210044296,-9.091709549255008,6.1984424831551115,0.02302788366135163,0.0051186652570281805,0.0001265929705582336
2025-06-03 00:00:00+00:00,587.8197631835938,0.005686359240649595,-9.169544110893797,6.198442483154753,0.022148915505811422,0.005157936472603401,0.0001174829121948331
2025-06-04 00:00:00+00:00,587.6619262695312,-0.00026854848770040476,-9.163292345913412,6.198442483154398,0.02221825873589765,-0.0008268379794373194,0.00010874329838211628
2025-06-05 00:00:00+00:00,584.8218994140625,-0.004844471791619437,-9.091315505453103,6.198442483154051,0.023032421105735716,-0.0054004047587751045,0.00010942059225912063
2025-06-06 00:00:00+00:00,590.8274536132812,0.010216662684454049,-9.232034545648245,6.198442483153708,0.0214675676868707,0.009688394075132695,0.000117528898362108
2025-06-09 00:00:00+00:00,591.3599243164062,0.0009008229136485706,-9.242044254979719,6.198442483153369,0.0213603940485242,0.00031937614310465867,0.00010219947080891849
2025-06-10 00:00:00+00:00,594.7128295898438,0.005653808661982898,-9.3230683986686,6.198442483153035,0.02051233453916568,0.005068718879148126,0.00010118850563238154
2025-06-11 00:00:00+00:00,593.0166015625,-0.002856255197579159,-9.273649443307788,6.198442483152703,0.021025497496562115,-0.0034701764056626686,9.33648116889417e-05
2025-06-12 00:00:00+00:00,595.3734130859375,0.003966399219497322,-9.329838095829048,6.198442483152378,0.020443020767211776,0.0033699249317587156,9.806160324215283e-05
2025-06-13 00:00:00+00:00,588.7171020507812,-0.01124302756622849,-9.149080477113136,6.198442483152057,0.02237670250375554,-0.011859305585736482,9.273918346510085e-05
2025-06-16 00:00:00+00:00,594.318359375,0.009469368183272006,-9.282324195999244,6.19844248315174,0.020934499490022185,0.008918819499138367,0.00011097599145106747
2025-06-17 00:00:00+00:00,589.23974609375,-0.008581994289928462,-9.147086644341956,6.1984424831514255,0.022399021328287735,-0.009181562185675347,9.722038316116791e-05
2025-06-18 00:00:00+00:00,589.1510009765625,-0.00015062086591550284,-9.142925095050758,6.1984424831511165,0.022445677167262885,-0.0007004111261165122,0.00011119596520135552
2025-06-20 00:00:00+00:00,587.7673950195312,-0.0023512362440002437,-9.107491220936733,6.198442483150811,0.022846889448552874,-0.0028994410921747136,0.00011165650260015876
2025-06-23 00:00:00+00:00,593.572998046875,0.009828919420942845,-9.243669894906526,6.19844248315051,0.02134303894804933,0.009294347242680849,0.00011565585709867726
2025-06-24 00:00:00+00:00,600.1304321289062,0.010986816119520414,-9.404591629797896,6.198442483150214,0.019693030166290378,0.01040113639588935,0.00010102526509272317
2025-06-25 00:00:00+00:00,600.4667358398438,0.000560227408002968,-9.407344974174196,6.198442483149922,0.01966593797217323,-8.155537182150878e-05,8.610334008298708e-05
2025-06-26 00:00:00+00:00,605.1646118164062,0.007793260788651785,-9.527540633615045,6.198442483149635,0.01851887111725409,0.007150556568034264,8.586820907882887e-05
2025-06-27 00:00:00+00:00,608.1713256835938,0.004956121266641941,-9.604470904610437,6.198442483149349,0.017820066201920573,0.004274395696168215,7.62059162454592e-05
2025-06-30 00:00:00+00:00,611.0791015625,0.004769785315288907,-9.679981754640105,6.198442483149068,0.017159804685921206,0.004064279504323767,7.060029782548496e-05
2025-07-01 00:00:00+00:00,610.8812255859375,-0.0003238664527740109,-9.662615853913248,6.198442483148791,0.017309451164529446,-0.00105184672834486,6.549929306957629e-05
2025-07-02 00:00:00+00:00,613.6505737304688,0.004523121192111028,-9.734993997527837,6.198442483148516,0.016694237343344152,0.0038002352026234275,6.663877523807444e-05
2025-07-03 00:00:00+00:00,618.4869995117188,0.007850504238325978,-9.872633181306504,6.198442483148247,0.015583988340402097,0.007106673101943871,6.201665088544166e-05
2025-07-07 00:00:00+00:00,613.8780517578125,-0.007479876580079352,-9.704451747919046,6.198442483147985,0.016951133680855383,-0.008261519977211492,5.4092956407337783e-05
2025-07-08 00:00:00+00:00,613.5418701171875,-0.000547785876764889,-9.682330767494093,6.19844248314772,0.017139662216074377,-0.0012828702667562657,6.392666188038703e-05
2025-07-09 00:00:00+00:00,617.220947265625,0.005978549327169769,-9.782253537122193,6.1984424831474625,0.016304380610465765,0.0052498833357436814,6.534666355105127e-05
2025-07-10 00:00:00+00:00,618.9617309570312,0.002816387695340711,-9.824040531215202,6.198442483147207,0.01596725916903275,0.0020592810467624017,5.917305083491126e-05
2025-07-11 00:00:00+00:00,616.7857666015625,-0.003521701008814372,-9.739549795698773,6.198442483146953,0.016656252834227774,-0.00429028915918536,5.6767539858296705e-05
2025-07-14 00:00:00+00:00,617.9627685546875,0.0019064648000917212,-9.763583120289361,6.198442483146706,0.016457298049131923,0.0011613402983400487,6.17366794903109e-05
2025-07-15 00:00:00+00:00,615.322021484375,-0.004282467646529195,-9.667616230034877,6.198442483146462,0.017266228336498192,-0.005034366851413713,6.0280525392744636e-05
2025-07-16 00:00:00+00:00,617.3792724609375,0.0033377962635928867,-9.718199138831542,6.198442483146222,0.016835016285287992,0.0026134389076418996,6.630865302186174e-05
2025-07-17 00:00:00+00:00,621.1573486328125,0.006100890076443559,-9.821755597522605,6.198442483145983,0.01598551165770346,0.0053618522615165535,6.305977207777542e-05
2025-07-18 00:00:00+00:00,620.7025146484375,-0.000732504557334665,-9.793043013325128,6.1984424831457465,0.016216659575912666,-0.001500471032114176,5.689651011755367e-05
2025-07-21 00:00:00+00:00,621.8794555664062,0.0018943478951733137,-9.816776946693324,6.198442483145516,0.016025354368299535,0.001134253847966343,5.8542351275675305e-05
2025-07-22 00:00:00+00:00,621.9684448242188,0.0001430870413278501,-9.805626885258478,6.19844248314529,0.016114945716370007,-0.000623522416674785,5.717853958137245e-05
2025-07-23 00:00:00+00:00,627.259765625,0.008471394418692447,-9.959531350123065,6.198442483145066,0.014921377471091565,0.007707836299568784,5.781524746908491e-05
2025-07-24 00:00:00+00:00,627.4674072265625,0.00033097490506409994,-9.94970522781517,6.198442483144844,0.014994867493769415,-0.00047324402693792097,4.962027099631789e-05
2025-07-25 00:00:00+00:00,630.1181030273438,0.004215537956781221,-10.022642098463672,6.198442483144625,0.014457879212087285,0.0034138232045200652,5.010688565455289e-05
2025-07-28 00:00:00+00:00,629.9598999023438,-0.0002511005278458048,-9.99888217802381,6.198442483144412,0.014630662539397734,-0.0010711151672848148,4.660555869900276e-05
2025-07-29 00:00:00+00:00,628.2982788085938,-0.0026411464479572516,-9.923616545088906,6.1984424831441975,0.015191746953835898,-0.0034552723497777607,4.771841723103216e-05
2025-07-30 00:00:00+00:00,627.5070190429688,-0.0012601632939269942,-9.881012603395243,6.19844248314399,0.015518832519669915,-0.0020551697712771653,5.142214417098953e-05
2025-07-31 00:00:00+00:00,625.1531372070312,-0.003758217413957386,-9.788499397759423,6.198442483143784,0.016253542589040146,-0.0045420804122141755,5.3644653116187235e-05
2025-08-01 00:00:00+00:00,614.9066162109375,-0.016526226537602218,-9.450712267041977,6.198442483143579,0.019244098760786428,-0.017285064495659818,5.880712508822099e-05
2025-08-04 00:00:00+00:00,624.2530517578125,0.015085405109181525,-9.693918035276543,6.198442483143378,0.017040648390054595,0.01442835246148494,8.224829254721039e-05
2025-08-05 00:00:00+00:00,621.0880737304688,-0.005082920296747279,-9.587128290725223,6.198442483143178,0.017975261365685658,-0.005814957124304488,6.45989574389809e-05
2025-08-06 00:00:00+00:00,625.845458984375,0.007630572460438727,-9.713030687043185,6.198442483142981,0.016878578032749496,0.006930348462421661,7.182686025647311e-05
2025-08-07 00:00:00+00:00,625.3211669921875,-0.0008380850511677383,-9.68521339727445,6.198442483142789,0.017114976360018627,-0.001575639706529818,6.338429921453888e-05
2025-08-08 00:00:00+00:00,630.197265625,0.007767505474040804,-9.818595871366664,6.198442483142596,0.016010786537514764,0.007037999087456733,6.515984767379965e-05
2025-08-11 00:00:00+00:00,628.9509887695312,-0.00197955603416075,-9.765125503944363,6.198442483142407,0.01644461120798773,-0.0027466616603170225,5.707533984628523e-05
2025-08-12 00:00:00+00:00,635.6468505859375,0.01058980836909497,-9.957583287588315,6.198442483142222,0.014935918439824877,0.009837477139699893,6.018825552967291e-05
2025-08-13 00:00:00+00:00,637.82275390625,0.003417286804688239,-10.013669072198221,6.198442483142039,0.014522890404774134,0.0026135633642971677,4.971636698229537e-05
2025-08-14 00:00:00+00:00,637.882080078125,9.300924530087265e-05,-9.997676639634548,6.198442483141857,0.014639484110487417,-0.0007247896505461652,4.70227509939895e-05
2025-08-15 00:00:00+00:00,636.388671875,-0.0023439428152555583,-9.928942313668454,6.198442483141677,0.015151346903735785,-0.003157768076339027,4.7775584851903604e-05
2025-08-18 00:00:00+00:00,636.2501831054688,-0.00021764032983260864,-9.908097501406413,6.198442483141503,0.015310086180263577,-0.0010140233096253954,5.115087063383536e-05
2025-08-19 00:00:00+00:00,632.7984008789062,-0.005439966259085958,-9.778961288182366,6.198442483141329,0.01633124175266914,-0.00623094084959099,5.2220854608015483e-05
2025-08-20 00:00:00+00:00,631.1170043945312,-0.002660617109700641,-9.713737790157083,6.1984424831411555,0.016872611639978954,-0.003416809006062014,5.936684909205535e-05
2025-08-21 00:00:00+00:00,628.5850830078125,-0.0040198787023870254,-9.625730597694572,6.198442483140987,0.01763164485202129,-0.004757636495722771,6.33398017790512e-05
2025-08-22 00:00:00+00:00,638.2381591796875,0.015240110357538828,-9.891289655622366,6.1984424831408225,0.01543929312615089,0.014528191512224066,6.912523787778945e-05
2025-08-25 00:00:00+00:00,635.42919921875,-0.004410829085847295,-9.784693664723182,6.198442483140655,0.016284500355935105,-0.005197401762988187,5.309989522698555e-05
2025-08-26 00:00:00+00:00,638.0897216796875,0.004178228195597486,-9.853176911872495,6.198442483140491,0.01573633128329337,0.0034204445212697183,5.902982103526931e-05
2025-08-27 00:00:00+00:00,639.543701171875,0.002276052103625867,-9.88458072035394,6.198442483140332,0.015491170697407786,0.001499598181118847,5.514837827304675e-05
2025-08-28 00:00:00+00:00,641.8085327148438,0.0035350684092173997,-9.94199303964039,6.198442483140172,0.015052800739882112,0.002750263062841822,5.3454886740451175e-05
2025-08-29 00:00:00+00:00,637.98095703125,-0.005981588576274999,-9.79876485130399,6.198442483140017,0.016170331328855248,-0.006781329306601506,5.049215313856703e-05
2025-09-02 00:00:00+00:00,633.2533569335938,-0.007437844999217563,-9.638400223162812,6.198442483139864,0.017520304715482497,-0.008199516830439367,5.82106131893472e-05
2025-09-03 00:00:00+00:00,636.685302734375,0.00540491326799287,-9.726300252657692,6.198442483139713,0.01676696301354924,0.0046892046741924326,6.826087933736246e-05
2025-09-04 00:00:00+00:00,642.00634765625,0.008322687701407075,-9.872446172429793,6.198442483139565,0.015585445580590444,0.007581332804324524,6.255444308986012e-05
2025-09-05 00:00:00+00:00,640.1469116210938,-0.00290049153687074,-9.797984627339062,6.198442483139416,0.016176640799485865,-0.003682085292318153,5.410300409897819e-05
2025-09-08 00:00:00+00:00,641.719482421875,0.0024535655150853598,-9.83273989899154,6.198442483139269,0.015897957468580318,0.0016921085649911531,5.8255737726855655e-05
2025-09-09 00:00:00+00:00,643.203125,0.002309311438526683,-9.864754141863608,6.198442483139129,0.015645502859062015,0.0015383628438258362,5.6279184447691896e-05
2025-09-10 00:00:00+00:00,645.0624389648438,0.002886540334312302,-9.908635014790356,6.198442483138986,0.0153059720450186,0.0021069924353620197,5.4517905935730343e-05
2025-09-11 00:00:00+00:00,650.4231567382812,0.00827604473377814,-10.06519929346244,6.198442483138847,0.014153485836834994,0.007484929975854284,5.219298438991787e-05
2025-09-12 00:00:00+00:00,650.20556640625,-0.0003345925400373844,-10.038530686752605,6.198442483138709,0.01434347659261968,-0.0011649825753902135,4.467675504990788e-05
2025-09-15 00:00:00+00:00,653.6671142578125,0.005309653366226374,-10.137952915679907,6.198442483138574,0.013647879089971742,0.004485739434721178,4.587589293596096e-05
2025-09-16 00:00:00+00:00,652.76708984375,-0.0013778337303519087,-10.085064965050622,6.198442483138439,0.014013597480268486,-0.002225461002729824,4.156243374278291e-05
2025-09-17 00:00:00+00:00,651.9561767578125,-0.001243042430699064,-10.037233765351315,6.198442483138305,0.014352780789876998,-0.002078201137877436,4.38039230953027e-05
2025-09-18 00:00:00+00:00,655.0023803710938,0.004661523676907058,-10.122215035843244,6.198442483138176,0.013755697080846665,0.0038379268770210176,4.593502199166988e-05
2025-09-19 00:00:00+00:00,658.2465209960938,0.004940643347549601,-10.216283302134826,6.198442483138048,0.01312368926946199,0.004096692186261042,4.221717353283082e-05
2025-09-22 00:00:00+00:00,661.3607177734375,0.004719893112429032,-10.308365915142941,6.19844248313792,0.01253315623952659,0.0038543904559427277,3.845164337779146e-05
2025-09-23 00:00:00+00:00,657.7605590820312,-0.005458433114998444,-10.145084104075762,6.198442483137797,0.013599302944348938,-0.0063440793786922614,3.509111154463318e-05
2025-09-24 00:00:00+00:00,655.6678466796875,-0.0031866436938144398,-10.049547121244652,6.198442483137675,0.01426468680233302,-0.004035927260152283,4.126910888049252e-05
2025-09-25 00:00:00+00:00,652.6429443359375,-0.0046241424508109445,-9.92743313997728,6.198442483137554,0.015162784225478025,-0.005450741972281757,4.5376692525997737e-05
2025-09-26 00:00:00+00:00,656.3818969726562,0.005712592590631297,-10.031324315451572,6.198442483137432,0.014395252023883467,0.004916599303523658,5.12275963229335e-05
2025-09-29 00:00:00+00:00,658.2266845703125,0.0028065978489793704,-10.075057578536414,6.198442483137313,0.01408389294529322,0.001984448654405968,4.620541103462343e-05
2025-09-30 00:00:00+00:00,660.7060546875,0.0037596656203880132,-10.140782168733852,6.198442483137197,0.01362858608758568,0.0029269032646257456,4.424146205264473e-05
2025-10-01 00:00:00+00:00,662.9574584960938,0.0034017799195840766,-10.199525364196752,6.198442483137083,0.013234114232225914,0.0025534948212643863,4.1445810324711025e-05
2025-10-02 00:00:00+00:00,663.7210693359375,0.0011511619554406625,-10.205137619181942,6.198442483136969,0.013197029676768567,0.0002894252969984324,3.9096967061532036e-05
2025-10-03 00:00:00+00:00,663.7113037109375,-1.4713555580661802e-05,-10.182559230957063,6.198442483136857,0.013346857633698448,-0.0008777149435402781,3.88796500663759e-05
2025-10-06 00:00:00+00:00,666.0914916992188,0.0035797646662827694,-10.246287314352646,6.198442483136748,0.012928277055427696,0.0027218728538322113,3.976134176498227e-05
2025-10-07 00:00:00+00:00,663.6220092773438,-0.003714311780944407,-10.131622372766548,6.198442483136641,0.013691146772952406,-0.004586479422472795,3.732272497106712e-05
2025-10-08 00:00:00+00:00,667.5791625976562,0.0059452546462897245,-10.249398941743388,6.198442483136534,0.012908178703626556,0.005099102632058046,4.1824572320575444e-05
2025-10-09 00:00:00+00:00,665.6452026367188,-0.002901179078111572,-10.154584187186373,6.198442483136429,0.013534858867429824,-0.0037740322592202153,3.7207561945933354e-05
2025-10-10 00:00:00+00:00,647.6542358398438,-0.027399832538963102,-9.48852897374849,6.198442483136325,0.01888364309229613,-0.028251313508267973,4.088155837349873e-05
2025-10-13 00:00:00+00:00,657.5919189453125,0.015227587680655873,-9.738212423291987,6.1984424831362235,0.01666739436535482,0.014558272803184462,7.92164722739947e-05
2025-10-14 00:00:00+00:00,656.78857421875,-0.0012223931057610573,-9.702354153251447,6.198442483136119,0.016968921310818532,-0.001967138238392712,6.181873487905829e-05
2025-10-15 00:00:00+00:00,659.7044067382812,0.004429704266786335,-9.773882539064859,6.198442483136019,0.01637276559245543,0.0036952254721798815,6.405997689914784e-05
2025-10-16 00:00:00+00:00,655.211669921875,-0.0068335225027077754,-9.627583298676448,6.1984424831359215,0.01761531933188965,-0.007588300331078239,5.966705521722131e-05
2025-10-17 00:00:00+00:00,658.9308471679688,0.005660249367837144,-9.719784632563252,6.198442483135822,0.01682167566743448,0.004947774851624842,6.899816130367709e-05
2025-10-20 00:00:00+00:00,665.7840576171875,0.010346787167762106,-9.903937140002222,6.198442483135726,0.015341967073585518,0.009607295135674775,6.296055234245412e-05
2025-10-21 00:00:00+00:00,665.7741088867188,-1.4942990429156014e-05,-9.887874356645305,6.198442483135632,0.015465680550974959,-0.0008048314166726538,5.243707448156562e-05
2025-10-22 00:00:00+00:00,662.312744140625,-0.0052125696080209645,-9.764971014516028,6.19844248313554,0.016445881516327625,-0.005998243330774854,5.3280314190622946e-05
2025-10-23 00:00:00+00:00,666.2402954101562,0.005912541831996953,-9.866685233396053,6.198442483135445,0.01563040370064613,0.005160253860465678,6.019749116693654e-05
2025-10-24 00:00:00+00:00,671.6851806640625,0.008139340211438471,-10.017757675802905,6.198442483135357,0.014493231559876479,0.007359277963379499,5.441344626504788e-05
2025-10-27 00:00:00+00:00,679.6094970703125,0.011728614603400918,-10.257581779155613,6.198442483135266,0.012855473832185108,0.010909804868570804,4.683219412789753e-05
2025-10-28 00:00:00+00:00,681.41455078125,0.0026524950416700003,-10.299875705770681,6.198442483135175,0.01258647388923965,0.001777844102593456,3.690640379950917e-05
2025-10-29 00:00:00+00:00,681.7418212890625,0.00048016576939499743,-10.28762322390827,6.198442483135088,0.012663818334211685,-0.00040366151998713217,3.538825821631772e-05
2025-10-30 00:00:00+00:00,674.2440185546875,-0.011058934288291149,-9.985413193760955,6.198442483135001,0.014729525142194081,-0.011940123003505125,3.582152099394231e-05
2025-10-31 00:00:00+00:00,676.4556884765625,0.0032748535991825116,-10.03885038693279,6.198442483134918,0.01434118396983018,0.0024640968820810686,4.8361033791887264e-05
2025-11-03 00:00:00+00:00,677.7251586914062,0.001874890771598795,-10.061949239001137,6.198442483134834,0.014176504334498699,0.0010508986963093966,4.586132890838664e-05
2025-11-04 00:00:00+00:00,669.691650390625,-0.011924451941663715,-9.774814416038119,6.198442483134749,0.01636513866780758,-0.012754057327480962,4.482119801509825e-05
2025-11-05 00:00:00+00:00,672.012451171875,0.0034594857288829657,-9.829080105760596,6.198442483134669,0.0159270757207061,0.0027044481722763767,5.961185824506654e-05
2025-11-06 00:00:00+00:00,664.80224609375,-0.010787246744836403,-9.598814811767346,6.19844248313459,0.01787053350464333,-0.011557203551386596,5.6484119806261974e-05
2025-11-07 00:00:00+00:00,665.4567260742188,0.0009839889028669835,-9.60656909177717,6.198442483134509,0.01780138108771038,0.0002802006981531748,7.099800779290716e-05
2025-11-10 00:00:00+00:00,675.8406982421875,0.015483783745324687,-9.87424131385602,6.198442483134429,0.015571462817274648,0.014777641995993357,7.045333030679144e-05
2025-11-11 00:00:00+00:00,677.387939453125,0.0022867412676202815,-9.905924697219962,6.198442483134352,0.015326728128210286,0.0015046711803840588,5.4006630963980226e-05
2025-11-12 00:00:00+00:00,677.7647705078125,0.0005561455349355046,-9.90170233840012,6.198442483134277,0.01535911978132042,-0.00023426207175520296,5.2333666860503926e-05
2025-11-13 00:00:00+00:00,666.5180053710938,-0.016733127522772336,-9.538597324079394,6.1984424831342,0.01841677487603342,-0.017522431572207703,5.255358966143251e-05
2025-11-14 00:00:00+00:00,666.4088134765625,-0.00016383779399072634,-9.52703935720115,6.198442483134125,0.018523513235591503,-0.0008490372983042557,7.537366487065523e-05
2025-11-17 00:00:00+00:00,660.2003173828125,-0.00936001611387412,-9.357197120040999,6.198442483134051,0.020165274266596034,-0.010041583734418626,7.624386496252886e-05
2025-11-18 00:00:00+00:00,654.65625,-0.008433011441929867,-9.218085059550319,6.198442483133978,0.021617821838250853,-0.009058733965708258,9.025319043644369e-05
2025-11-19 00:00:00+00:00,657.185302734375,0.0038557337390654808,-9.271920888998617,6.198442483133906,0.021043677208686048,0.0032793941508880687,0.00010362521547453838
2025-11-20 00:00:00+00:00,647.1683349609375,-0.015359584109870688,-9.034611712148932,6.198442483133836,0.02369477911339259,-0.015955440363141726,9.82300946990079e-05
2025-11-21 00:00:00+00:00,653.6148681640625,0.009911853052476355,-9.168173145675159,6.1984424831337686,0.022164103407074198,0.009406085713515158,0.00012433762898872127
2025-11-24 00:00:00+00:00,663.2351684570312,0.014611339452438529,-9.376558631813202,6.198442483133701,0.019971001042098237,0.014053566102814982,0.00010889146407857269
2025-11-25 00:00:00+00:00,669.4735107421875,0.009361967767598688,-9.520460693760782,6.198442483133635,0.018584543534667312,0.008729638641042845,8.853426923769746e-05
2025-11-26 00:00:00+00:00,674.09521484375,0.006879770632920697,-9.630267949800698,6.198442483133569,0.017591689701336906,0.00620027956752396,7.67436521881349e-05
2025-11-28 00:00:00+00:00,677.7747192382812,0.005443590966696786,-9.718625086105154,6.198442483133506,0.016831431252389558,0.004730312163720078,6.881443575744951e-05
2025-12-01 00:00:00+00:00,674.6803588867188,-0.004575923889866952,-9.61979840695171,6.198442483133441,0.01768401962808313,-0.005315083766624006,6.303310107109368e-05
2025-12-02 00:00:00+00:00,675.9299926757812,0.001850473223761602,-9.64298640594241,6.198442483133375,0.01748017508361958,0.0011403370323259277,6.953370279364332e-05
2025-12-03 00:00:00+00:00,678.2706298828125,0.0034568578671407297,-9.69545718204514,6.198442483133313,0.017027539405390806,0.0027397833176198328,6.795066807118256e-05
2025-12-04 00:00:00+00:00,678.7665405273438,0.0007308726355028201,-9.697516158672194,6.198442483133251,0.017010018772755396,-1.6104855902233928e-06,6.450028481561914e-05
2025-12-05 00:00:00+00:00,680.0557861328125,0.0018975931835084833,-9.721436634853491,6.19844248313319,0.016807786681013848,0.001164513571279793,6.436852223114383e-05
2025-12-08 00:00:00+00:00,678.0127563476562,-0.0030087308003297914,-9.652185341467357,6.19844248313313,0.01739996019614685,-0.0037486957228731405,6.285733659239869e-05
2025-12-09 00:00:00+00:00,677.4276123046875,-0.0008634006967059875,-9.625531461732313,6.198442483133071,0.017633400486686795,-0.0015832057114207971,6.733269156402992e-05
2025-12-10 00:00:00+00:00,681.9203491210938,0.006610159139183051,-9.734860499160293,6.1984424831330145,0.01669535170721919,0.005898300050107282,6.913891051561294e-05
2025-12-11 00:00:00+00:00,683.5072021484375,0.0023243323899324697,-9.766885160283545,6.198442483132956,0.016430149138790408,0.0015805391971274252,6.20248739951075e-05
2025-12-12 00:00:00+00:00,676.1581420898438,-0.010810206581406788,-9.543970428822782,6.198442483132897,0.01836736364845264,-0.011563030289861487,6.008316025189253e-05
2025-12-15 00:00:00+00:00,675.1365966796875,-0.001511950835671096,-9.5088742453086,6.198442483132839,0.018692520427689353,-0.002198831657066378,7.497251219160228e-05
2025-12-16 00:00:00+00:00,673.2918701171875,-0.0027361150535985287,-9.453956292783225,6.198442483132786,0.01921290988610298,-0.0034119323206078626,7.76318649280253e-05
2025-12-17 00:00:00+00:00,665.8832397460938,-0.011064581322954193,-9.26283842397506,6.198442483132732,0.02113945875832717,-0.01172269491288994,8.198372609215316e-05
2025-12-18 00:00:00+00:00,670.9114990234375,0.007522894645792734,-9.372649456285245,6.198442483132678,0.020010074289973402,0.006930294505976953,9.912017984904096e-05
2025-12-19 00:00:00+00:00,676.9923095703125,0.009022679156543787,-9.510912090203549,6.198442483132624,0.018673483899045374,0.008391678819656176,8.887866908150106e-05
2025-12-22 00:00:00+00:00,681.2098388671875,0.00621047884157309,-9.608888179563998,6.198442483132571,0.017780751567699902,0.005534013887571678,7.747490284391005e-05
2025-12-23 00:00:00+00:00,684.3233032226562,0.004560079363435816,-9.680740158582323,6.198442483132519,0.017153298887708685,0.0038532354935773244,7.029124572859522e-05
2025-12-24 00:00:00+00:00,686.7305297851562,0.003511501850767283,-9.734709273801041,6.198442483132467,0.01669661413522511,0.00278330009705199,6.544997606716942e-05
2025-12-26 00:00:00+00:00,686.660888671875,-0.00010141480775991423,-9.720380090157285,6.1984424831324185,0.016816668115650236,-0.0008451650154944965,6.203419035284747e-05
2025-12-29 00:00:00+00:00,684.2138671875,-0.003570018446780222,-9.640529521571972,6.198442483132367,0.01750166166290325,-0.004309680975050686,6.292332911876031e-05
2025-12-30 00:00:00+00:00,683.3782958984375,-0.001221959902357149,-9.607647369267532,6.198442483132319,0.017791786260147446,-0.0019383030765494319,6.811667699885194e-05
2025-12-31 00:00:00+00:00,678.3152465820312,-0.007436434837780548,-9.46424891447599,6.198442483132271,0.019114288265983038,-0.008142903143963875,7.03779214132983e-05
2026-01-02 00:00:00+00:00,679.55859375,0.0018313152201985445,-9.487462574296059,6.198442483132222,0.018893714530418628,0.0011698467718031797,8.114993195951719e-05
2026-01-05 00:00:00+00:00,684.0845947265625,0.006638125918191552,-9.591857681796128,6.198442483132177,0.017932805562668512,0.005969153679429267,7.930041603871234e-05
2026-01-06 00:00:00+00:00,688.1529541015625,0.005929543756599755,-9.687712534997495,6.198442483132129,0.017093603374760107,0.005227874876004224,7.149027462125379e-05
2026-01-07 00:00:00+00:00,685.9347534179688,-0.0032286186657920035,-9.615950216115072,6.198442483132085,0.017718078124615105,-0.003958852672206851,6.499831721928584e-05
2026-01-08 00:00:00+00:00,685.8651123046875,-0.00010153246851990349,-9.603981515743229,6.198442483132039,0.017824427206423087,-0.0008105094474191365,6.979996232601212e-05
2026-01-09 00:00:00+00:00,690.4010009765625,0.006591610519991714,-9.712105623042035,6.198442483131993,0.016886386720935516,0.005886253132944271,7.063462113790604e-05
2026-01-12 00:00:00+00:00,691.4852294921875,0.0015692011602722827,-9.729800564712319,6.198442483131948,0.0167376438761714,0.0008319123668371986,6.344255995753057e-05
2026-01-13 00:00:00+00:00,690.1026000976562,-0.0020015084477309304,-9.679350507742047,6.198442483131905,0.017165221577428048,-0.0027438616244671696,6.233735635804584e-05
2026-01-14 00:00:00+00:00,686.7105712890625,-0.004927372488885677,-9.57641573949953,6.198442483131861,0.01807180013306495,-0.005655168356608656,6.554036972178093e-05
2026-01-15 00:00:00+00:00,688.5806884765625,0.002719596051916529,-9.615047073325686,6.198442483131818,0.01772608090864272,0.0020226574352369352,7.259513256453784e-05
2026-01-16 00:00:00+00:00,688.0037231445312,-0.0008382564279319575,-9.589830167017109,6.198442483131776,0.01795099429474447,-0.0015469610268597487,6.986259910604067e-05
2026-01-20 00:00:00+00:00,673.9981689453125,-0.020566855255717744,-9.214445811692018,6.198442483131734,0.021657193954516703,-0.021267905123090455,7.163437706832451e-05
2026-01-21 00:00:00+00:00,681.77685546875,0.011475018699616915,-9.380685882187722,6.198442483131694,0.01992983087583443,0.010900017340973601,0.00010400043480070275
2026-01-22 00:00:00+00:00,685.3379516601562,0.005209663778086045,-9.45826959010555,6.198442483131654,0.01917151903851824,0.004575934531361993,8.817210509036731e-05
2026-01-23 00:00:00+00:00,685.5865478515625,0.00036266941646986676,-9.457034133855034,6.198442483131612,0.019183365483596594,-0.00029685217121251965,8.163327276681223e-05
2026-01-26 00:00:00+00:00,689.068115234375,0.00506538103059215,-9.534105761716505,6.198442483131574,0.01845818140006015,0.004406262427063675,8.173349961571955e-05
2026-01-27 00:00:00+00:00,691.8134765625,0.003976249609777937,-9.594247167487838,6.198442483131535,0.017911393265156617,0.0032924590225629543,7.571064874642364e-05
2026-01-28 00:00:00+00:00,691.7438354492188,-0.00010066964734378686,-9.58271587364979,6.198442483131498,0.01801496231893986,-0.0008030672535709885,7.132081774250793e-05
2026-01-29 00:00:00+00:00,690.3711547851562,-0.001986348639724907,-9.537993824944916,6.198442483131461,0.018422332968409703,-0.00268522153103471,7.214231598071851e-05
2026-01-30 00:00:00+00:00,688.3121337890625,-0.002986940574398427,-9.477521790780031,6.198442483131425,0.018987857463210536,-0.003671950955292487,7.541885561245563e-05
2026-02-02 00:00:00+00:00,691.73388671875,0.004958907008599522,-9.553301043725808,6.198442483131389,0.018281873823172635,0.0042931375305277405,8.008721674343813e-05
2026-02-03 00:00:00+00:00,685.885009765625,-0.00849133546493203,-9.39603342503727,6.198442483131353,0.01977747921270157,-0.00918112532378403,7.428096052306771e-05
2026-02-04 00:00:00+00:00,682.5626831054688,-0.004855623207264491,-9.311426473088114,6.19844248313132,0.0206320842664274,-0.005494533820587461,8.683831531051912e-05
2026-02-05 00:00:00+00:00,674.0379638671875,-0.012567930681256348,-9.112063113151828,6.198442483131286,0.022794722338810244,-0.013177780279330545,9.445059767714683e-05
2026-02-06 00:00:00+00:00,686.96923828125,0.01900307879815714,-9.377164096210404,6.198442483131254,0.019964956092085064,0.018466734142676838,0.00011513189361296621
2026-02-09 00:00:00+00:00,690.2816162109375,0.0048101394245550514,-9.448270328760119,6.198442483131221,0.01926760956154894,0.004177604721818577,8.848104708038871e-05
2026-02-10 00:00:00+00:00,688.4613037109375,-0.0026405409324224806,-9.397402691659142,6.198442483131186,0.01976394352564563,-0.0032967938282937644,8.244800785100924e-05
2026-02-11 00:00:00+00:00,688.3021850585938,-0.00023114885650317492,-9.387458721589685,6.198442483131154,0.019862454251071346,-0.0008705198216199911,8.672030303891527e-05
2026-02-12 00:00:00+00:00,677.668701171875,-0.015569436795382833,-9.131031599144142,6.19844248313112,0.022579553622197265,-0.01620545743744218,8.758099935069005e-05
2026-02-13 00:00:00+00:00,678.1461181640625,0.0007042510601164912,-9.139250447302897,6.198442483131088,0.02248695505454446,0.0001605953428356141,0.00011298323732649533
2026-02-17 00:00:00+00:00,679.2402954101562,0.0016121827537749706,-9.160286060823072,6.198442483131056,0.02225168105878307,0.0010653805506860266,0.00011206474253956647
2026-02-18 00:00:00+00:00,682.662109375,0.005025060758005965,-9.230253622252004,6.198442483131024,0.021486692247167302,0.004470263579889106,0.00010974778281481725
2026-02-19 00:00:00+00:00,680.8616943359375,-0.002640828242968268,-9.187600537044803,6.198442483130996,0.02194985033070223,-0.0032216249506089286,0.00010238039683764345
2026-02-20 00:00:00+00:00,685.7855834960938,0.007205824861526998,-9.28986719521013,6.1984424831309655,0.020855693734751057,0.006640770160939431,0.00010681057800350593
2026-02-23 00:00:00+00:00,678.7827758789062,-0.010263859697353819,-9.12824249651789,6.198442483130935,0.02261106393461746,-0.010866106782215085,9.649478081065608e-05
2026-02-24 00:00:00+00:00,683.7164916992188,0.007242187209707843,-9.22893752603881,6.198442483130906,0.021500836177500163,0.006699602188122243,0.00011329664035109036
2026-02-25 00:00:00+00:00,689.4859008789062,0.0084029028181233,-9.35049496552477,6.198442483130878,0.02023296301034757,0.007822586874255244,0.00010251430632280013
2026-02-26 00:00:00+00:00,685.6561889648438,-0.005569928872744709,-9.257149228009741,6.198442483130848,0.021199677628692945,-0.006193349624060374,9.08559529570383e-05
2026-02-27 00:00:00+00:00,682.3637084960938,-0.004813507218789428,-9.180768902443193,6.198442483130821,0.022024955208456085,-0.00540406025736613,9.968182696514364e-05
2026-03-02 00:00:00+00:00,682.7516479492188,0.0005683614380813482,-9.186459084134935,6.198442483130793,0.021962381266495395,5.859217826351777e-06,0.00010753774823439843
2026-03-03 00:00:00+00:00,676.7337036132812,-0.008853326204464676,-9.054951315813247,6.198442483130766,0.023455029076863428,-0.009417955030206957,0.00010693173304344394
2026-03-04 00:00:00+00:00,681.50830078125,0.0070305833857426895,-9.150267093491962,6.198442483130739,0.022363430160532702,0.006516671889916956,0.00012185112613784722
2026-03-05 00:00:00+00:00,677.7084350585938,-0.005591272564328495,-9.068274974373939,6.19844248313071,0.023299294990292322,-0.006142272263136354,0.00011084528214348167
2026-03-06 00:00:00+00:00,668.8256225585938,-0.013193786382772557,-8.886438607221358,6.198442483130683,0.025516907859689242,-0.013712988371188891,0.00012024933529699552
2026-03-09 00:00:00+00:00,674.6845092773438,0.008721815668318755,-8.997859013198095,6.198442483130656,0.02413422802207797,0.008277926888908542,0.00014405015979086089
2026-03-10 00:00:00+00:00,673.6002807617188,-0.0016083082110627642,-8.976892991287883,6.198442483130631,0.024388558142446996,-0.0020991492064029852,0.00012896000407446506
2026-03-11 00:00:00+00:00,672.7548217773438,-0.0012559228897518618,-8.96109353732918,6.198442483130604,0.024581984093388316,-0.001738126145874724,0.00013167346492057246
2026-03-12 00:00:00+00:00,662.5390625,-0.015301438459733196,-8.762883802067533,6.198442483130578,0.027142986485245144,-0.015777072859353557,0.00013375591785677005
2026-03-13 00:00:00+00:00,658.7890014648438,-0.005676215023587526,-8.699816151471108,6.198442483130552,0.02801254690727465,-0.006064908572837285,0.00016285697095372607
2026-03-16 00:00:00+00:00,665.493408203125,0.010125429394262926,-8.82033525810865,6.198442483130525,0.02637437672715588,0.009766242640724399,0.0001733840634319318
2026-03-17 00:00:00+00:00,667.2440185546875,0.0026270911632708125,-8.855248971907953,6.198442483130501,0.02591795841217256,0.0022123110061745576,0.00015382465480047775
2026-03-18 00:00:00+00:00,657.9335327148438,-0.014051911808400095,-8.684263369677305,6.198442483130479,0.028231232612774194,-0.014482185247090246,0.00014858217029888
2026-03-19 00:00:00+00:00,656.3121337890625,-0.0024674226283852175,-8.661284781309359,6.198442483130454,0.028557460022178096,-0.0028191897117715308,0.00017608303787926413
2026-03-20 00:00:00+00:00,646.9034423828125,-0.01443944509538709,-8.50470293265896,6.198442483130431,0.0308831004423988,-0.014780144512537848,0.00018014774230064166
2026-03-23 00:00:00+00:00,653.6959228515625,0.010445249178190171,-8.620574740500542,6.198442483130408,0.02914470411055167,0.010183425513645115,0.00021045871314919373
2026-03-24 00:00:00+00:00,651.5015869140625,-0.0033624612191459923,-8.589531646767714,6.198442483130384,0.029600603984085105,-0.0036832398281611218,0.0001875807169817304
2026-03-25 00:00:00+00:00,655.1322021484375,0.005557218263225205,-8.65600596554296,6.198442483130361,0.028632934367259315,0.005251903040118007,0.0001934540995271928
2026-03-26 00:00:00+00:00,643.432373046875,-0.018020121487025215,-8.459876242305008,6.198442483130338,0.031583109500721775,-0.018358260467544345,0.000181094692855461
2026-03-27 00:00:00+00:00,632.4606323242188,-0.017198951843375027,-8.293487301060345,6.198442483130318,0.034323043091054925,-0.017437042290869263,0.00022004013529873783
2026-03-30 00:00:00+00:00,630.3460693359375,-0.0033489923071651985,-8.272512437267793,6.1984424831302976,0.03468489781475052,-0.0034942214570308524,0.00025957930228498287
2026-03-31 00:00:00+00:00,648.6688842773438,0.028653407820692582,-8.547985372107393,6.19844248313028,0.03022193252426689,0.028520438704653282,0.0002650434648214238
2026-04-01 00:00:00+00:00,653.5562744140625,0.007506248903134024,-8.63446598379283,6.198442483130259,0.02894297739250879,0.007222005523873566,0.0002016034667918595
2026-04-02 00:00:00+00:00,654.144775390625,0.0009000543608632609,-8.65013708709422,6.198442483130237,0.0287170793717953,0.0005724329821937995,0.0001850105582769014
2026-04-06 00:00:00+00:00,657.23681640625,0.00471570863127598,-8.708215439057597,6.198442483130217,0.027895150871830022,0.004380424181655097,0.00018215333745052125
2026-04-07 00:00:00+00:00,657.5260009765625,0.00043990379276420265,-8.717929470159127,6.198442483130196,0.02775999218987068,7.673380899693796e-05,0.0001719437251893686
2026-04-08 00:00:00+00:00,674.27294921875,0.02515068962018007,-9.012525491507537,6.1984424831301785,0.023957893298744606,0.024782933580349407,0.0001702928449578647
2026-04-09 00:00:00+00:00,678.162841796875,0.005752440641581351,-9.089443349365569,6.19844248313016,0.0230539913434967,0.005255610477152556,0.00012709515057553316
2026-04-10 00:00:00+00:00,677.7140502929688,-0.000661994496571573,-9.079173604796528,6.1984424831301395,0.023172675096874956,-0.0011895302644069484,0.00011774763098745916
2026-04-13 00:00:00+00:00,684.3369750976562,0.00972500571340668,-9.212448218639889,6.198442483130122,0.02167883589074462,0.009201502102011722,0.000118954754035181
2026-04-14 00:00:00+00:00,692.675537109375,0.012111239170364246,-9.387933465521835,6.198442483130104,0.019857740020787284,0.011536973398278494,0.00010420697095230143
2026-04-15 00:00:00+00:00,698.1414184570312,0.007859998349511583,-9.508326076284861,6.198442483130086,0.01869764446019686,0.007223817380349324,8.753971457162152e-05
2026-04-16 00:00:00+00:00,699.8569946289062,0.0024543333053888188,-9.542068423372243,6.1984424831300675,0.01838483936974402,0.0017786903744999544,7.767414111035329e-05
2026-04-17 00:00:00+00:00,708.3152465820312,0.012013237341879625,-9.741905129714697,6.1984424831300515,0.01663664886049573,0.011326951170819069,7.511427003773763e-05
2026-04-20 00:00:00+00:00,706.8988037109375,-0.0020017372548961723,-9.690986700596259,6.198442483130033,0.017065642623968105,-0.002747529276134077,6.159243111278634e-05
2026-04-21 00:00:00+00:00,702.2708129882812,-0.006568417750443915,-9.556614694896018,6.198442483130015,0.018251609025544385,-0.007299603659324207,6.478729904885479e-05
2026-04-22 00:00:00+00:00,709.3825073242188,0.010075780503951338,-9.723809643918068,6.198442483129999,0.016787855992196885,0.009384960775968372,7.403690261345407e-05
2026-04-23 00:00:00+00:00,706.6295776367188,-0.0038882904816336587,-9.6377286170649,6.198442483129983,0.017526189075140607,-0.00462893400641785,6.270936895912985e-05
2026-04-24 00:00:00+00:00,712.10546875,0.00771943756437638,-9.76775697047813,6.198442483129965,0.016422988713771652,0.007003929264031055,6.830642577191454e-05
2026-04-27 00:00:00+00:00,713.332275390625,0.0017213055408080294,-9.788160358541676,6.198442483129948,0.01625629811674592,0.0009682379962063536,6.003115948682386e-05
2026-04-28 00:00:00+00:00,709.8612060546875,-0.0048778697536611924,-9.679009364063766,6.198442483129928,0.017168149730560654,-0.005636613870154837,5.882693014233141e-05
2026-04-29 00:00:00+00:00,709.7515258789062,-0.0001545212627813887,-9.664812554516539,6.198442483129911,0.01729044976058985,-0.0008822174472234409,6.556257942811156e-05
2026-04-30 00:00:00+00:00,716.8132934570312,0.009900461815238022,-9.836490038335628,6.198442483129894,0.01586817562091041,0.009176928994065804,6.649354828025381e-05
2026-05-01 00:00:00+00:00,718.7982177734375,0.002765268411019866,-9.877680341488473,6.1984424831298774,0.01554471047891196,0.0019933054128013256,5.60699613109241e-05
2026-05-04 00:00:00+00:00,716.1649780273438,-0.003670118801040342,-9.7871696396049,6.198442483129864,0.016264352822761573,-0.00445310023196445,5.3822484104982745e-05
2026-05-05 00:00:00+00:00,721.9102172851562,0.007990221711526798,-9.930470632050923,6.198442483129852,0.015139773285323961,0.007231751903465538,5.888484144797194e-05
2026-05-06 00:00:00+00:00,731.9443359375,0.013803688898871048,-10.204877774324506,6.198442483129836,0.013198744378290956,0.013006911580445313,5.107328874791371e-05
2026-05-07 00:00:00+00:00,729.7001342773438,-0.003070792479857851,-10.108548982663855,6.198442483129823,0.013850011985907233,-0.003933735389201499,3.888968502395306e-05
2026-05-08 00:00:00+00:00,735.724609375,0.008222201875465084,-10.277641607890548,6.198442483129809,0.012727178999108925,0.007381466269004712,4.279408064634305e-05
2026-05-11 00:00:00+00:00,737.4002685546875,0.002274973327095926,-10.310683472822637,6.198442483129797,0.012518641494580818,0.0013959460530411894,3.617840111712959e-05
2026-05-12 00:00:00+00:00,736.2831420898438,-0.0015161013155970994,-10.247465780599823,6.1984424831297815,0.012920661530224649,-0.002402242770581023,3.50104343132116e-05
2026-05-13 00:00:00+00:00,740.4025268554688,0.0055792448425891535,-10.361807713000637,6.198442483129767,0.012202693827194877,0.004706817442113115,3.7279067417864124e-05
2026-05-14 00:00:00+00:00,746.2474975585938,0.007863317827570018,-10.541100094690433,6.198442483129756,0.011156368960266021,0.0069663963860288735,3.327715564225299e-05
2026-05-15 00:00:00+00:00,737.2706298828125,-0.012102281834028297,-10.165659853259909,6.198442483129745,0.013460112237038932,-0.013034917291958836,2.7849181101974533e-05
2026-05-18 00:00:00+00:00,736.751953125,-0.0007037568965346505,-10.127665929087904,6.198442483129732,0.013718257705370255,-0.0015577866530396113,4.0434325321725545e-05
2026-05-19 00:00:00+00:00,731.8446044921875,-0.006683070135583305,-9.951946887232468,6.1984424831297185,0.014978070215979258,-0.007528297789677162,4.198924178185056e-05
2026-05-20 00:00:00+00:00,739.3452758789062,0.010196829759483024,-10.152252710144747,6.198442483129707,0.01355064617392179,0.009394542645738697,4.9995454479143716e-05
2026-05-21 00:00:00+00:00,740.8114624023438,0.001981123978379707,-10.177793929171445,6.198442483129693,0.01337869645127468,0.0011301813285130914,4.097633135094343e-05
2026-05-22 00:00:00+00:00,743.7239990234375,0.003923840734942977,-10.249619964310721,6.198442483129679,0.012906752283036409,0.00306703466950746,3.994996820860315e-05
2026-05-26 00:00:00+00:00,748.6613159179688,0.006616702614766452,-10.389660504949235,6.198442483129667,0.012033932129641624,0.005743800779253621,3.719939531002572e-05
2026-05-27 00:00:00+00:00,748.5316162109375,-0.00017325717290322425,-10.358544879343103,6.1984424831296545,0.012222617754957206,-0.001075937462784786,3.2369241111652055e-05
2026-05-28 00:00:00+00:00,752.6609497070312,0.005501418012009892,-10.476060132111481,6.198442483129644,0.011525137545182869,0.004605176421379131,3.338516665140879e-05
2026-05-29 00:00:00+00:00,754.5361328125,0.0024883063996868804,-10.516121671630211,6.198442483129633,0.011296576933164491,0.0015682605589108368,2.9707490445096182e-05
