timestamp,close,log_ret,h_filtered,P_filtered,sigma_filtered,innovation,P_obs
2018-03-15 00:00:00+00:00,241.42361450195312,-0.0010900432561047817,-9.012941418322704,1.6662138951538696,0.013593086347929665,-0.001097179879004804,0.000124265344800649
2018-03-16 00:00:00+00:00,241.6854248046875,0.0010838560534497455,-9.033145742056485,1.624109553262151,0.013385822200741807,0.0010811275659936108,0.0001267807604644106
2018-03-19 00:00:00+00:00,238.41534423828125,-0.013622686520195233,-8.781676225783745,1.583964435531366,0.015103291807088786,-0.013637763240552984,0.0001242293180226523
2018-03-20 00:00:00+00:00,238.82083129882807,0.0016993144229541736,-8.813605756410636,1.5456740881545288,0.014793111922575528,0.001789971217421144,0.00015920197063946413
2018-03-21 00:00:00+00:00,238.36245727539065,-0.001921166039953213,-8.786313844163422,1.5091408458218585,0.014928034610954018,-0.0018491757335276238,0.00015420765209012347
2018-03-22 00:00:00+00:00,232.4040679931641,-0.025314915820499516,-8.389529385315253,1.474273277563388,0.018124683635946458,-0.02523431083995707,0.00015837123156677935
2018-03-23 00:00:00+00:00,227.45046997070312,-0.021545028824779936,-8.122924509326383,1.4409856884067405,0.020623191331757433,-0.021268091403087427,0.00023429434631792076
2018-03-26 00:00:00+00:00,233.6732940673828,0.026991460318865464,-8.441564090166958,1.409197670180312,0.01751614352199849,0.027421713734001353,0.0003047954200641116
2018-03-27 00:00:00+00:00,229.6981201171875,-0.017158035009009913,-8.22861154155928,1.3788336957063045,0.01941029742141494,-0.016917704798680714,0.0002224324666652916
2018-03-28 00:00:00+00:00,229.0194091796875,-0.0029591693773362163,-8.208203430352212,1.3498227514017527,0.019538393118293612,-0.002602438437337709,0.00027443576500472527
2018-03-29 00:00:00+00:00,231.9457550048828,0.012696773487472028,-8.367392121174307,1.3220980039628407,0.01798110472238327,0.01306167148583234,0.00027995577153407727
2018-04-02 00:00:00+00:00,226.93927001953125,-0.021821080958809906,-8.111374493080149,1.2955964973676277,0.020369070423515583,-0.02155135855770395,0.00023916542334144274
2018-04-03 00:00:00+00:00,229.84796142578125,0.012735604328037813,-8.263683324717551,1.2702588769108267,0.018815781820732055,0.013151991750013955,0.00030791511704390644
2018-04-04 00:00:00+00:00,232.30715942382807,0.010642405971300025,-8.398980045828994,1.246029137394471,0.017531844240888102,0.010963847416548995,0.00026485057002032783
2018-04-05 00:00:00+00:00,234.1405334472656,0.007861046341190187,-8.505558804692502,1.2228543929509839,0.016573958122989663,0.008103930056287631,0.00023167180988950997
2018-04-06 00:00:00+00:00,228.92239379882807,-0.022538450965705784,-8.226496849554128,1.2006846662792148,0.019002915931878448,-0.02235420018490694,0.00020848234538175758
2018-04-09 00:00:00+00:00,230.05067443847656,0.004916553891762201,-8.294424941796585,1.1794726953368453,0.018319698377513977,0.00525017006610272,0.0002746026472545452
2018-04-10 00:00:00+00:00,233.7085876464844,0.01577537902341205,-8.486147503758987,1.1591737557603947,0.01660291440589549,0.0160672600910543,0.0002567373874149213
2018-04-11 00:00:00+00:00,232.48341369628903,-0.005256103782492392,-8.429825110170318,1.1397454974819947,0.01703569606379746,-0.005069529383898888,0.00021240787595190822
2018-04-12 00:00:00+00:00,234.39610290527344,0.008193548191926848,-8.538279075612792,1.1211477941845187,0.016099033118714117,0.008406894805603181,0.00022452456695507363
2018-04-13 00:00:00+00:00,233.7085876464844,-0.0029374444094344165,-8.509231012266659,1.10334260438716,0.01629824769072368,-0.0027815524574411887,0.00020168476928641933
2018-04-16 00:00:00+00:00,235.63009643554688,0.008188200078576366,-8.619066770201014,1.086293843085307,0.015394474160284957,0.00835649079219628,0.00020752580676650583
2018-04-17 00:00:00+00:00,238.15090942382807,0.010641358538310577,-8.763983483943468,1.0699672629840218,0.014289277700791093,0.010754149788009173,0.00018616343714896014
2018-04-18 00:00:00+00:00,238.32720947265625,0.0007400132341100113,-8.778190950284174,1.0543303444659733,0.014160424928615094,0.0007848287200331276,0.00016131324521903584
2018-04-19 00:00:00+00:00,237.0050506591797,-0.005563107469178774,-8.704271600201528,1.039352193524055,0.014666096992449112,-0.005526130083470219,0.00015904535304323125
2018-04-20 00:00:00+00:00,234.99542236328125,-0.008515417057037206,-8.595236971202974,1.025003446967805,0.015460095559983067,-0.0084471647626511,0.0001710723248514696
2018-04-23 00:00:00+00:00,234.960205078125,-0.00014987493782729568,-8.600181306918763,1.011256184282472,0.015395444416675242,-3.2595032966689215e-05,0.00019050434584199396
2018-04-24 00:00:00+00:00,231.79592895507807,-0.0135587917077188,-8.435903362373846,0.998083845581353,0.01668590045183788,-0.01344539720496826,0.00018955556793683121
2018-04-25 00:00:00+00:00,232.36880493164065,0.00246841789399827,-8.474039133441082,0.9854611551468434,0.01634493979295651,0.0026613833005819957,0.0002229280425958732
2018-04-26 00:00:00+00:00,234.7310028076172,0.010114403708881461,-8.60187494573583,0.9733640501043668,0.015309725994906494,0.010286470373819807,0.0002146652220440803
2018-04-27 00:00:00+00:00,234.9513702392578,0.0009383679714491236,-8.62021953341062,0.9617696138167385,0.015147972793676735,0.0010467433487054802,0.00018918220468089282
2018-04-30 00:00:00+00:00,233.1444854736328,-0.007720186871777116,-8.5295601061143,0.9506560136252439,0.015828422678216977,-0.0076217037419852645,0.0001857681053666107
2018-05-01 00:00:00+00:00,233.55870056152344,0.0017750690762197761,-8.558646365609528,0.9400024425982666,0.015579133169422839,0.0019155670015445789,0.00020315391965453278
2018-05-02 00:00:00+00:00,231.9898376464844,-0.006739872323466714,-8.484379051353164,0.9297890649792815,0.016147889926520213,-0.006614664535676819,0.00019738373993627144
2018-05-03 00:00:00+00:00,231.4785919189453,-0.002206173720957919,-8.467287138743494,0.9199969650537307,0.016266557778795918,-0.0020458458583752356,0.00021239123721288186
2018-05-04 00:00:00+00:00,234.47532653808597,0.012862971290958545,-8.624109763688747,0.9106080991792322,0.015022159478474724,0.013030679005905228,0.0002159910289680005
2018-05-07 00:00:00+00:00,235.2686462402344,0.003377671677968665,-8.672112691889742,0.9016052507459177,0.014649403082051454,0.0034687322411732697,0.00018498176306989042
2018-05-08 00:00:00+00:00,235.2686462402344,0.0,-8.677391965694865,0.8929719878538696,0.0145950261296031,6.812276191203677e-05,0.0001764029596338563
2018-05-09 00:00:00+00:00,237.5427398681641,0.009619527916977415,-8.804362852322773,0.8846926235127897,0.01368308544187442,0.009684348775995855,0.000175473714104756
2018-05-10 00:00:00+00:00,239.7639617919922,0.009307382238558391,-8.932447736968797,0.8767521781853989,0.012821525430736003,0.009315956767750199,0.0001547801278128922
2018-05-11 00:00:00+00:00,240.4955596923828,0.0030466796953280695,-8.976593093489997,0.8691363445109334,0.012529686834018235,0.0030020677662031445,0.00013637715267451094
2018-05-14 00:00:00+00:00,240.6100311279297,0.000475868249678269,-8.983313367700903,0.8618314540584822,0.012476258606997755,0.0004132548063922214,0.0001305504141435264
2018-05-15 00:00:00+00:00,238.9530334472656,-0.006910474960120748,-8.882124234985477,0.8548244459720785,0.013112240945629681,-0.0069763543896214026,0.00012967937044561402
2018-05-16 00:00:00+00:00,239.95785522460935,0.004196284843745841,-8.941737704693002,0.8481028373805014,0.012716486247006172,0.004169758200666406,0.0001433033867798778
2018-05-17 00:00:00+00:00,239.7551727294922,-0.0008450156463002072,-8.930103202850878,0.8416546954547466,0.012780371462988735,-0.0008959704735191357,0.0001351016117338298
2018-05-18 00:00:00+00:00,239.1557464599609,-0.00250329052246009,-8.895333140839101,0.8354686110052518,0.012994449242569543,-0.0025502621391089646,0.00013665644045702066
2018-05-21 00:00:00+00:00,240.9538116455078,0.007490263677298473,-9.000399858792253,0.8295336735192713,0.012320284603548377,0.0074565589010523745,0.00014142476468793623
2018-05-22 00:00:00+00:00,240.28399658203125,-0.002783719336108748,-8.95912984366485,0.8238394475463411,0.012568205955259057,-0.00285908282724073,0.000127477434002418
2018-05-23 00:00:00+00:00,240.94500732421875,0.002747179212151389,-8.998355180660228,0.8183759503467062,0.01231569767526104,0.002687178712748124,0.00013277574807642886
2018-05-24 00:00:00+00:00,240.4514312744141,-0.0020506018872820772,-8.967926788727878,0.8131336307238816,0.012496312345939054,-0.0021261942897573666,0.00012772426308530922
2018-05-25 00:00:00+00:00,239.8785400390625,-0.002385408120334938,-8.933758194847986,0.8081033489682927,0.012703646778758154,-0.0024498020113425567,0.00013161623215742984
2018-05-29 00:00:00+00:00,237.11964416503903,-0.011567870615024971,-8.772128779313766,0.8032763578442345,0.013764604887694376,-0.011619415905153863,0.00013612902196797578
2018-05-30 00:00:00+00:00,240.28399658203125,0.013256701410490563,-8.946800628662965,0.7986442845572206,0.012606158951687194,0.01327076414479992,0.000159687862941148
2018-05-31 00:00:00+00:00,238.81202697753903,-0.006144798385811501,-8.860618277498562,0.7941991136432639,0.013153936000146164,-0.006202326293734887,0.00013437682551116107
2018-06-01 00:00:00+00:00,241.15652465820312,0.009769458101650403,-8.993932164385392,0.7899331707256825,0.012299158472035575,0.009745826353337619,0.00014631233031631
2018-06-04 00:00:00+00:00,242.30235290527344,0.004740135906910958,-9.061387803296594,0.7858391070888103,0.011885168351121356,0.004663657625645351,0.0001282557130055572
2018-06-05 00:00:00+00:00,242.47872924804688,0.0007276536030337068,-9.07032492503491,0.7819098850214313,0.01182636725851049,0.0006255727634214807,0.0001199846033031416
2018-06-06 00:00:00+00:00,244.5059356689453,0.008325593295495745,-9.192160320810535,0.7781387638859294,0.011122192804847044,0.008219890288364288,0.00011892650186230537
2018-06-07 00:00:00+00:00,244.47950744628903,-0.00010809410813397592,-9.18616145379056,0.7745192868721129,0.011150557124111393,-0.0002573917199949953,0.00010543874744889385
2018-06-08 00:00:00+00:00,245.2022399902344,0.002951848103456502,-9.228375351422674,0.7710452683973449,0.010912929313339611,0.002804323311197721,0.00010606247751285517
2018-06-11 00:00:00+00:00,245.5284423828125,0.0013294560635429152,-9.244709079394553,0.7677107821171344,0.010819657158920947,0.0011672213595056657,0.00010172813012949041
2018-06-12 00:00:00+00:00,245.84573364257807,0.0012914447659054167,-9.260269138566573,0.7645101495126512,0.01073151219687555,0.0011234431053299737,0.0001000974737475935
2018-06-13 00:00:00+00:00,245.0612945556641,-0.0031958790953066658,-9.202732388253061,0.7614379290237645,0.011040483398469046,-0.003369331311262374,9.856835607335923e-05
2018-06-14 00:00:00+00:00,245.6782684326172,0.002514466933403448,-9.237921327793732,0.7584889056981908,0.0108439327312019,0.0023601770237076337,0.00010433019717796842
2018-06-15 00:00:00+00:00,245.36480712890625,-0.0012767162877965286,-9.212266267902844,0.7556580813291691,0.010980043580974416,-0.0014431753817471533,0.00010076383738772439
2018-06-18 00:00:00+00:00,244.8601837158203,-0.002058742825208947,-9.174988531718503,0.7529406650557952,0.011182819152321428,-0.0022167542414928743,0.00010334777650357062
2018-06-19 00:00:00+00:00,243.92166137695312,-0.0038402551228073965,-9.111362507163895,0.7503320644017097,0.011540533995509517,-0.0039856895255604916,0.0001072220107392378
2018-06-20 00:00:00+00:00,244.3377685546875,0.0017044515803028729,-9.134190796286312,0.7478278767293339,0.011405986685736072,0.001581188918910506,0.00011417479246497131
2018-06-21 00:00:00+00:00,242.80601501464844,-0.0062887329772834425,-9.035391899954394,0.7454238810881866,0.011979984683024638,-0.0064203192778387475,0.00011162692317545281
2018-06-22 00:00:00+00:00,243.2486724853516,0.0018214312276687284,-9.060324653514552,0.7431160304371025,0.011828152038553611,0.0017254034980182286,0.00012306786684615622
2018-06-25 00:00:00+00:00,239.9374542236328,-0.013705981666144628,-8.857911456126718,0.7409004442213546,0.013084287808908152,-0.013811400313127099,0.00012007186466213936
2018-06-26 00:00:00+00:00,240.4686737060547,0.002211544224983875,-8.888953182595834,0.7387734012867879,0.012879351407465918,0.0021838715122655572,0.00014664489205668265
2018-06-27 00:00:00+00:00,238.4766082763672,-0.008318599188848518,-8.778486574258688,0.7367313331140983,0.013607259110816354,-0.008358937796614101,0.00014221435652509806
2018-06-28 00:00:00+00:00,239.8401336669922,0.005701364658891262,-8.854105363548594,0.7347708173573555,0.01309917104736097,0.005706049721943223,0.0001586082120347381
2018-06-29 00:00:00+00:00,240.1853790283203,0.001438446131412065,-8.874907747043768,0.7328885716717711,0.01296058043949413,0.001411723633403469,0.0001471904631748727
2018-07-02 00:00:00+00:00,240.69891357421875,0.002135793366555478,-8.90480544471242,0.7310814478165455,0.012765391724410756,0.002100507615360686,0.00014419478039639347
2018-07-03 00:00:00+00:00,239.8489227294922,-0.0035375946657213602,-8.857978957669626,0.729346426019407,0.013064963475892076,-0.003584946974646679,0.00013999672307374436
2018-07-05 00:00:00+00:00,241.8055877685547,0.008124810461052887,-8.966874182405087,0.7276806095902182,0.012370050439692892,0.008095998326337984,0.0001466223684265716
2018-07-06 00:00:00+00:00,243.85089111328125,0.008422889534745997,-9.08382824507022,0.7260812197716768,0.011665098026598894,0.008351088289925925,0.00013166792612413943
2018-07-09 00:00:00+00:00,246.04656982421875,0.008963889744829867,-9.213524453388203,0.724545590815811,0.010930545955675441,0.008848446883280622,0.00011730130110368511
2018-07-10 00:00:00+00:00,246.9319305419922,0.0035918875529075247,-9.265170784946962,0.7230711652755692,0.01064993492883371,0.003430934889070686,0.00010319523373537817
2018-07-11 00:00:00+00:00,245.12579345703125,-0.0073411923373656734,-9.141337346322583,0.7216554895013584,0.01132818130673832,-0.007519536987578835,9.806163930936601e-05
2018-07-12 00:00:00+00:00,247.34814453125,0.009025314795956394,-9.274519736614492,0.720296209332938,0.010596591966649216,0.008889017992521701,0.00011081987476863696
2018-07-13 00:00:00+00:00,247.5428771972656,0.0007869719494433453,-9.28135450435771,0.7189910659775689,0.010558718429288709,0.0006053301613892954,9.71582114624603e-05
2018-07-16 00:00:00+00:00,247.32151794433597,-0.0008946259616440737,-9.260853173123193,0.7177378920657801,0.010665838056688673,-0.0010786114863505392,9.650353501363103e-05
2018-07-17 00:00:00+00:00,248.3220367431641,0.004037256808272792,-9.319958675592186,0.7165346078765782,0.010353687818052014,0.0038599190827010655,9.847681078206145e-05
2018-07-18 00:00:00+00:00,248.8443756103516,0.0021012644716105248,-9.347887239318968,0.7153792177243277,0.010208636334856974,0.0019045711313796,9.289117914120154e-05
2018-07-19 00:00:00+00:00,247.90582275390625,-0.0037787764407428703,-9.27741140517881,0.714269806499924,0.010573314239038584,-0.003984464334328612,9.036280031568942e-05
2018-07-20 00:00:00+00:00,247.62266540527344,-0.0011428500528966904,-9.25302412826375,0.7132045363592647,0.010701605553018132,-0.0013259122072266816,9.687671230357772e-05
2018-07-23 00:00:00+00:00,248.0829620361328,0.0018571375335421217,-9.277168850073764,0.712181643552352,0.010571836797566509,0.001682035373865191,9.923795036151163e-05
2018-07-24 00:00:00+00:00,249.33123779296875,0.005019070133958164,-9.35221796220261,0.7111994353867139,0.0101812340555229,0.0048359243636928555,9.689840966311187e-05
2018-07-25 00:00:00+00:00,251.45620727539065,0.0084865635390951,-9.486907975616736,0.7102562873191252,0.009517034775166815,0.008279190904213932,8.997425259944635e-05
2018-07-26 00:00:00+00:00,250.8629608154297,-0.002362031049045238,-9.434679232373286,0.7093506401699059,0.009767733884314402,-0.0026106296634151047,7.876526039851523e-05
2018-07-27 00:00:00+00:00,249.16311645507807,-0.006799049033044793,-9.307247899670317,0.7084809974543641,0.010409214815824866,-0.007032078562000277,8.293489472193656e-05
2018-07-30 00:00:00+00:00,247.8615875244141,-0.00523729261437853,-9.215075528689626,0.7076459228261921,0.010899024120422927,-0.005430511110260535,9.405914912777621e-05
2018-07-31 00:00:00+00:00,249.08335876464844,0.0049171390555371505,-9.287147301804076,0.7068440376278985,0.010512206784020296,0.004754299337026625,0.00010302419210938239
2018-08-01 00:00:00+00:00,248.66732788085935,-0.0016716440251337502,-9.25396535447268,0.70607401854357,0.010687040658993095,-0.0018584678435693415,9.594418299704725e-05
2018-08-02 00:00:00+00:00,250.0218963623047,0.005432528905659336,-9.334962893568237,0.7053345953494954,0.010261927182101078,0.00525655113714737,9.914043493806513e-05
2018-08-03 00:00:00+00:00,251.09329223632807,0.004276052815422638,-9.398770820927611,0.7046245487583852,0.009938816379936028,0.0040737085634605565,9.151692180523873e-05
2018-08-06 00:00:00+00:00,252.01400756835935,0.0036601192638229638,-9.453073546288657,0.7039427083531283,0.00967177010963593,0.0034377264391879025,8.592632342819237e-05
2018-08-07 00:00:00+00:00,252.8462371826172,0.0032968742408565396,-9.501629994704498,0.7032879506062069,0.009439011639359434,0.0030579057738393633,8.143831321918642e-05
2018-08-08 00:00:00+00:00,252.74005126953125,-0.00042005061083576147,-9.4838049801551,0.7026591969810834,0.009522764435465285,-0.0006734709247971521,7.76240833646481e-05
2018-08-09 00:00:00+00:00,252.3946533203125,-0.001367548101170861,-9.449517906288422,0.7020554121120257,0.009686694592184195,-0.0016157647773967449,7.900256075910208e-05
2018-08-10 00:00:00+00:00,250.70362854003903,-0.006722468390692594,-9.322530630151576,0.7014756020590107,0.010320935592825417,-0.006960503627913987,8.172369001245518e-05
2018-08-13 00:00:00+00:00,249.76513671875,-0.003750455518900507,-9.254052156500373,0.700918812634507,0.010679692620985407,-0.003949124427457962,9.264503839599586e-05
2018-08-14 00:00:00+00:00,251.35888671875,0.00636072229184568,-9.349669618456812,0.7003841277990646,0.010180442581111946,0.0061843086465502625,9.912811210777572e-05
2018-08-15 00:00:00+00:00,249.4818572998047,-0.007495549152059663,-9.217456125214452,0.6998706681227806,0.010875483653710839,-0.007702931187584249,9.01937216671702e-05
2018-08-16 00:00:00+00:00,251.50050354003903,0.008058795370689863,-9.338420449377358,0.6993775893098652,0.01023657665781893,0.007894526586342963,0.00010277623602252324
2018-08-17 00:00:00+00:00,252.3858337402344,0.003514011179579909,-9.389530030861701,0.6989040807836264,0.009977706693122328,0.003310115965819018,9.120083277372648e-05
2018-08-20 00:00:00+00:00,252.9259796142578,0.002137872361089862,-9.417760305874484,0.6984493643293285,0.009837300131993862,0.001917913871147407,8.671053070913949e-05
2018-08-21 00:00:00+00:00,253.5191192626953,0.0023423661160903515,-9.449470350326598,0.698012692792491,0.009682030971803177,0.0021136937238912987,8.432569030812687e-05
2018-08-22 00:00:00+00:00,253.36865234375,-0.0005936893008407193,-9.429836407855278,0.6975933488302938,0.009777034758614243,-0.0008320000506078474,8.17250591365044e-05
2018-08-23 00:00:00+00:00,253.0322723388672,-0.0013285127967253502,-9.397958898773307,0.6971906437138712,0.009933616985866782,-0.0015609235391095381,8.332524860971843e-05
2018-08-24 00:00:00+00:00,254.55519104003903,0.006000633903575264,-9.492012412815011,0.6968039161793659,0.009476827061576364,0.0057779448762429585,8.599048452274873e-05
2018-08-27 00:00:00+00:00,256.5648803710937,0.007863904394365467,-9.622354231492952,0.6964325313256995,0.00887849650040337,0.007612854745298766,7.836123381381178e-05
2018-08-28 00:00:00+00:00,256.6888427734375,0.00048304532111217177,-9.618871289986611,0.6960758795571231,0.008893575115708248,0.00019482121067974575,6.889455818559519e-05
2018-08-29 00:00:00+00:00,258.0700378417969,0.005366389721575623,-9.70826123382983,0.6957333755686887,0.008504465121767342,0.005079103985171441,6.913180625034847e-05
2018-08-30 00:00:00+00:00,257.0251770019531,-0.0040569674997766965,-9.613247638699155,0.6954044573728501,0.008917869000882973,-0.004368444382581292,6.328918967521653e-05
2018-08-31 00:00:00+00:00,257.0340270996094,3.44322116460834e-05,-9.60140304848538,0.6950885853655022,0.008970485755151835,-0.0002513413898364332,6.951654953148343e-05
2018-09-04 00:00:00+00:00,256.5914306640625,-0.0017234213702071407,-9.55667791981312,0.6947852414298121,0.009173000804717833,-0.002005923710942619,7.033449539448483e-05
2018-09-05 00:00:00+00:00,255.90081787109372,-0.002695116708491624,-9.495656493651438,0.6944939280763013,0.009456844576735993,-0.0029650334496121333,7.351127542711577e-05
2018-09-06 00:00:00+00:00,255.1305084228516,-0.003014727246749061,-9.431608907291261,0.6942141676176709,0.00976424843601369,-0.0032670101689477554,7.807832770536837e-05
2018-09-07 00:00:00+00:00,254.634765625,-0.0019449851897389914,-9.389023998854482,0.6939455013769451,0.009974047477381153,-0.0021781779666760815,8.317738710225304e-05
2018-09-10 00:00:00+00:00,255.0775146484375,0.0017372511980794667,-9.41040650962014,0.6936874889275639,0.009867662141458964,0.0015170832728909583,8.675067009005555e-05
2018-09-11 00:00:00+00:00,255.9185943603516,0.003291925150250199,-9.458325447398579,0.693439707364112,0.00963374962036567,0.003065154361871391,8.493743665808047e-05
2018-09-12 00:00:00+00:00,255.9806060791016,0.00024228097641138018,-9.453154052312572,0.6932017506024286,0.009658404526073278,9.880420296048107e-07,8.101056731650814e-05
2018-09-13 00:00:00+00:00,257.4945373535156,0.005896821611354457,-9.547017388782386,0.6929732287079011,0.009215328493491074,0.0056570604568325815,8.1425300675847e-05
2018-09-14 00:00:00+00:00,257.5386962890625,0.0001714799464211364,-9.53898929425501,0.6927537672507826,0.009252139783896768,-9.580094949669706e-05,7.42151104650977e-05
2018-09-17 00:00:00+00:00,256.1752624511719,-0.005308156479278767,-9.43108523998159,0.6925430066874328,0.009764765354738325,-0.0055731496068594415,7.480585426534978e-05
2018-09-18 00:00:00+00:00,257.5653076171875,0.0054114805767303846,-9.515840922594721,0.6923406017664322,0.009359364500189201,0.00517832571336133,8.32193849425349e-05
2018-09-19 00:00:00+00:00,257.8397521972656,0.00106496667345675,-9.5245042696641,0.6921462209585418,0.009318684044348031,0.0008066360519652161,7.653580112633755e-05
2018-09-20 00:00:00+00:00,259.9293518066406,0.008071593836316063,-9.66003823215929,0.691959545909553,0.008707903888321862,0.00781073677065057,7.588353009585934e-05
2018-09-21 00:00:00+00:00,259.6918029785156,-0.0009143155257868716,-9.628882562500237,0.6917802709150906,0.008844418053389376,-0.0012131305664482856,6.637498100885947e-05
2018-09-24 00:00:00+00:00,258.8290710449219,-0.0033276682692143637,-9.552591078318637,0.6916081024164723,0.009188114554842386,-0.0036179959551953366,6.844933805193499e-05
2018-09-25 00:00:00+00:00,258.5889587402344,-0.000928117336859281,-9.524259991752826,0.6914427585167837,0.009319002806107916,-0.001197084603591417,7.380688283485301e-05
2018-09-26 00:00:00+00:00,257.815185546875,-0.0029967759980343276,-9.459257275153442,0.6912839685163342,0.009626667745945465,-0.00325761092557667,7.5901443948222e-05
2018-09-27 00:00:00+00:00,258.5356140136719,0.0027904631304495244,-9.498764243309374,0.6911314724667232,0.009438193462876892,0.0025487378300717914,8.093473350311012e-05
2018-09-28 00:00:00+00:00,258.56231689453125,0.00010327978236628928,-9.490395916773492,0.6909850207427499,0.009477593636076384,-0.00015015026111753584,7.78370578595271e-05
2018-10-01 00:00:00+00:00,259.4605712890625,0.0034680139248875028,-9.542114230934528,0.6908443736314629,0.009235490359819907,0.003217031572234283,7.848304651713715e-05
2018-10-02 00:00:00+00:00,259.30938720703125,-0.0005828559801325747,-9.520391868916018,0.690709300937632,0.009336187768986686,-0.0008488772208779291,7.457423983915238e-05
2018-10-03 00:00:00+00:00,259.4517517089844,0.0005488634165025775,-9.519670418117078,0.6905795816050094,0.009339404737651243,0.00028909848701062026,7.619159071782848e-05
2018-10-04 00:00:00+00:00,257.4239196777344,-0.007846538530077295,-9.367269044533058,0.6904550033527195,0.01007873372401718,-0.008106103186517695,7.624583316511004e-05
2018-10-05 00:00:00+00:00,255.983154296875,-0.00561258009882618,-9.265559305372586,0.690335362326173,0.010604384488497291,-0.005826238033588031,8.86327342353958e-05
2018-10-08 00:00:00+00:00,255.983154296875,0.0,-9.259840578621631,0.6902204627619364,0.01063459692906097,-0.00018104406368427877,9.799999816969083e-05
2018-10-09 00:00:00+00:00,255.60960388183597,-0.001460343116486189,-9.23102420181379,0.6901101166659692,0.01078878256164842,-0.0016395128571148,9.855506829057545e-05
2018-10-10 00:00:00+00:00,247.51612854003903,-0.03217554996621238,-8.72191299210148,0.690004143504711,0.01391613976715824,-0.03234515711507566,0.0001014005941691541
2018-10-11 00:00:00+00:00,242.06417846679688,-0.022272854430555405,-8.45468148388169,0.6899023699084923,0.015905299145305633,-0.022248841854670073,0.00016766523022565476
2018-10-12 00:00:00+00:00,245.4260711669922,0.013792874834764123,-8.610570132855635,0.6898046293867787,0.014712475263030506,0.013939753958767181,0.00021831416900641446
2018-10-15 00:00:00+00:00,244.04754638671875,-0.005632697557421535,-8.55163994201796,0.6897107620547697,0.01515225177963761,-0.005559471896591529,0.0001871574714096323
2018-10-16 00:00:00+00:00,249.38385009765625,0.021630207577140688,-8.800881258606788,0.6896206143708978,0.013376737976052717,0.02173059707570796,0.00019837513664096749
2018-10-17 00:00:00+00:00,249.42832946777344,0.0001783411554778172,-8.805865291016623,0.6895340388847935,0.013343300028388908,0.00016900208601715452,0.0001550833910471272
2018-10-18 00:00:00+00:00,245.82627868652344,-0.0145465150175677,-8.623818911336798,0.6894508939952884,0.01461468996798506,-0.01455792182452423,0.00015432167041964494
2018-10-19 00:00:00+00:00,245.6928558349609,-0.0005428999421131403,-8.623305512790726,0.6893710437180652,0.014618296119727777,-0.0004757136193844855,0.00018472362781606135
2018-10-22 00:00:00+00:00,244.590087890625,-0.004498503642158196,-8.576913986683008,0.689294357462558,0.014961198460348091,-0.004431094109795929,0.00018481721963812284
2018-10-23 00:00:00+00:00,243.3448638916016,-0.0051040684739017145,-8.525629200226128,0.6892207098177389,0.01534965913497806,-0.00501547622143431,0.0001934833575291947
2018-10-24 00:00:00+00:00,235.97189331054688,-0.03076692841619895,-8.192981781213778,0.6891499803464352,0.018127101446911337,-0.030654346294914814,0.00020353727697283917
2018-10-25 00:00:00+00:00,240.2053680419922,0.017781555822933604,-8.372689646504945,0.6890820533878291,0.016569202686767735,0.018065454312097197,0.0002827129143265884
2018-10-26 00:00:00+00:00,235.9807891845703,-0.017743857662272836,-8.200826518599035,0.6890168178678242,0.018055838984547917,-0.01755600888101379,0.00023672973949231518
2018-10-29 00:00:00+00:00,234.67344665527344,-0.005555440882540803,-8.16132779829403,0.68895416711695,0.018415830550471437,-0.0052759328650913515,0.0002805303890023986
2018-10-30 00:00:00+00:00,238.15093994140625,0.014709715015741509,-8.31058597026685,0.6888939986955177,0.017091376596118125,0.015011404625877144,0.00029169179138919903
2018-10-31 00:00:00+00:00,240.6945343017578,0.010623962933563266,-8.427200648507208,0.6888362142257274,0.016123204078569504,0.01084401857951259,0.00025170623505960495
2018-11-01 00:00:00+00:00,243.2559814453125,0.010585673448254524,-8.547746564943827,0.688780719230454,0.015180012363303604,0.010746006298303069,0.0002243197078990377
2018-11-02 00:00:00+00:00,241.81517028808597,-0.0059406352630888785,-8.48844348271533,0.6887274229784407,0.015636758639066564,-0.005838526434597403,0.00019913813675359303
2018-11-05 00:00:00+00:00,243.1492462158203,0.005501761562168244,-8.556219177520841,0.6886762383356498,0.015115643788498686,0.0056320715270133746,0.000211151711910814
2018-11-06 00:00:00+00:00,244.6878662109375,0.006307946065402401,-8.633930929857248,0.6886270816225244,0.014539487141819931,0.006406080322447246,0.00019747833070785944
2018-11-07 00:00:00+00:00,249.9263610839844,0.021182935976631827,-8.886521361892386,0.68857987247692,0.012814368521571145,0.021245480164581096,0.00018288658068927154
2018-11-08 00:00:00+00:00,249.4727783203125,-0.0018165144975532562,-8.863742857719538,0.6885345337224845,0.01296107541245565,-0.0018606400848218683,0.00014250276701318547
2018-11-09 00:00:00+00:00,247.035888671875,-0.009816179970683653,-8.737158469122813,0.6884909912422693,0.013807852034056886,-0.009851227442717388,0.00014574540340478602
2018-11-12 00:00:00+00:00,242.4199981689453,-0.018861872850773696,-8.50958400902949,0.6884491738573606,0.01547180633027611,-0.018844547478398248,0.00016515737527003714
2018-11-13 00:00:00+00:00,241.9663848876953,-0.001872940403445098,-8.496768332193042,0.6884090132103344,0.015571187315236887,-0.00175281237995652,0.00020678768090572216
2018-11-14 00:00:00+00:00,240.31211853027344,-0.006860238777264452,-8.429961543600221,0.6883704436533383,0.01610002480445636,-0.006733975001736605,0.00020942200371750118
2018-11-15 00:00:00+00:00,242.8201446533203,0.01038245152965761,-8.548454789253,0.6883334021406191,0.01517378942742214,0.01054135665148008,0.00022370800739122954
2018-11-16 00:00:00+00:00,243.45166015625,0.0025973780577861244,-8.584548456628854,0.6882978281253204,0.014902340470655875,0.002699104990108357,0.00019899821002998598
2018-11-19 00:00:00+00:00,239.3337860107422,-0.017059230107755265,-8.396915099549027,0.6882636634603778,0.01636804055882322,-0.016974268055198118,0.0001920283218414609
2018-11-20 00:00:00+00:00,234.9046630859375,-0.01867942895400789,-8.212804882307942,0.6882308523033474,0.017946259240639886,-0.018503985660958525,0.00023113074968330623
2018-11-21 00:00:00+00:00,235.7051544189453,0.00340193542612411,-8.257627869305944,0.6881993410250121,0.017548461143867624,0.0036746954978266752,0.00027722908223688515
2018-11-23 00:00:00+00:00,234.130859375,-0.006701491113996735,-8.20463755834791,0.6881690781216199,0.01801955639618558,-0.006453249757467964,0.000265222362507343
2018-11-26 00:00:00+00:00,237.91075134277344,0.016015421839181712,-8.368412511650392,0.6881400141306027,0.016602719793493963,0.016292699359403202,0.00027947455618669006
2018-11-27 00:00:00+00:00,238.7111968994141,0.003358831090879999,-8.412825104182282,0.6881121015496436,0.016238041652868945,0.0035487529673868374,0.00023773033904799572
2018-11-28 00:00:00+00:00,244.2076873779297,0.02276460094893308,-8.660083405204078,0.6880852947589503,0.01434963115261792,0.022932024112608144,0.00022752652187729204
2018-11-29 00:00:00+00:00,243.67404174804688,-0.002187603309749025,-8.639414043543715,0.688059549946621,0.014498652309776486,-0.0021367878959550205,0.00017822186084728712
2018-11-30 00:00:00+00:00,245.1593017578125,0.006076772789874557,-8.715962640436258,0.6880348250369643,0.013954168933401435,0.00613679679042558,0.00018189795182207259
2018-12-03 00:00:00+00:00,248.4054718017578,0.013154167498785735,-8.879844516042269,0.6880110796216696,0.012856305686897808,0.013180540691568193,0.00016865113225279234
2018-12-04 00:00:00+00:00,240.3565368652344,-0.0329389867582242,-8.447618210857591,0.687988274893704,0.01595775164804078,-0.03298051464792092,0.0001434451089184248
2018-12-06 00:00:00+00:00,239.9919586181641,-0.0015179742229021209,-8.440234508401987,0.6879663735838347,0.016016730328733592,-0.001367847088212244,0.00021983952865405816
2018-12-07 00:00:00+00:00,234.4154510498047,-0.02351044404464104,-8.200056290378056,0.6879453398996692,0.01806037480833786,-0.0233566768968418,0.00022144875179605378
2018-12-10 00:00:00+00:00,234.86019897460935,0.0018954661633892365,-8.23070627093028,0.6879251394671105,0.01778566482550686,0.0021752605113524157,0.00028074165875908226
2018-12-11 00:00:00+00:00,234.91357421875,0.0002272380767768966,-8.245197361447458,0.6879057392741417,0.017657220896578986,0.0004901023827390406,0.000272369395564741
2018-12-12 00:00:00+00:00,236.09637451171875,0.005022411023216496,-8.305600564733203,0.6878871076168316,0.017131877083729215,0.005277358453511373,0.0002684984191572956
2018-12-13 00:00:00+00:00,236.01641845703125,-0.0003387159028212186,-8.313343913870101,0.6878692140474879,0.017065638096927477,-0.00011615676148199635,0.0002529469186134582
2018-12-14 00:00:00+00:00,231.65838623046875,-0.01863755897110451,-8.138880607394936,0.6878520293248659,0.018621121089975698,-0.018419084330504917,0.0002510195389344372
2018-12-17 00:00:00+00:00,227.11363220214844,-0.01981333874767242,-7.971821922562494,0.6878355253663495,0.020243297647006015,-0.019498995132403194,0.00029822924132119063
2018-12-18 00:00:00+00:00,226.8645782470703,-0.0010972067572020128,-7.979053861589172,0.6878196752020318,0.02017019072079107,-0.0006829878089054679,0.00035173567938460824
2018-12-19 00:00:00+00:00,223.46713256835935,-0.015088922483086197,-7.868115413598073,0.6878044529306138,0.02132058693705703,-0.014679202352350705,0.0003492319384296755
2018-12-20 00:00:00+00:00,219.8295440673828,-0.016411899033633562,-7.7551353809124555,0.6877898336770528,0.022559614026645997,-0.015931407143648595,0.0003896774040663964
2018-12-21 00:00:00+00:00,215.3253631591797,-0.020702245109410003,-7.618614996471906,0.6877757935518917,0.02415326952372501,-0.02014558105800963,0.0004356847015765153
2018-12-24 00:00:00+00:00,209.63580322265625,-0.02677844647549588,-7.4514788059512265,0.6877623096121971,0.026258405956968055,-0.026123883430151013,0.0004985835434295943
2018-12-26 00:00:00+00:00,220.2276153564453,0.04928987200211379,-7.79629855392873,0.6877493598240513,0.022099935102828063,0.05007363434242947,0.0005880813402054809
2018-12-27 00:00:00+00:00,221.9184112548828,0.007648170688065139,-7.874432971901777,0.6877369230265276,0.021253166763020324,0.008176581348134699,0.0004183248381656936
2018-12-28 00:00:00+00:00,221.6321258544922,-0.0012908808182770213,-7.882070785949417,0.6877249788970943,0.021172126066377927,-0.0008145347585654516,0.00038725304809678274
2018-12-31 00:00:00+00:00,223.57334899902344,0.00872062702080917,-7.970048080063929,0.6877135079183918,0.02026095079613934,0.009191988959213998,0.00038434237699344853
2019-01-02 00:00:00+00:00,223.8059539794922,0.0010398558890847233,-7.99526212816788,0.6877024913463259,0.02000709631389399,0.0014551620347129932,0.00035235219986969035
2019-01-03 00:00:00+00:00,218.46533203125,-0.02415206106839839,-7.80598807975153,0.6876919111794253,0.02199296716654815,-0.02375237750622111,0.0003436848710545206
2019-01-04 00:00:00+00:00,225.7829742431641,0.032946908463354185,-8.080165062034272,0.6876817501294145,0.019175491259780807,0.03346874386401721,0.00041433991296945476
2019-01-07 00:00:00+00:00,227.56321716308597,0.007853830492024108,-8.164542359796185,0.6876719915929522,0.0183833083504327,0.008202318589437815,0.0003160370255726394
2019-01-08 00:00:00+00:00,229.7012176513672,0.009351333301692443,-8.264375422502438,0.687662619624494,0.017488182991013845,0.00965102754943761,0.0002907642739025356
2019-01-09 00:00:00+00:00,230.77471923828125,0.004662582539980557,-8.321428121845067,0.6876536189102247,0.0169963381926759,0.004907111275426219,0.00026345944819139113
2019-01-10 00:00:00+00:00,231.58876037597656,0.003521220921176928,-8.367441789513984,0.6876449747430269,0.016609752221223375,0.0037354232862547637,0.0002490226193289078
2019-01-11 00:00:00+00:00,231.67823791503903,0.0003862892910792647,-8.381473309623042,0.6876366729984424,0.016493612888453746,0.0005766478730698898,0.0002379575203692618
2019-01-14 00:00:00+00:00,230.26483154296875,-0.0061194154699936,-8.328360819615044,0.6876287001115864,0.016937472189471735,-0.005936221394526769,0.00023468214395567738
2019-01-15 00:00:00+00:00,232.9038543701172,0.011395638203108481,-8.453306215600161,0.6876210430549717,0.015911701812109064,0.011606210413389504,0.00024732309270235586
2019-01-16 00:00:00+00:00,233.4674224853516,0.002416822894208224,-8.487732134731791,0.6876136893172221,0.01564014369572084,0.002564109994104615,0.0002186072223138251
2019-01-17 00:00:00+00:00,235.23870849609372,0.007558230310992264,-8.577776469192807,0.6876066268826183,0.014951593349897471,0.00768875538781018,0.00021129837584641482
2019-01-18 00:00:00+00:00,238.3697204589844,0.013222136204655682,-8.734240842772273,0.6875998442114609,0.013826469547219758,0.013310144107587506,0.00019331615659933118
2019-01-22 00:00:00+00:00,235.1492462158203,-0.013602512787244217,-8.571526447125182,0.6875933302212097,0.014998365397995409,-0.013584032028444722,0.0001656329410905168
2019-01-23 00:00:00+00:00,235.6413116455078,0.0020903801091672588,-8.601824644363202,0.6875870742683728,0.014772854497666695,0.0021812769492844434,0.00019451329765484297
2019-01-24 00:00:00+00:00,235.76649475097656,0.0005311032473907965,-8.614076117944277,0.687581066131109,0.014682625460470127,0.0006080704602033492,0.0001887781380575007
2019-01-25 00:00:00+00:00,237.76138305664065,0.008425692344425265,-8.717273935306379,0.687575295992523,0.013944221922063883,0.008497085474408486,0.00018650734404174887
2019-01-28 00:00:00+00:00,235.95437622070312,-0.007629113302779787,-8.628793743514333,0.6875697544246205,0.014574954734368793,-0.007603352753168512,0.00016843224689102823
2019-01-29 00:00:00+00:00,235.6413116455078,-0.0013276822890363525,-8.619056850213509,0.6875644323729029,0.014646075387302556,-0.001262941264894888,0.00018381553340494233
2019-01-30 00:00:00+00:00,239.37161254882807,0.01570642565380516,-8.806648297369687,0.6875593211415671,0.013334785145624065,0.01577556078279922,0.00018559198074129374
2019-01-31 00:00:00+00:00,241.4738922119141,0.008744151862972574,-8.920262976369559,0.6875544123792964,0.012598378212062274,0.008732227711105017,0.00015420008641171327
2019-02-01 00:00:00+00:00,241.5902404785156,0.00048170940865893794,-8.92734360529073,0.6875496980656105,0.012553847453502017,0.00042422106000787537,0.0001378304616163623
2019-02-04 00:00:00+00:00,243.28993225097656,0.007010799079394,-9.022287048022763,0.6875451704977599,0.01197181217626744,0.006950554444079169,0.00013686981714205697
2019-02-05 00:00:00+00:00,244.3096923828125,0.004182782623689185,-9.08012623783705,0.6875408222781381,0.01163054425391053,0.004086500789263387,0.0001246172110526848
2019-02-06 00:00:00+00:00,243.98768615722656,-0.001318894126467345,-9.058689973717616,0.6875366463021917,0.011755866268671346,-0.0014363157356429826,0.00011769707399494194
2019-02-07 00:00:00+00:00,241.6618194580078,-0.009578448880705744,-8.919108207283351,0.6875326357468103,0.01260562010775208,-0.009688106549108988,0.00012021580347593113
2019-02-08 00:00:00+00:00,241.95700073242188,0.001220718875056729,-8.93612189259674,0.6875287840591792,0.012498834884089548,0.0011636788617457434,0.00013798774669743536
2019-02-11 00:00:00+00:00,242.0911407470703,0.0005542424671738038,-8.94395161215871,0.6875250849460663,0.012449993595850181,0.0004905926619877833,0.00013568812305567987
2019-02-12 00:00:00+00:00,245.2043609619141,0.01277771931731048,-9.117712546579238,0.6875215323635432,0.011413983165771408,0.012711046112850382,0.0001346427469359763
2019-02-13 00:00:00+00:00,246.00051879882807,0.003241655638651359,-9.162728743622178,0.6875181205071046,0.011159941022694828,0.0031108153441285124,0.00011340743022631336
2019-02-14 00:00:00+00:00,245.45480346679688,-0.002220814513942706,-9.125323593316292,0.6875148438021862,0.011370620023423433,-0.00236739996643394,0.00010847510215070027
2019-02-15 00:00:00+00:00,248.1295623779297,0.010838208335235397,-9.283240761932879,0.6875116968950531,0.010507337893961865,0.01070468078731436,0.00011255801781324026
2019-02-19 00:00:00+00:00,248.55894470214844,0.0017289807396928879,-9.304957451366523,0.6875086746440535,0.010393858861280574,0.0015419275675704097,9.630121737683795e-05
2019-02-20 00:00:00+00:00,249.0599670410156,0.0020136795300318903,-9.331183683758209,0.6875057721112147,0.010258448998894434,0.001819586481994967,9.42574220202039e-05
2019-02-21 00:00:00+00:00,248.17433166503903,-0.0035622494860572305,-9.265630470002618,0.6875029845541772,0.010600253511911512,-0.0037647441611369475,9.184696203780483e-05
2019-02-22 00:00:00+00:00,249.71304321289065,0.0061809819822784,-9.358327823621309,0.687500307418441,0.010120154247578913,0.005999692347399502,9.799103881266816e-05
2019-02-25 00:00:00+00:00,250.0529022216797,0.001360072907259422,-9.373513091013363,0.6874977363299271,0.010043603362451128,0.0011489962194720256,8.94170328605269e-05
2019-02-26 00:00:00+00:00,249.8740692138672,-0.0007154365563712301,-9.353720739796824,0.6874952670878295,0.010143486927171697,-0.0009312642990595445,8.808580773773963e-05
2019-02-27 00:00:00+00:00,249.7666778564453,-0.0004298743035084121,-9.339174574505197,0.6874928956577506,0.010217527252463587,-0.0006395029381817129,8.982487554572693e-05
2019-02-28 00:00:00+00:00,249.30142211914065,-0.0018644985408213931,-9.301270005442774,0.6874906181651068,0.0104130164315565,-0.00206953246496435,9.112483481638577e-05
2019-03-01 00:00:00+00:00,250.8580474853516,0.006224536319880661,-9.39574560624454,0.687488430888802,0.009932562783673455,0.006031631880316609,9.460135802577049e-05
2019-03-04 00:00:00+00:00,249.94554138183597,-0.0036441716219268905,-9.325663363976384,0.687486330255143,0.010286778071961813,-0.003866891756091198,8.617244542901443e-05
2019-03-05 00:00:00+00:00,249.60562133789065,-0.0013609020327656188,-9.296481616826222,0.6874843128320017,0.010437968857770399,-0.0015616388203411361,9.234914665254482e-05
2019-03-06 00:00:00+00:00,248.09378051757807,-0.006075335693820351,-9.191955519875393,0.6874823753232087,0.010997993157862785,-0.00626669209338526,9.504986712231027e-05
2019-03-07 00:00:00+00:00,246.0184326171875,-0.00840035947016867,-9.058639633078185,0.6874805145631644,0.011756079684868836,-0.008556984362069791,0.00010538820344285008
2019-03-08 00:00:00+00:00,245.5262908935547,-0.00200242974663171,-9.027972296124135,0.6874787275116686,0.01193772999071339,-0.0021120739608629143,0.00012022173109541184
2019-03-11 00:00:00+00:00,249.0868377685547,0.014397549008559378,-9.230506437699304,0.6874770112489531,0.010788024610273035,0.014299156573076503,0.0001239192870743162
2019-03-12 00:00:00+00:00,250.026123046875,0.003763822865429643,-9.284345766152208,0.6874753629709097,0.010501486475905769,0.003594178789723758,0.00010145047468350156
2019-03-13 00:00:00+00:00,251.68104553222656,0.006597188923118478,-9.384290985635564,0.6874737799845091,0.009989594574086502,0.006409772905188282,9.6196135502719e-05
2019-03-14 00:00:00+00:00,251.52003479003903,-0.0006399459539288245,-9.365501558442954,0.6874722597033993,0.010083884265566686,-0.0008591258862452661,8.715298587567632e-05
2019-03-15 00:00:00+00:00,252.7626800537109,0.004928377445035105,-9.440318955017034,0.6874707996436831,0.009713626091105083,0.0047150498475939644,8.878563679725968e-05
2019-03-18 00:00:00+00:00,253.6790771484375,0.003618967361437028,-9.494064297674278,0.6874693974198556,0.009456069446620034,0.0033826548511844984,8.24606790093602e-05
2019-03-19 00:00:00+00:00,253.74203491210935,0.00024814798792753665,-9.488364790472106,0.6874680507409087,0.009483053751570677,-4.159431226440731e-06,7.819712179160589e-05
2019-03-20 00:00:00+00:00,252.9783172607422,-0.0030143578262693824,-9.424776526213698,0.6874667574065861,0.009789401888516396,-0.0032649892007070177,7.863860248907979e-05
2019-03-21 00:00:00+00:00,255.8356170654297,0.011231334865378147,-9.609464069965345,0.6874655153037914,0.00892589348851054,0.010999727243594564,8.373642525065937e-05
2019-03-22 00:00:00+00:00,250.9117889404297,-0.019433678515052854,-9.23033896059833,0.6874643224031322,0.010788910909274215,-0.019718928106765864,6.977270826245416e-05
2019-03-25 00:00:00+00:00,250.72308349609372,-0.0007523617818703358,-9.213509450428171,0.6874631767556052,0.010880078438932347,-0.0009219508472044133,0.00010146724951760422
2019-03-26 00:00:00+00:00,252.59197998046875,0.00742638243638008,-9.324010005063851,0.6874620764894139,0.010295254243637511,0.007262446635220401,0.00010316812808884092
2019-03-27 00:00:00+00:00,251.27114868164065,-0.0052428298448318365,-9.231259698864797,0.6874610198069059,0.010783940718958272,-0.005443040609604654,9.250007398693301e-05
2019-03-28 00:00:00+00:00,252.2235412597656,0.0037831331016817786,-9.285408808630606,0.6874600049816401,0.010495886046468198,0.0036132358328429155,0.00010137500560898902
2019-03-29 00:00:00+00:00,253.8139495849609,0.006285753883766231,-9.380381542729296,0.6874590303555632,0.010009122092278751,0.006097990509129838,9.609516629846283e-05
2019-04-01 00:00:00+00:00,256.8239440917969,0.011789291028470155,-9.571133950300828,0.687458094336302,0.00909860009180793,0.011571323228767073,8.749018381302314e-05
2019-04-02 00:00:00+00:00,256.9498291015625,0.0004900406320952243,-9.568557591561644,0.6874571953945589,0.009110327249410409,0.0002155246508462039,7.2465073509012e-05
2019-04-03 00:00:00+00:00,257.3541564941406,0.0015723287674256517,-9.586035027528343,0.687456332061618,0.009031060539123129,0.0012985415324235044,7.264972294903239e-05
2019-04-04 00:00:00+00:00,258.0369873046875,0.002649759190813697,-9.623512031250069,0.6874555029269429,0.008863406763129262,0.002371045981262657,7.140626883561332e-05
2019-04-05 00:00:00+00:00,259.285888671875,0.004828333914722727,-9.70255446961615,0.6874547066358688,0.008519944975140664,0.004539200228578111,6.881120044908631e-05
2019-04-08 00:00:00+00:00,259.4836730957031,0.0007625136399187,-9.703312721208183,0.6874539418873943,0.00851671464231244,0.0004520246003945753,6.364302809380385e-05
2019-04-09 00:00:00+00:00,258.15380859375,-0.005138219216495125,-9.587434127098808,0.6874532074320544,0.009024741547039517,-0.0054489091547523455,6.359537773465739e-05
2019-04-10 00:00:00+00:00,259.0343933105469,0.0034052809576406878,-9.63901936153648,0.6874525020698767,0.00879494531974743,0.003126175045839389,7.130765143409476e-05
2019-04-11 00:00:00+00:00,258.9624938964844,-0.00027760558528414666,-9.620690125879452,0.6874518246484228,0.008875917356420203,-0.0005709951562047989,6.776518969225906e-05
2019-04-12 00:00:00+00:00,260.7146301269531,0.006743197992397762,-9.735995189840724,0.6874511740609042,0.008378669079507118,0.006454841993287321,6.900327244974065e-05
2019-04-15 00:00:00+00:00,260.5438842773437,-0.0006551292727044614,-9.707841707091317,0.6874505492443759,0.008497446818595733,-0.0009744054150792991,6.157510188652349e-05
2019-04-16 00:00:00+00:00,260.7146301269531,0.0006551292727045263,-9.706403801398485,0.6874499491779994,0.008503557640998456,0.0003432410197224015,6.331150791174194e-05
2019-04-17 00:00:00+00:00,260.0766906738281,-0.002449886343025422,-9.643522379202928,0.6874493728813711,0.008775162265631757,-0.0027613945398360404,6.340149526678141e-05
2019-04-18 00:00:00+00:00,260.5888061523437,0.001967157980631153,-9.668166486139729,0.6874488194129256,0.008667697099126797,0.0016725385339578635,6.746443777372888e-05
2019-04-22 00:00:00+00:00,260.8134765625,0.0008617930205119116,-9.671301400219537,0.6874482878683933,0.008654120923647438,0.0005604920186972726,6.584197738115974e-05
2019-04-23 00:00:00+00:00,263.1585388183594,0.008951157103155184,-9.831775135676324,0.6874477773793264,0.007986867923117213,0.008649011943866301,6.563840533017051e-05
2019-04-24 00:00:00+00:00,262.5745544433594,-0.0022216011229779105,-9.768000959331012,0.6874472871116764,0.008245649353899098,-0.002565256172799163,5.601658552629365e-05
2019-04-25 00:00:00+00:00,262.4128112792969,-0.0006161792825523447,-9.739770587702086,0.687446816264433,0.008362863038303213,-0.0009437306620302228,5.9658869509292066e-05
2019-04-26 00:00:00+00:00,263.6347961425781,0.004645918141399263,-9.818192410778577,0.6874463640683187,0.008041292822651579,0.004325658791825737,6.13458972333856e-05
2019-04-29 00:00:00+00:00,264.0480651855469,0.0015663541788099545,-9.834255049471551,0.6874459297845252,0.007976968846209881,0.0012260864541084092,5.6773211428590523e-05
2019-04-30 00:00:00+00:00,264.1828918457031,0.0005104837620342941,-9.827978037993423,0.6874455127035112,0.00800204352010219,0.0001662125840505855,5.587953358994559e-05
2019-05-01 00:00:00+00:00,262.1971435546875,-0.007544958309905007,-9.652474612786472,0.6874451121438426,0.008735966738654764,-0.007887668819463466,5.622708086854883e-05
2019-05-02 00:00:00+00:00,261.63104248046875,-0.002161400664172652,-9.597527882455575,0.6874447274510781,0.008979300003701186,-0.0024584569302687907,6.687048705259673e-05
2019-05-03 00:00:00+00:00,264.1918640136719,0.009740320354215954,-9.768065058572175,0.687444357996698,0.008245382069241122,0.009458390272572167,7.060021123869675e-05
2019-05-06 00:00:00+00:00,263.1047058105469,-0.004123522912123354,-9.668258354985364,0.6874440031770825,0.008667293744639627,-0.004451090912613596,5.9655090958052245e-05
2019-05-07 00:00:00+00:00,258.7109375,-0.016840706901833015,-9.327511830427065,0.6874436624125189,0.010277220268553669,-0.017142032968947875,6.583600036224864e-05
2019-05-08 00:00:00+00:00,258.3515014648437,-0.001390300536133044,-9.297792080121635,0.6874433351462614,0.010431078380088214,-0.001591630222629725,9.218065243922598e-05
2019-05-09 00:00:00+00:00,257.5697631835937,-0.0030304580682553642,-9.24243704837232,0.6874430208436171,0.010723816750150918,-0.0032222417882756464,9.492688014756382e-05
2019-05-10 00:00:00+00:00,258.8636779785156,0.005010974887729092,-9.316031350146567,0.687442718991073,0.010336382405404227,0.004837349085322237,0.00010026188803493104
2019-05-13 00:00:00+00:00,252.35829162597656,-0.02545171339426173,-8.893885292051058,0.6874424290954569,0.012765458091734152,-0.025649372219335716,9.323195016425395e-05
2019-05-14 00:00:00+00:00,254.6406097412109,0.009003307604934832,-9.01427758649317,0.6874421506831332,0.01201969740588471,0.00895616039939788,0.00014146876789725192
2019-05-15 00:00:00+00:00,256.1321105957031,0.005840190888923767,-9.095335912025377,0.6874418832992265,0.011542288577765812,0.005746875142428021,0.00012560694724593425
2019-05-16 00:00:00+00:00,258.50421142578125,0.009218617215893286,-9.227725910691497,0.6874416265068806,0.010802985455011566,0.009095727800895223,0.00011594194200362286
2019-05-17 00:00:00+00:00,256.8330383300781,-0.006485768124368947,-9.121363678039966,0.6874413798865453,0.011393051049093968,-0.006654484308280988,0.00010172947024278243
2019-05-20 00:00:00+00:00,255.13479614257807,-0.00663419965793993,-9.01996422184801,0.6874411430352879,0.011985568618456965,-0.006766336808907689,0.00011299909273251837
2019-05-21 00:00:00+00:00,257.43505859375,0.00897547084420765,-9.145367959468762,0.6874409155661367,0.011257126713117033,0.00888004143595489,0.0001249033700121899
2019-05-22 00:00:00+00:00,256.64434814453125,-0.00307622154244921,-9.09573725537411,0.68744069710745,0.0115399708886968,-0.0032167827441392403,0.00011035128492033575
2019-05-23 00:00:00+00:00,253.50852966308597,-0.012293797066434634,-8.91318403052706,0.6874404873023061,0.01264286879544037,-0.012416830084617008,0.00011589598607096573
2019-05-24 00:00:00+00:00,254.08352661132807,0.0022655878360744648,-8.944233850348198,0.6874402858079219,0.012448104838717295,0.002210853698685691,0.00013879749496706144
2019-05-28 00:00:00+00:00,251.7203826904297,-0.009344178927765038,-8.817474046858583,0.6874400922950934,0.013262602959171614,-0.009410968681326525,0.00013460512998816595
2019-05-29 00:00:00+00:00,250.03121948242188,-0.006733090964283531,-8.733984970937227,0.6874399064476573,0.013827962108014616,-0.0067494793489225454,0.00015255979935698723
2019-05-30 00:00:00+00:00,250.71409606933597,0.0027274424304294317,-8.771272149351288,0.6874397279619725,0.01357254727994406,0.002746016247930781,0.00016567461176354438
2019-05-31 00:00:00+00:00,247.3355865478516,-0.013567165936244211,-8.605287801522957,0.6874395565464271,0.014747024340240864,-0.013564384941223475,0.0001596835541371567
2019-06-03 00:00:00+00:00,246.7066650390625,-0.0025460245414393253,-8.582129912383882,0.6874393919209588,0.014918771418496448,-0.0024706522378794542,0.00018813325339982098
2019-06-04 00:00:00+00:00,252.0619354248047,0.021474792860750477,-8.832590838388983,0.6874392338166019,0.013162735433880827,0.0215607743376682,0.0001924863925769929
2019-06-05 00:00:00+00:00,254.2451629638672,0.008624177214646598,-8.945634498026791,0.6874390819750423,0.012439388314172139,0.008601611086223501,0.0001502986834543478
2019-06-06 00:00:00+00:00,255.89854431152344,0.0064820446209020825,-9.033916444997619,0.6874389361481986,0.01190224363975662,0.0064147152783214,0.00013441902660219507
2019-06-07 00:00:00+00:00,258.4594116210937,0.00995761197051751,-9.173889400534243,0.6874387960978183,0.011097728283484891,0.00985702177478791,0.00012319378702498605
2019-06-10 00:00:00+00:00,259.6453552246094,0.004578014913885033,-9.239550715116579,0.6874386615950845,0.01073929832547879,0.004427573252021136,0.00010728574402619305
2019-06-11 00:00:00+00:00,259.58251953125,-0.00024203513224581682,-9.230516303028308,0.6874385324202449,0.010787919508260095,-0.00041470080010850077,0.00010054814626251078
2019-06-12 00:00:00+00:00,259.12420654296875,-0.001767137708112369,-9.197802570771572,0.6874384083622519,0.010965826932222818,-0.0019367881544463633,0.00010144945695822915
2019-06-13 00:00:00+00:00,260.193359375,0.004117535830642295,-9.256755836860513,0.6874382892184189,0.01064730860107792,0.003958916825091608,0.0001047812418039491
2019-06-14 00:00:00+00:00,259.90594482421875,-0.0011052296271803549,-9.233681069566668,0.6874381747940862,0.010770861902441451,-0.0012836004524166156,9.88537770465883e-05
2019-06-17 00:00:00+00:00,260.0047912597656,0.0003802438760252421,-9.2345210212688,0.6874380649023053,0.010766339202403547,0.00020953563015822622,0.00010113281062426965
2019-06-18 00:00:00+00:00,262.727294921875,0.010416534017917473,-9.39271369660851,0.6874379593635348,0.009947568760136749,0.010245545300828239,0.00010104893649879016
2019-06-19 00:00:00+00:00,263.3203125,0.0022546165820934746,-9.422790905635434,0.6874378580053437,0.009799090335059412,0.0020328281200628273,8.643087477168495e-05
2019-06-20 00:00:00+00:00,265.83624267578125,0.009509280797993942,-9.577693245752032,0.6874377606621318,0.009068785717691605,0.009278274794417677,8.390080571978946e-05
2019-06-21 00:00:00+00:00,265.4496765136719,-0.0014552097707250507,-9.538880787062723,0.6874376671748572,0.009246495305597877,-0.0017315784485988652,7.199706771643143e-05
2019-06-24 00:00:00+00:00,265.1246643066406,-0.0012251336812898572,-9.505547143739753,0.6874375773907817,0.009401896312346315,-0.0014904599981469364,7.481090473740692e-05
2019-06-25 00:00:00+00:00,262.5243530273437,-0.009856295547912133,-9.318519422722412,0.6874374911632132,0.010323524819515335,-0.010111967821219441,7.731515952023761e-05
2019-06-26 00:00:00+00:00,262.2624206542969,-0.0009982431262903456,-9.295480068194069,0.6874374083512723,0.010443136004581823,-0.001196699690392931,9.300309407959695e-05
2019-06-27 00:00:00+00:00,263.1925048828125,0.0035401141169787995,-9.34639847691006,0.6874373288196604,0.01018061789901483,0.0033490784485483444,9.514391436336499e-05
2019-06-28 00:00:00+00:00,264.5468444824219,0.005132619253952462,-9.424191649150872,0.6874372524384378,0.009792228990472995,0.004925295106834327,9.047687730218766e-05
2019-07-01 00:00:00+00:00,266.9485168457031,0.00903747759468851,-9.571055779953527,0.6874371790828117,0.009098931930782757,0.008806045599831643,8.37847979469984e-05
2019-07-02 00:00:00+00:00,267.6436767578125,0.0026007125141311893,-9.607559552031118,0.6874371086329326,0.00893436557439262,0.0023262172215693113,7.247065783243923e-05
2019-07-03 00:00:00+00:00,269.78350830078125,0.007963284740224456,-9.745302078091122,0.6874370409736975,0.008339755255346054,0.007678561831223403,6.990407686985243e-05
2019-07-05 00:00:00+00:00,269.47662353515625,-0.0011381698020551895,-9.70714873377985,0.687436975994566,0.008500377158427039,-0.0014598665910346264,6.101161840723978e-05
2019-07-08 00:00:00+00:00,267.99591064453125,-0.0055099248522412,-9.583638887880367,0.6874369135893736,0.00904186491685842,-0.005821630815283233,6.335485349917928e-05
2019-07-09 00:00:00+00:00,268.3300476074219,0.0012460221288211357,-9.594952973502002,0.6874368536561626,0.008990859039627258,0.0009679804435067671,7.157546762635652e-05
2019-07-10 00:00:00+00:00,269.6119689941406,0.004766029697367276,-9.672116997972607,0.6874367960970117,0.008650580076029403,0.004484818052758832,7.078000374832115e-05
2019-07-11 00:00:00+00:00,270.2440795898437,0.0023417756871708124,-9.704008370839997,0.687436740817881,0.008513734527048037,0.002039410392578151,6.558554052532294e-05
2019-07-12 00:00:00+00:00,271.4539489746094,0.004466958832227366,-9.777990078583,0.6874366877284559,0.008204557771563536,0.004156083605667697,6.35516849933981e-05
2019-07-15 00:00:00+00:00,271.54425048828125,0.00033260336624924344,-9.76894702599464,0.6874366367419966,0.00824173883708928,2.4953535197099613e-06,5.907310079843912e-05
2019-07-16 00:00:00+00:00,270.6684265136719,-0.0032305579469800883,-9.68731625589617,0.6874365877752018,0.00858508782634291,-0.0035583525957560954,5.960313911913408e-05
2019-07-17 00:00:00+00:00,268.8265075683594,-0.006828335117703177,-9.539422756725354,0.6874365407480699,0.009243988683509835,-0.007134772932110197,6.460822275853359e-05
2019-07-18 00:00:00+00:00,269.8106384277344,0.003654155535947581,-9.595011707125632,0.6874364955837664,0.008990594608228175,0.0033886734866723184,7.4770864947456e-05
2019-07-19 00:00:00+00:00,268.3119201660156,-0.005570188845807623,-9.478524945537872,0.6874364522085011,0.009529786959928404,-0.005851416923966835,7.077589730240599e-05
2019-07-22 00:00:00+00:00,268.97100830078125,0.002453413017409527,-9.512103235921069,0.6874364105514064,0.009371125555362451,0.0022056842895978677,7.940664824898312e-05
2019-07-23 00:00:00+00:00,270.8941955566406,0.007124724384772682,-9.629753585062426,0.6874363705444235,0.008835768033402235,0.0068671406862601545,7.68160841460348e-05
2019-07-24 00:00:00+00:00,272.1672058105469,0.004688282328407177,-9.706283484159659,0.6874363321221889,0.008504054743638157,0.004397430593808385,6.838825425443043e-05
2019-07-25 00:00:00+00:00,270.8670349121094,-0.004788550280510352,-9.597116713678746,0.6874362952219264,0.008981136730988272,-0.005100027519700115,6.340902436889171e-05
2019-07-26 00:00:00+00:00,272.6819152832031,0.00667791599972564,-9.710189820663937,0.6874362597833497,0.008487461027511816,0.006396100101155246,7.062888656655205e-05
2019-07-29 00:00:00+00:00,272.1853332519531,-0.0018227638753287737,-9.659577281911753,0.6874362257485573,0.008704987752288434,-0.0021352731452215367,6.316482501904308e-05
2019-07-30 00:00:00+00:00,271.51715087890625,-0.0024578983136478664,-9.598605162970543,0.6874361930619443,0.008974455119656768,-0.0027568806473155087,6.640296844105113e-05
2019-07-31 00:00:00+00:00,268.5466003417969,-0.011000851244031388,-9.379935111172063,0.6874361616701055,0.010011327917352528,-0.01128308241885529,7.052511969087273e-05
2019-08-01 00:00:00+00:00,266.2081298828125,-0.008746010958374306,-9.224688389191371,0.6874361315217535,0.010819397639325837,-0.00896384176233202,8.752875857558321e-05
2019-08-02 00:00:00+00:00,264.2037353515625,-0.007557915664734076,-9.10180571089997,0.687436102567631,0.011505002449021019,-0.007725614088147838,0.00010203515461258418
2019-08-05 00:00:00+00:00,256.2582702636719,-0.030534726204846326,-8.650734981780081,0.6874360747604321,0.014415691451471977,-0.03065992595223157,0.00011520334317858704
2019-08-06 00:00:00+00:00,259.8517761230469,0.013925572485443332,-8.819714128831652,0.6874360480547264,0.013247749918940333,0.013980473407046877,0.00017987434974874318
2019-08-07 00:00:00+00:00,260.00537109375,0.0005909122380822626,-8.829655473647405,0.6874360224068808,0.013182063040808538,0.0005736051079148486,0.0001522225967880803
2019-08-08 00:00:00+00:00,265.1066589355469,0.019429942704433836,-9.081314057955927,0.6874359977749921,0.011623486503218894,0.01940857223019833,0.00015073510357476176
2019-08-09 00:00:00+00:00,263.30078125,-0.006835197913869661,-8.979654718775603,0.6874359741188157,0.01222957766454547,-0.00695305636242045,0.00011755896815193559
2019-08-12 00:00:00+00:00,260.0956115722656,-0.012247733412279244,-8.809876858685996,0.6874359513997024,0.013313071119757923,-0.012328052419824318,0.00012997698319815355
2019-08-13 00:00:00+00:00,264.1405029296875,0.015431869407506774,-9.008629804833545,0.6874359295805333,0.01205367831560332,0.015418602757344226,0.0001537089662545091
2019-08-14 00:00:00+00:00,256.3304748535156,-0.030013640282186723,-8.586731948766964,0.6874359086256611,0.014884476038007416,-0.030104851567344198,0.00012630963316991
2019-08-15 00:00:00+00:00,257.0076599121094,0.0026383601978976212,-8.623188503820273,0.6874358885008482,0.014615615517422008,0.002722223316255973,0.00019161336661654502
2019-08-16 00:00:00+00:00,260.7998962402344,0.014647542644016303,-8.798797304672009,0.6874358691732144,0.013387027088474966,0.01471479655301592,0.0001848359136454555
2019-08-19 00:00:00+00:00,263.9419250488281,0.011975665870766589,-8.95297423234778,0.6874358506111831,0.012393816069381879,0.011966973516681858,0.00015540042520045423
2019-08-20 00:00:00+00:00,261.9194030761719,-0.007692263482204744,-8.848047881788116,0.6874358327844267,0.013061393489328976,-0.007762414024568433,0.0001334480014448383
2019-08-21 00:00:00+00:00,264.0502319335937,0.008102522933419601,-8.954910733962414,0.6874358156638195,0.012381821500664273,0.008073687280708921,0.00014802131958027018
2019-08-22 00:00:00+00:00,263.968994140625,-0.0003077077106214333,-8.950701824283868,0.6874357992213904,0.01240790589645492,-0.00037860081455150485,0.0001331929803938176
2019-08-23 00:00:00+00:00,257.188232421875,-0.026023411131703138,-8.596101086481376,0.6874357834302741,0.01481491151982052,-0.026092689409739245,0.00013374788121417114
2019-08-26 00:00:00+00:00,260.0323791503906,0.010997919775260783,-8.728165423322594,0.6874357682646728,0.013868249772295206,0.011077485809580475,0.00018984822835773013
2019-08-27 00:00:00+00:00,259.0120849609375,-0.00393143776364454,-8.684150496056812,0.6874357536998075,0.014176837915720965,-0.003910373183959849,0.00016662972099625335
2019-08-28 00:00:00+00:00,260.83599853515625,0.007017131028323333,-8.772738742339854,0.687435739711882,0.013562591465476366,0.007057270828844035,0.0001740341051923639
2019-08-29 00:00:00+00:00,264.1676330566406,0.012692023615058015,-8.934376343755268,0.6874357262780435,0.012509602793920587,0.012694188967642813,0.0001594523873138966
2019-08-30 00:00:00+00:00,264.0502319335937,-0.00044451781267286164,-8.928727835559297,0.6874357133763427,0.012544983008513361,-0.0005075006612198646,0.00013592218706072443
2019-09-03 00:00:00+00:00,262.5062866210937,-0.00586432674489541,-8.850128418705319,0.6874357009857011,0.013047812983494802,-0.005925119568860385,0.00013668268419602468
2019-09-04 00:00:00+00:00,265.48590087890625,0.011286704460030236,-8.998356323764598,0.687435689085875,0.012115753866815258,0.011257028602101378,0.00014771743052742072
2019-09-05 00:00:00+00:00,268.8987731933594,0.012773265711228712,-9.1757992562653,0.6874356776574223,0.011087131490010347,0.012685898573780248,0.00012759794449552798
2019-09-06 00:00:00+00:00,269.1063537597656,0.0007716676526208206,-9.183514467000787,0.6874356666816704,0.01104444408539667,0.0006205690891283862,0.0001070835354006545
2019-09-09 00:00:00+00:00,269.2419128417969,0.0005036111131260848,-9.18703255778098,0.6874356561406885,0.01102503346948476,0.0003498662045465346,0.00010627055885135023
2019-09-10 00:00:00+00:00,269.1785888671875,-0.00023522126182181358,-9.179182423023605,0.6874356460172525,0.011068392492603284,-0.0003901695452770815,0.00010590189805135615
2019-09-11 00:00:00+00:00,271.09283447265625,0.007086266395420748,-9.283195878591455,0.6874356362948246,0.010507473797754456,0.006934006149831756,0.00010672627736506736
2019-09-12 00:00:00+00:00,272.03173828125,0.003457419498138232,-9.332672928866971,0.6874356269575187,0.010250723289440912,0.0032703750397075912,9.63054323497577e-05
2019-09-13 00:00:00+00:00,271.8511962890625,-0.0006639002158119926,-9.314751903535724,0.68743561799008,0.010342987764935033,-0.0008668740259326975,9.171190188511867e-05
2019-09-16 00:00:00+00:00,271.01153564453125,-0.003093457202829886,-9.257634426254088,0.6874356093778573,0.010642628757012768,-0.003290706172310072,9.334984764487672e-05
2019-09-17 00:00:00+00:00,271.6976928710937,0.0025286380113608052,-9.292167577565108,0.6874356011067809,0.010460444368032753,0.0023499769384801674,9.876802151967351e-05
2019-09-18 00:00:00+00:00,271.8603210449219,0.0005983838873394215,-9.29559775515016,0.6874355931633365,0.010442519142825105,0.0004084219816568183,9.545573576696744e-05
2019-09-19 00:00:00+00:00,271.8421936035156,-6.66814698279387e-05,-9.28823185230676,0.6874355855345456,0.010481049332427897,-0.00025775540009198485,9.513285332211326e-05
2019-09-20 00:00:00+00:00,270.55780029296875,-0.004735972439836626,-9.205828392648268,0.6874355782079448,0.0109219063574019,-0.004924656107016655,9.582755563407745e-05
2019-09-23 00:00:00+00:00,270.4942321777344,-0.00023497967556502028,-9.197597778403594,0.6874355711715638,0.010966945959129837,-0.0003963218324715504,0.00010395384242348351
2019-09-24 00:00:00+00:00,268.3718566894531,-0.007877231492962523,-9.071872834478798,0.6874355644139063,0.011678485551358012,-0.008035781107360277,0.0001048024379613361
2019-09-25 00:00:00+00:00,269.9590759277344,0.005896833124112323,-9.155073143150966,0.6874355579239311,0.011202625294714474,0.005782382119377571,0.00011866043616792803
2019-09-26 00:00:00+00:00,269.3968200683594,-0.0020849167209270885,-9.11998637089855,0.6874355516910358,0.011400891310711045,-0.0022288560318835726,0.00010929844038035644
2019-09-27 00:00:00+00:00,267.94537353515625,-0.005402330509457296,-9.036932373682587,0.6874355457050357,0.011884303969911338,-0.005533981766103769,0.0001131529254332302
2019-09-30 00:00:00+00:00,269.1882019042969,0.00462764066111429,-9.101259190707223,0.6874355399561523,0.011508145927356729,0.004525939314706051,0.0001228273256954886
2019-10-01 00:00:00+00:00,265.9862060546875,-0.011966319803277206,-8.922921035657254,0.6874355344349922,0.012581458756775734,-0.012091324765866048,0.00011526555121400042
2019-10-02 00:00:00+00:00,261.28759765625,-0.017822743101806027,-8.683892909673839,0.6874355291325347,0.01417866351549886,-0.017881278166247266,0.00013746892886879673
2019-10-03 00:00:00+00:00,263.4283142089844,0.008159571232635873,-8.786122771860265,0.6874355240401174,0.013472133050897563,0.008199823867608539,0.0001740783916552519
2019-10-04 00:00:00+00:00,266.99298095703125,0.013441090873608445,-8.957989364650752,0.6874355191494198,0.0123627761764097,0.013437662079959403,0.00015735821860269825
2019-10-07 00:00:00+00:00,265.8410949707031,-0.0043236265576448146,-8.89878906222938,0.6874355144524509,0.012734185988803387,-0.004395698739383323,0.00013278855315135182
2019-10-08 00:00:00+00:00,261.7139892578125,-0.01564647951702232,-8.691938542585705,0.687435509941537,0.014121739894048127,-0.015695562008647183,0.00014078516290906196
2019-10-09 00:00:00+00:00,264.1993103027344,0.009451518143248018,-8.809913277278955,0.6874355056093088,0.013312827958464633,0.00948825246372751,0.000172700415112004
2019-10-10 00:00:00+00:00,265.9862060546875,0.006740668926980878,-8.898174432654272,0.687435501448688,0.01273809997314481,0.0067273872384867265,0.0001537034363704264
2019-10-11 00:00:00+00:00,268.7436828613281,0.010313623033526877,-9.036144060885476,0.6874354974528764,0.011888989095944456,0.010264782767464549,0.00014087066238454836
2019-10-14 00:00:00+00:00,268.4443664550781,-0.0011143823382011148,-9.018829233826992,0.6874354936153458,0.011992363818458121,-0.0012157934904756687,0.00012292300627752504
2019-10-15 00:00:00+00:00,271.1020202636719,0.009851517379357024,-9.156530466260142,0.6874354899298274,0.01119446525048869,0.00975650884164877,0.00012504347510113923
2019-10-16 00:00:00+00:00,270.6665954589844,-0.0016074201635356922,-9.128598154115926,0.687435486390299,0.011351905754557199,-0.0017518652708913072,0.00010914121641101876
2019-10-17 00:00:00+00:00,271.4648742675781,0.0029449660464856936,-9.16925622215454,0.6874354829909775,0.011123462355666807,0.0028102790268970793,0.0001121944646040877
2019-10-18 00:00:00+00:00,270.276611328125,-0.004386833486654863,-9.098736991304337,0.6874354797263085,0.011522667914966013,-0.0045356798669460765,0.00010777786762832342
2019-10-21 00:00:00+00:00,272.10894775390625,0.0067566083420747365,-9.195191610982576,0.6874354765909592,0.010980147923373415,0.006632503211800172,0.00011555307999167187
2019-10-22 00:00:00+00:00,271.21990966796875,-0.003272562711274668,-9.140466458141375,0.6874354735798069,0.011284741281243646,-0.0034302938045492346,0.00010505182544140443
2019-10-23 00:00:00+00:00,272.00909423828125,0.0029055338350391174,-9.180572843121372,0.6874354706879312,0.01106070006666077,0.0027666841968805806,0.00011088685459018096
2019-10-24 00:00:00+00:00,272.4535522460937,0.0016326486652817273,-9.20137199082428,0.6874354679106081,0.010946269541312491,0.0014799115386886462,0.00010657979648343751
2019-10-25 00:00:00+00:00,273.5692749023437,0.004086731006898761,-9.259895282206537,0.6874354652432999,0.010630604637568236,0.003926899432409382,0.00010441245120750638
2019-10-28 00:00:00+00:00,275.1112060546875,0.005620521469324125,-9.343521753216782,0.6874354626816485,0.010195269469467111,0.005441114618427055,9.854769542206405e-05
2019-10-29 00:00:00+00:00,275.0295715332031,-0.0002967768447977583,-9.33140935623127,0.6874354602214685,0.01025720138862186,-0.0005031917641681957,9.073433871420876e-05
2019-10-30 00:00:00+00:00,275.8731994628906,0.0030627131811762835,-9.374815509068084,0.6874354578587405,0.010036986870094737,0.002860141346256758,9.182644206823144e-05
2019-10-31 00:00:00+00:00,275.1383361816406,-0.0026673260699715644,-9.322189738836997,0.6874354555896044,0.0103045942709734,-0.0028835642586047972,8.797251683632805e-05
2019-11-01 00:00:00+00:00,277.687255859375,0.009221489659208396,-9.466383754356778,0.687435453410353,0.00958781319793273,0.00902185852091896,9.266652284477451e-05
2019-11-04 00:00:00+00:00,278.802978515625,0.004009860667102028,-9.52730609585582,0.6874354513174253,0.009300160540865812,0.003765735636841488,8.036469355308639e-05
2019-11-05 00:00:00+00:00,278.4945678710937,-0.0011068079449303076,-9.4964730837744,0.6874354493074019,0.009444647399276484,-0.0013688001636907921,7.567114565546419e-05
2019-11-06 00:00:00+00:00,278.5580749511719,0.000228011054867509,-9.49037205102724,0.6874354473769994,0.009473502437535293,-2.500571052784775e-05,7.801126435971566e-05
2019-11-07 00:00:00+00:00,279.5376281738281,0.0035103449929883156,-9.54277689129462,0.6874354455230632,0.009228497621446726,0.0032591204867571163,7.848281821767044e-05
2019-11-08 00:00:00+00:00,280.22705078125,0.00246325994454212,-9.5766661404427,0.6874354437425643,0.009073441584955712,0.0021968154296668225,7.452354676326501e-05
2019-11-11 00:00:00+00:00,279.6919250488281,-0.0019114404706741758,-9.52941741772251,0.687435442032594,0.009290347894246008,-0.002187519805435031,7.20701486431303e-05
2019-11-12 00:00:00+00:00,280.28143310546875,0.002105486862308669,-9.556786494572194,0.6874354403903596,0.009164079701062049,0.0018428850252589974,7.551349589380967e-05
2019-11-13 00:00:00+00:00,280.37225341796875,0.000323980080671703,-9.551379019077121,0.6874354388131774,0.009188890493285543,5.353302879924687e-05,7.349935995635072e-05
2019-11-14 00:00:00+00:00,280.78033447265625,0.0014544390792498782,-9.566791205724705,0.6874354372984695,0.009118352180349771,0.0011855336593855105,7.389300051715945e-05
2019-11-15 00:00:00+00:00,282.8121337890625,0.00721020323402503,-9.688443586620386,0.6874354358437613,0.008580248837787158,0.006936914744209154,7.277658139219937e-05
2019-11-18 00:00:00+00:00,283.02069091796875,0.0007371687510661268,-9.688888472946184,0.6874354344466781,0.008578340430862875,0.00043043002114697614,6.453631727014853e-05
2019-11-19 00:00:00+00:00,282.9391174316406,-0.000288266006488589,-9.66920389841102,0.6874354331049347,0.008663187781281565,-0.00059512341383014,6.450796295504154e-05
2019-11-20 00:00:00+00:00,281.88702392578125,-0.003725375458415591,-9.583176691231683,0.6874354318163399,0.009043953043019247,-0.004026956804145871,6.57745346151866e-05
2019-11-21 00:00:00+00:00,281.43341064453125,-0.0016104985775669443,-9.541288862430862,0.6874354305787894,0.009235366294495163,-0.001888410488030376,7.160815205894304e-05
2019-11-22 00:00:00+00:00,282.0593566894531,0.0022216657911878187,-9.570766791490973,0.6874354293902607,0.009100244778619484,0.0019556480336671675,7.463316565021345e-05
2019-11-25 00:00:00+00:00,284.2453308105469,0.007720172643924669,-9.702042375386707,0.6874354282488113,0.00852210622519476,0.007445758939911704,7.24913471504525e-05
2019-11-26 00:00:00+00:00,284.8893737792969,0.0022632365886946612,-9.732449984150932,0.6874354271525768,0.00839351778181991,0.0019528820196050571,6.367522012645392e-05
2019-11-27 00:00:00+00:00,286.1591796875,0.004447285588527298,-9.806702195843663,0.6874354260997668,0.008087612817333811,0.004128933141029348,6.179110199558985e-05
2019-11-29 00:00:00+00:00,285.0979309082031,-0.003715489857294791,-9.71295667586709,0.6874354250886603,0.008475726473541136,-0.004052874886820194,5.7421243839563874e-05
2019-12-02 00:00:00+00:00,282.6761779785156,-0.008530743400944226,-9.529023647684056,0.6874354241176043,0.009292177183837127,-0.008843982502998914,6.29924276178292e-05
2019-12-03 00:00:00+00:00,280.78033447265625,-0.006729359296715538,-9.396177231633528,0.6874354231850142,0.009930353643450853,-0.006991847487068107,7.554287326266992e-05
2019-12-04 00:00:00+00:00,282.5128173828125,0.00615128505396473,-9.492429668389631,0.6874354222893655,0.009463760998190959,0.005928427972900226,8.613567940961025e-05
2019-12-05 00:00:00+00:00,283.02069091796875,0.0017960869311263235,-9.514327077423498,0.6874354214291949,0.00936071023996652,0.0015442573670951072,7.832346556036173e-05
2019-12-06 00:00:00+00:00,285.60595703125,0.009093080445491042,-9.667511360312862,0.687435420603098,0.008670522258456059,0.008834849750548204,7.664752905467557e-05
2019-12-09 00:00:00+00:00,284.7079772949219,-0.0031490743057843392,-9.59276987415832,0.6874354198097232,0.009000676753829692,-0.003450199601518056,6.588459236776081e-05
2019-12-10 00:00:00+00:00,284.3905029296875,-0.0011157098786908528,-9.559807213984268,0.6874354190477753,0.009150249067154234,-0.0013963113414803298,7.093279961548878e-05
2019-12-11 00:00:00+00:00,285.1977844238281,0.002834615994078437,-9.600575207405532,0.6874354183160107,0.008965618566101974,0.0025633095462246143,7.328037840008175e-05
2019-12-12 00:00:00+00:00,287.6557922363281,0.008581679499521308,-9.749558700994935,0.6874354176132316,0.00832202284496638,0.008298899110467725,7.038801257844134e-05
2019-12-13 00:00:00+00:00,287.8282470703125,0.0005993383912241606,-9.74640381527787,0.6874354169382909,0.008335160719167704,0.00027653849200603764,6.0755625692157127e-05
2019-12-16 00:00:00+00:00,289.8055725097656,0.006846320613066541,-9.869420969224427,0.6874354162900863,0.007837925708878181,0.006524338010272979,6.0945256260437824e-05
2019-12-17 00:00:00+00:00,289.8691101074219,0.00021921812290926239,-9.856341035332234,0.6874354156675582,0.00788935346794853,-0.00013370827194076013,5.3971807583222404e-05
2019-12-18 00:00:00+00:00,289.88720703125,6.242941490765238e-05,-9.840165448672524,0.6874354150696894,0.007953419655527217,-0.00028729545484896233,5.467365457116766e-05
2019-12-19 00:00:00+00:00,291.075439453125,0.004090569629329277,-9.909502823937489,0.687435414495503,0.0076824099524304594,0.0037448327065291087,5.555424441464595e-05
2019-12-20 00:00:00+00:00,292.35174560546875,0.004375209866797792,-9.986611657442113,0.6874354139440624,0.007391856172776756,0.004012600602700178,5.187669604899388e-05
2019-12-23 00:00:00+00:00,292.7982482910156,0.0015261139087886192,-10.001007135884691,0.6874354134144641,0.0073388425372330635,0.0011454074534418758,4.8072145560318956e-05
2019-12-24 00:00:00+00:00,292.807373046875,3.116348452828335e-05,-9.981109730732433,0.6874354129058448,0.007412218892978487,-0.0003528458618456363,4.739341585322484e-05
2019-12-26 00:00:00+00:00,294.3659973144531,0.005308918990610145,-10.081291631228462,0.6874354124173725,0.007050079475774066,0.004929481110056522,4.8334114805864456e-05
2019-12-27 00:00:00+00:00,294.2930908203125,-0.00024770362331247525,-10.053014938125306,0.6874354119482496,0.007150463904954603,-0.0006497088543875025,4.378011381512812e-05
2019-12-30 00:00:00+00:00,292.670654296875,-0.0055282482740844465,-9.901400597409607,0.6874354114977099,0.007713595387618209,-0.005923996485395008,4.502018365994517e-05
2019-12-31 00:00:00+00:00,293.381591796875,0.0024261927276204463,-9.935819049799623,0.6874354110650169,0.007581986074694059,0.002065525351046111,5.229354341902303e-05
2020-01-02 00:00:00+00:00,296.125244140625,0.009308364167883953,-10.122983510708494,0.6874354106494621,0.0069046351708287376,0.008939500947603728,5.0545552782508804e-05
2020-01-03 00:00:00+00:00,293.8829650878906,-0.007600876777571743,-9.914848877083983,0.6874354102503687,0.007661902083659807,-0.008011949572096362,4.201375992839861e-05
2020-01-06 00:00:00+00:00,295.004150390625,0.0038078152093301535,-9.97964711314661,0.6874354098670844,0.007417641493569458,0.0034439288872103267,5.1603470865020626e-05
2020-01-07 00:00:00+00:00,294.1745910644531,-0.002815987122375,-9.8957046802092,0.6874354094989819,0.007735594697703672,-0.00319508718812676,4.84039958927505e-05
2020-01-08 00:00:00+00:00,295.742431640625,0.005315473896636228,-9.992894238885334,0.6874354091454613,0.007368672631324731,0.004956176338551843,5.2588593262271136e-05
2020-01-09 00:00:00+00:00,297.747802734375,0.006757916506814529,-10.126565065543355,0.6874354088059439,0.006892281569076444,0.0063757656906832895,4.777474204885355e-05
2020-01-10 00:00:00+00:00,296.8909606933594,-0.0028818929633997363,-10.032977011190336,0.6874354084798753,0.007222464220464263,-0.0032937360363278507,4.186538637544933e-05
2020-01-13 00:00:00+00:00,298.9327697753906,0.0068537621792600706,-10.171082464782941,0.6874354081667241,0.006740563134936324,0.006462501127663867,4.592015047701029e-05
2020-01-14 00:00:00+00:00,298.4769897460937,-0.0015258542749355918,-10.108698585756835,0.6874354078659775,0.006954127805272449,-0.0019471587622931616,4.006430850873556e-05
2020-01-15 00:00:00+00:00,299.151611328125,0.00225766259301,-10.140226025329653,0.687435407577143,0.00684536439317094,0.001849675621253529,4.261079313364548e-05
2020-01-16 00:00:00+00:00,301.6399841308594,0.008283694548284377,-10.31969022133839,0.6874354072997504,0.006257868264095424,0.007868925916479537,4.1304246990908957e-05
2020-01-17 00:00:00+00:00,302.5788269042969,0.003107627607257099,-10.37515833882435,0.6874354070333462,0.0060866967893527454,0.002656203854902767,3.459446615125967e-05
2020-01-21 00:00:00+00:00,301.9863586425781,-0.0019599820351817324,-10.292058610676184,0.6874354067774943,0.006344925753305776,-0.0024220932812382017,3.275001088759828e-05
2020-01-22 00:00:00+00:00,302.0227966308594,0.00012065376164364754,-10.26808363596822,0.6874354065317775,0.006421443179888138,-0.0003253357278739767,3.555169212179612e-05
2020-01-23 00:00:00+00:00,302.36920166015625,0.0011462926981407715,-10.271420797789908,0.6874354062957934,0.006410737416389029,0.0007050787918976766,3.6403678034154244e-05
2020-01-24 00:00:00+00:00,299.6802062988281,-0.008932865664175846,-10.010993301502793,0.6874354060691569,0.007302290411834783,-0.00937474769338079,3.628387487705871e-05
2020-01-27 00:00:00+00:00,294.8765563964844,-0.016159111221889184,-9.618369382676507,0.6874354058514967,0.008886204459096388,-0.016545398032901778,4.6928217786998486e-05
2020-01-28 00:00:00+00:00,297.966552734375,0.010424425189024759,-9.803343133276055,0.6874354056424601,0.008101207608616013,0.010136708691948713,6.916162780881447e-05
2020-01-29 00:00:00+00:00,297.7204284667969,-0.0008263544087788481,-9.769790866922214,0.6874354054417027,0.00823826094432613,-0.0011628934226410174,5.761208528833519e-05
2020-01-30 00:00:00+00:00,298.6866149902344,0.0032400266873804104,-9.820273042405567,0.6874354052488978,0.008032920684507939,0.0029120156570734525,5.955347818868708e-05
2020-01-31 00:00:00+00:00,293.26318359375,-0.018324469973840612,-9.41981065861673,0.6874354050637312,0.009813700065572788,-0.018665258717827246,5.6656645657548084e-05
2020-02-03 00:00:00+00:00,295.441650390625,0.007400913376729992,-9.538303473120292,0.6874354048858985,0.009249162140651331,0.007170814429161558,8.414815829160427e-05
2020-02-04 00:00:00+00:00,299.9445495605469,0.015126266032749048,-9.802874922147685,0.6874354047151097,0.008103104367466852,0.014861105412876465,7.485357735386319e-05
2020-02-05 00:00:00+00:00,303.4083251953125,0.0114818834321397,-10.02486642875958,0.687435404551087,0.0072518128810787124,0.011145462453842375,5.763873650804354e-05
2020-02-06 00:00:00+00:00,304.4292297363281,0.0033591392723511557,-10.081553957589042,0.6874354043935615,0.007049154818499945,0.002969707112981791,4.628951698632342e-05
2020-02-07 00:00:00+00:00,302.8067321777344,-0.005343891078649046,-9.93185731722701,0.6874354042422758,0.0075970198538573295,-0.005745953949164567,4.376877091805539e-05
2020-02-10 00:00:00+00:00,305.0673217773437,0.007437724989783221,-10.077312859107458,0.6874354040969827,0.0070641187584152484,0.007069798071069913,5.074374175400252e-05
2020-02-11 00:00:00+00:00,305.5960388183594,0.001731615836957238,-10.096193298127218,0.6874354039574454,0.006997745707571384,0.0013304857476622608,4.395251529354448e-05
2020-02-12 00:00:00+00:00,307.5648803710937,0.006421962840841371,-10.227595461975543,0.6874354038234356,0.006552764184151199,0.006016695184920003,4.314040744536437e-05
2020-02-13 00:00:00+00:00,307.2367553710937,-0.0010674175606537593,-10.174587608376582,0.6874354036947337,0.0067287601561316504,-0.001500437114523853,3.788909443806875e-05
2020-02-14 00:00:00+00:00,307.7289428710937,0.0016006993772129763,-10.19004911339813,0.6874354035711296,0.0066769423300234165,0.001178658728097155,3.992583292948223e-05
2020-02-18 00:00:00+00:00,306.9359436035156,-0.0025802668250465414,-10.100373928246704,0.6874354034524212,0.00698313349128176,-0.0030055395828440822,3.932069426170815e-05
2020-02-19 00:00:00+00:00,308.4034118652344,0.004769631685917547,-10.192268208368745,0.6874354033384156,0.006669538053715169,0.004363453068672273,4.296262416617577e-05
2020-02-20 00:00:00+00:00,307.1365051269531,-0.004116413874293889,-10.063816821164414,0.6874354032289252,0.007111948762434462,-0.004542148494761714,3.9234598354322034e-05
2020-02-21 00:00:00+00:00,303.9734802246094,-0.010351829372854685,-9.797353042173267,0.6874354031237728,0.008125507463291826,-0.010749978127625334,4.454237590876225e-05
2020-02-24 00:00:00+00:00,293.89208984375,-0.033727802882943,-9.082773445453777,0.687435403022785,0.01161500714799776,-0.03406282973904248,5.795398114022636e-05
2020-02-25 00:00:00+00:00,284.98651123046875,-0.030770808482031755,-8.632812432944714,0.6874354029257982,0.014545453751855274,-0.030889192280392615,0.000117389621713749
2020-02-26 00:00:00+00:00,283.9382019042969,-0.003685234578106116,-8.595514423627753,0.6874354028326534,0.014819257131357405,-0.00362231561267211,0.00018308712375509454
2020-02-27 00:00:00+00:00,271.1860656738281,-0.04595144106710814,-8.076279357156912,0.6874354027431977,0.019212191005577667,-0.04587160658989395,0.00018995827585999134
2020-02-28 00:00:00+00:00,270.0468139648437,-0.004209845463584011,-8.053826055017456,0.6874354026572862,0.019429094843761405,-0.0038590958127457807,0.00031725179678148026
2020-03-02 00:00:00+00:00,281.7414855957031,0.04239460372579617,-8.440001869844009,0.6874354025747773,0.01601753035080369,0.04275870877620589,0.00032436672713545133
2020-03-03 00:00:00+00:00,273.6745300292969,-0.02905037901898797,-8.141224663652386,0.6874354024955367,0.018598340800534637,-0.02889655949978821,0.00022149876851323456
2020-03-04 00:00:00+00:00,285.17791748046875,0.041173703622616006,-8.531215513378035,0.6874354024194346,0.01530342940800026,0.041486646677149706,0.00029753859022675785
2020-03-05 00:00:00+00:00,275.6981811523437,-0.033806536543942986,-8.164042488736412,0.6874354023463473,0.018387359777085836,-0.03369679931281093,0.00020241454287083606
2020-03-06 00:00:00+00:00,271.1404724121094,-0.016669685841630394,-8.023391443917621,0.6874354022761556,0.0197270143325804,-0.016369740453704568,0.00029090736490647404
2020-03-09 00:00:00+00:00,249.9659118652344,-0.08131247894141932,-7.33803709290707,0.687435402208744,0.02778971971287084,-0.08093003308737827,0.00033426614816466993
2020-03-10 00:00:00+00:00,262.9003601074219,0.0504505454591246,-7.674187047521823,0.687435402144003,0.02349038481206628,0.051328212643212884,0.0006578116045036315
2020-03-11 00:00:00+00:00,250.08444213867188,-0.04997647209947867,-7.332655916188914,0.6874354020818266,0.027864591087647758,-0.04936261762024707,0.0004719511693295553
2020-03-12 00:00:00+00:00,226.1570587158203,-0.10056892140967169,-6.742445766736667,0.6874354020221125,0.03742959946185021,-0.09968666468088179,0.0006613174668880772
2020-03-13 00:00:00+00:00,245.4903564453125,0.08202795720491696,-7.152791028107128,0.6874354019647642,0.03048665936853663,0.08349542278721127,0.0011846862807781667
2020-03-16 00:00:00+00:00,218.62789916992188,-0.11588647100449564,-6.531712087198473,0.6874354019096875,0.04158870685669389,-0.11484357619206452,0.000789896085804989
2020-03-17 00:00:00+00:00,230.43209838867188,0.05258504086450222,-6.786384009824463,0.6874354018567927,0.03661627081113095,0.0543063677808545,0.0014588333526800244
2020-03-18 00:00:00+00:00,218.76466369628903,-0.05195967801000784,-6.5773143617392495,0.6874354018059922,0.04065116615727845,-0.05054189510395219,0.0011343690225231338
2020-03-19 00:00:00+00:00,219.22952270507807,0.0021226728471118957,-6.623307187239666,0.6874354017572047,0.03972700211732432,0.003786802907525851,0.0013945780732600157
2020-03-20 00:00:00+00:00,209.7819976806641,-0.04405034464894414,-6.4695030551426,0.6874354017103496,0.042902632025366746,-0.04244261114525845,0.0013326387563269756
2020-03-23 00:00:00+00:00,204.4182586669922,-0.025900702772958157,-6.404389500392131,0.6874354016653503,0.0443223894245352,-0.024099243216673696,0.0015512887503229707
2020-03-24 00:00:00+00:00,222.939208984375,0.08673094638883456,-6.7799254714750115,0.6874354016221339,0.036734705730875054,0.08861895932388764,0.0016543431941899956
2020-03-25 00:00:00+00:00,226.2766265869141,0.014859133382244698,-6.8834237036945165,0.6874354015806291,0.03488206681604597,0.01628415178925277,0.001141629012038775
2020-03-26 00:00:00+00:00,239.4888916015625,0.056748771925930724,-7.194744329051121,0.6874354015407683,0.029853812082741207,0.05806057449962806,0.001030683789852551
2020-03-27 00:00:00+00:00,232.35557556152344,-0.030238182519041243,-7.049829952051616,0.6874354015024869,0.03209722982559975,-0.029234042360324206,0.0007578311946458252
2020-03-30 00:00:00+00:00,239.90147399902344,0.03195946241506416,-7.250497638915868,0.6874354014657215,0.029033080440080364,0.03310094236983999,0.0008744582494367334
2020-03-31 00:00:00+00:00,236.32565307617188,-0.015017574275540275,-7.189512479178481,0.687435401430412,0.0299320096486891,-0.014063709521595146,0.0007172242244043465
2020-04-01 00:00:00+00:00,225.68988037109372,-0.046048893592339116,-6.9548299523957935,0.6874354013965019,0.033658638116893805,-0.04503996418839331,0.0007617577504452812
2020-04-02 00:00:00+00:00,230.8977203369141,0.02281299718475756,-7.102540389038551,0.6874354013639353,0.0312623503602015,0.024049995266805773,0.0009604903067232255
2020-04-03 00:00:00+00:00,227.56028747558597,-0.01455964018892088,-7.052447675149136,0.6874354013326583,0.032055246476167795,-0.013469256565645621,0.0008300932988977585
2020-04-06 00:00:00+00:00,242.8446350097656,0.06500667358428787,-7.429670078924138,0.6874354013026199,0.026545219226696788,0.06614558446348102,0.0008722000476030176
2020-04-07 00:00:00+00:00,243.0922088623047,0.0010189549406751084,-7.460970916154612,0.6874354012737715,0.026133009474760965,0.0018203129711499113,0.0006008859281175387
2020-04-08 00:00:00+00:00,251.2523956298828,0.03301716247074976,-7.700858677557611,0.6874354012460657,0.02317920094000558,0.033793235457205015,0.0005825917554670864
2020-04-09 00:00:00+00:00,255.0758056640625,0.015102783921176793,-7.832542012113567,0.6874354012194573,0.021702201306076405,0.015697522043835142,0.00045967961397616315
2020-04-13 00:00:00+00:00,252.74693298339844,-0.0091720548533153,-7.779210673491348,0.6874354011939036,0.022288689832037033,-0.008668093905074692,0.00040361250001638466
2020-04-14 00:00:00+00:00,260.201171875,0.029066346574385265,-8.02077511740132,0.687435401169362,0.019752837371885355,0.029606362175529314,0.0004254447206701821
2020-04-15 00:00:00+00:00,254.67237854003903,-0.021477140746349314,-7.851541030120321,0.6874354011457922,0.021497017166462046,-0.021093105309839662,0.0003351311299914539
2020-04-16 00:00:00+00:00,255.90103149414065,0.004812844937125183,-7.907989526569819,0.6874354011231565,0.020898762377662517,0.0053041893007361104,0.0003961085783394252
2020-04-17 00:00:00+00:00,262.81427001953125,0.02665681105222438,-8.142519764154216,0.6874354011014174,0.018586301335542645,0.027111360825512913,0.00037462649761822275
2020-04-20 00:00:00+00:00,258.1839904785156,-0.017775112911659088,-7.993735855144179,0.6874354010805397,0.020021701825542793,-0.017462911510007006,0.00029715819912339627
2020-04-21 00:00:00+00:00,250.34469604492188,-0.030833719754886704,-7.747891744311224,0.6874354010604885,0.02264046590484353,-0.0304331353976087,0.0003442027243201834
2020-04-22 00:00:00+00:00,255.90103149414065,0.02195202161432132,-7.932998882930176,0.6874354010412312,0.02063905722831059,0.02251365723149641,0.0004388121048245023
2020-04-23 00:00:00+00:00,255.8827209472656,-7.155579596081306e-05,-7.949471701187831,0.687435401022737,0.02046976365152791,0.00036701729191889533,0.0003654851752601061
2020-04-24 00:00:00+00:00,259.44927978515625,0.013842011670450764,-8.081329959868253,0.6874354010049758,0.01916373563737086,0.01427016874160596,0.0003595862828382415
2020-04-27 00:00:00+00:00,263.1902160644531,0.014315795872185521,-8.223048686244406,0.6874354009879174,0.017852800041317656,0.014663561734208833,0.0003156730017129941
2020-04-28 00:00:00+00:00,261.9798583984375,-0.00460940128871403,-8.19163653610843,0.6874354009715355,0.018135411003865773,-0.00434239611778479,0.0002744364143230358
2020-04-29 00:00:00+00:00,268.8382568359375,0.025842298596158466,-8.446677423614279,0.6874354009558019,0.015964156529511265,0.026126720074991845,0.00028308521493243565
2020-04-30 00:00:00+00:00,266.33514404296875,-0.009354467325764879,-8.356051975146643,0.6874354009406917,0.016704175473538065,-0.009203941791340079,0.0002200430115671105
2020-05-01 00:00:00+00:00,259.2843322753906,-0.02683018817244231,-8.093718091272912,0.6874354009261803,0.01904540106394362,-0.02663400390327865,0.00024064943990223867
2020-05-04 00:00:00+00:00,259.9994506835937,0.0027542506958179646,-8.132824014327623,0.6874354009122439,0.018676624159056358,0.0030947293534101927,0.0003118337188801618
2020-05-05 00:00:00+00:00,262.40167236328125,0.009196912127412932,-8.230410810591932,0.6874354008988596,0.0177872035805871,0.009514677436003349,0.0003000178419866384
2020-05-06 00:00:00+00:00,260.6229858398437,-0.006801566054542883,-8.177786450479994,0.6874354008860052,0.018261435359719143,-0.006538603839788584,0.0002724479031046208
2020-05-07 00:00:00+00:00,263.7678527832031,0.011994506446318554,-8.302559182627517,0.6874354008736595,0.017156980426898897,0.012286693285670273,0.0002869846808911301
2020-05-08 00:00:00+00:00,268.1322326660156,0.016410893519534557,-8.476102377399869,0.6874354008618031,0.01573100357958254,0.01663500333125669,0.00025370711566089063
2020-05-11 00:00:00+00:00,268.1871643066406,0.0002048467429190601,-8.486590076254588,0.6874354008504163,0.015648728473115617,0.0003409815745773916,0.0002137394135500042
2020-05-12 00:00:00+00:00,262.84185791015625,-0.020132560437384994,-8.276516479548373,0.6874354008394805,0.017381848365266593,-0.020001504422771477,0.00021153659588890854
2020-05-13 00:00:00+00:00,258.19317626953125,-0.017844500619653935,-8.113767995351173,0.6874354008289785,0.01885542566962559,-0.017606526036156298,0.0002603182811592614
2020-05-14 00:00:00+00:00,261.2830505371094,0.011896254527866763,-8.235209101933098,0.6874354008188917,0.017744580637716258,0.012225033083137658,0.00030571862373225125
2020-05-15 00:00:00+00:00,262.4842224121094,0.004586670618211323,-8.29135803328649,0.687435400809205,0.017253338956463134,0.00484700572336088,0.0002711596457780001
2020-05-18 00:00:00+00:00,270.4793701171875,0.03000485450906131,-8.597965078190494,0.6874354007999016,0.014801109808017278,0.03023490580706871,0.0002565297938649397
2020-05-19 00:00:00+00:00,267.7012023925781,-0.010324387554065633,-8.48597634737413,0.6874354007909667,0.015653531248165254,-0.01024567409550235,0.00018949899736353545
2020-05-20 00:00:00+00:00,272.2490234375,0.016845732716644378,-8.676592797341629,0.6874354007823856,0.014230510770930304,0.01697708521403612,0.00021166487473845392
2020-05-21 00:00:00+00:00,270.3693542480469,-0.006928171935765977,-8.59900449082923,0.6874354007741451,0.014793419576172884,-0.0068847148939425356,0.00017533819413995865
2020-05-22 00:00:00+00:00,270.88287353515625,0.0018975236122126128,-8.62694829289057,0.6874354007662304,0.014588164621931106,0.0019757620153005116,0.00018930453600394636
2020-05-26 00:00:00+00:00,274.2203369140625,0.012245406077976927,-8.774907864562138,0.6874354007586293,0.013547889405964752,0.012310963965717125,0.00018415073250965697
2020-05-27 00:00:00+00:00,278.3004455566406,0.014769336969968783,-8.962634460401059,0.6874354007513297,0.012334096172349887,0.014770593147591864,0.00015911110662313312
2020-05-28 00:00:00+00:00,277.7870178222656,-0.001846572397611924,-8.937173965147965,0.6874354007443193,0.012492115952286028,-0.0019204201742919706,0.00013218066907867205
2020-05-29 00:00:00+00:00,279.02471923828125,0.004445680190042527,-8.997671195069637,0.6874354007375859,0.012119904566263707,0.004381614884822387,0.00013554709223208744
2020-06-01 00:00:00+00:00,280.152587890625,0.004034034169443791,-9.05316505312854,0.6874354007311196,0.011788237090111583,0.003946924064600167,0.0001276843263963361
2020-06-02 00:00:00+00:00,282.4721069335937,0.008245397706996909,-9.169591663331987,0.6874354007249092,0.011121596764089458,0.00813774572661419,0.00012087357380797765
2020-06-03 00:00:00+00:00,286.2314147949219,0.013220817086539695,-9.366424655744531,0.687435400718945,0.010079184697623594,0.013071855059094981,0.00010774216204327722
2020-06-04 00:00:00+00:00,285.47955322265625,-0.002630217182376344,-9.314766654754711,0.6874354007132177,0.01034291119846819,-0.0028438363228607843,8.870469284448215e-05
2020-06-05 00:00:00+00:00,292.7963256835937,0.025306824015952616,-9.72095916826793,0.6874354007077166,0.00844188073713182,0.025109570296720212,9.334848730322697e-05
2020-06-08 00:00:00+00:00,296.3354187011719,0.012014750944246004,-9.94582126336174,0.6874354007024341,0.007544162401872921,0.011699406725663535,6.249645282464927e-05
2020-06-09 00:00:00+00:00,294.1257629394531,-0.007484543084379366,-9.759653398063808,0.6874354006973596,0.008280124504317206,-0.007855762057818214,5.0048621012565176e-05
2020-06-10 00:00:00+00:00,292.48455810546875,-0.005595568496948786,-9.630454700643023,0.6874354006924867,0.008832670058140726,-0.005920974963087555,6.015281954044654e-05
2020-06-11 00:00:00+00:00,275.6230773925781,-0.059377601746152656,-8.48551190517318,0.6874354006878075,0.015657166750319976,-0.05966864606149356,6.834090789061718e-05
2020-06-12 00:00:00+00:00,278.923828125,0.011904456341838773,-8.622573992611809,0.6874354006833127,0.014620106045677607,0.012036033263697617,0.00021176200206359574
2020-06-15 00:00:00+00:00,281.5277709960937,0.009292369268934945,-8.73607600038607,0.6874354006789966,0.013813504545009445,0.009359900619157943,0.0001849481430648035
2020-06-16 00:00:00+00:00,286.9465637207031,0.019064912956676942,-8.97362802243361,0.6874354006748511,0.01226648434049475,0.019082592951127565,0.00016533276138126296
2020-06-17 00:00:00+00:00,285.754638671875,-0.004162473432245674,-8.9159096395628,0.6874354006708703,0.012625642744040681,-0.0042405072959603805,0.0001307530518113836
2020-06-18 00:00:00+00:00,285.8647155761719,0.0003851405829402725,-8.921759929356467,0.6874354006670471,0.012588764872447002,0.0003293402917000768,0.00013842430656310588
2020-06-19 00:00:00+00:00,284.2309875488281,-0.0057314324266031875,-8.845341983142752,0.687435400663375,0.013079076145985283,-0.005789515269554269,0.00013762668511504988
2020-06-22 00:00:00+00:00,286.0543518066406,0.006394590024360468,-8.930015434578253,0.6874354006598484,0.012536908663794494,0.00636684835748774,0.00014841748552349402
2020-06-23 00:00:00+00:00,287.37127685546875,0.00459319325231573,-8.992418175268014,0.6874354006564619,0.012151779457014681,0.004531900636907334,0.00013650895207748787
2020-06-24 00:00:00+00:00,280.04083251953125,-0.025839604334647697,-8.632241580124205,0.6874354006532095,0.014549605996924625,-0.0259247406280258,0.00012834858195013535
2020-06-25 00:00:00+00:00,283.0429992675781,0.01066340401230245,-8.762060107747757,0.6874354006500858,0.013635199534576958,0.01072657953139175,0.00018319039174592816
2020-06-26 00:00:00+00:00,276.3202819824219,-0.02403819208611644,-8.466991740566247,0.6874354006470856,0.015802826774040813,-0.024031536819182256,0.0001611432194871593
2020-06-29 00:00:00+00:00,280.38153076171875,0.01459065063206206,-8.632019559741124,0.6874354006442044,0.014551221241109432,0.014731218822088301,0.00021567160577517505
2020-06-30 00:00:00+00:00,283.9730529785156,0.012728064258807912,-8.785869285929676,0.6874354006414372,0.013473840449368769,0.012791339578311373,0.00018323057124322405
2020-07-01 00:00:00+00:00,285.9621887207031,0.006980245028452339,-8.876549529369743,0.6874354006387795,0.012876577191747014,0.0069769218289061335,0.00015739762415352084
2020-07-02 00:00:00+00:00,287.5370178222656,0.0054920147820820275,-8.950097822061904,0.6874354006362269,0.01241165304531945,0.005451743899689273,0.00014391212670406188
2020-07-06 00:00:00+00:00,291.97576904296875,0.015319206503951016,-9.158898796076196,0.687435400633776,0.011181216878373004,0.015250160201748382,0.00013382770166581453
2020-07-07 00:00:00+00:00,288.9644470214844,-0.01036715623760391,-8.998579573728149,0.6874354006314215,0.012114401084683224,-0.01051242254858409,0.00010888619036432839
2020-07-08 00:00:00+00:00,291.1747131347656,0.007619815931658771,-9.104121807429529,0.6874354006291604,0.011491685804154578,0.007532365024406833,0.00012756980911693565
2020-07-09 00:00:00+00:00,289.5169982910156,-0.005709464469046944,-9.017468946180646,0.6874354006269892,0.01200052298558233,-0.00583548937342896,0.00011494008166542724
2020-07-10 00:00:00+00:00,292.4731140136719,0.010158733224752229,-9.159428927513439,0.6874354006249042,0.01117825351383421,0.010064230004648756,0.0001252116049055807
2020-07-13 00:00:00+00:00,289.9405212402344,-0.008696941772022748,-9.024293844006513,0.6874354006229016,0.011959641606439645,-0.008842391769592855,0.0001088291865398611
2020-07-14 00:00:00+00:00,293.697998046875,0.012876219088341431,-9.20502046950071,0.6874354006209783,0.010926319036601614,0.01277918394203531,0.0001243703279473043
2020-07-15 00:00:00+00:00,296.3962097167969,0.009145083748519097,-9.341755483868232,0.6874354006191312,0.010204277163239142,0.008984015193158522,0.00010403683600757376
2020-07-16 00:00:00+00:00,295.42010498046875,-0.0032986776376131097,-9.280052237650517,0.6874354006173574,0.010524002336917625,-0.0035045335812988973,9.089278014003868e-05
2020-07-17 00:00:00+00:00,296.2765808105469,0.0028949847069211767,-9.320483282992797,0.6874354006156536,0.010313390119588765,0.0027089655511876917,9.660494783413525e-05
2020-07-20 00:00:00+00:00,298.6708984375,0.008048880402629867,-9.445399070213918,0.6874354006140176,0.00968894135798034,0.007849795022855679,9.282285388935698e-05
2020-07-21 00:00:00+00:00,299.3062744140625,0.002125085185593437,-9.47320777875659,0.6874354006124463,0.009555155145681424,0.0018872400398540115,8.204790209837864e-05
2020-07-22 00:00:00+00:00,301.01007080078125,0.005676343731485466,-9.563633672718828,0.687435400610937,0.009132759257197552,0.005430190520214592,7.98248047328261e-05
2020-07-23 00:00:00+00:00,297.4183654785156,-0.012003936421333988,-9.33069458083093,0.687435400609487,0.010260867764911023,-0.012276329658644523,7.300392267047998e-05
2020-07-24 00:00:00+00:00,295.5029296875,-0.006461034440638551,-9.21750302027826,0.6874354006080949,0.01085833723773249,-0.006663378773233126,9.189129830453435e-05
2020-07-27 00:00:00+00:00,297.6578674316406,0.007265979934380192,-9.325661362099636,0.6874354006067578,0.010286722880792014,0.007100696130129874,0.00010276193304628317
2020-07-28 00:00:00+00:00,295.7699584960937,-0.006362746141373884,-9.214441712598898,0.6874354006054743,0.010874970319812417,-0.006563486167808172,9.234929418580264e-05
2020-07-29 00:00:00+00:00,299.4076232910156,0.012223948625105367,-9.399458935695284,0.687435400604241,0.009914072735434648,0.01205969619398906,0.0001030731457963998
2020-07-30 00:00:00+00:00,298.3392944335937,-0.00357452280644306,-9.330377098676502,0.6874354006030564,0.01026249671539218,-0.003798390545249667,8.585691319284448e-05
2020-07-31 00:00:00+00:00,300.6968994140625,0.007871367965617382,-9.452830872854202,0.6874354006019187,0.009653005017281247,0.0076691247106185426,9.192012024010889e-05
2020-08-03 00:00:00+00:00,302.78741455078125,0.006928178414375548,-9.564515631374475,0.6874354006008261,0.009128732787007907,0.0066881017760098286,8.144779345481686e-05
2020-08-04 00:00:00+00:00,303.9568786621094,0.0038548877100665116,-9.624140650144762,0.6874354005997764,0.008860599083551262,0.003582244270578345,7.294035056448463e-05
2020-08-05 00:00:00+00:00,305.8447265625,0.006191698793297144,-9.729111523517973,0.6874354005987694,0.008407540168320406,0.005902390639388127,6.876847585999632e-05
2020-08-06 00:00:00+00:00,307.88922119140625,0.0066625031876767936,-9.847630174752371,0.6874354005978015,0.007923789920463645,0.006345022969815111,6.19952051835517e-05
2020-08-07 00:00:00+00:00,308.1101989746094,0.0007174610411893813,-9.845535786951244,0.6874354005968728,0.007932092011127458,0.00036987979651001353,5.5146120252289785e-05
2020-08-10 00:00:00+00:00,309.0311889648437,0.002984699104442628,-9.891541992826754,0.6874354005959801,0.00775171188719492,0.0026376346372207933,5.526032461946767e-05
2020-08-11 00:00:00+00:00,306.4801940917969,-0.008289073279732004,-9.693496862235113,0.687435400595123,0.008558596983634746,-0.008647367308167774,5.280527377700932e-05
2020-08-12 00:00:00+00:00,310.7532653808594,0.013846104713809683,-9.951715953841777,0.6874354005942999,0.007521959885938323,0.013538019508854944,6.421498445627302e-05
2020-08-13 00:00:00+00:00,310.1915283203125,-0.0018092984094081796,-9.89174565855938,0.6874354005935093,0.007750922548343222,-0.0021819002783799468,4.975805106492436e-05
2020-08-14 00:00:00+00:00,310.2007751464844,2.980960956765005e-05,-9.874134933495109,0.687435400592751,0.007819473596834601,-0.00032853356610600246,5.279465161514722e-05
2020-08-17 00:00:00+00:00,311.1861267089844,0.0031714617268576036,-9.924452767285208,0.6874354005920218,0.007625198236717321,0.0028173865728256184,5.3721078985481725e-05
2020-08-18 00:00:00+00:00,311.8583374023437,0.0021578265851313013,-9.95306740665808,0.6874354005913216,0.007516878815899473,0.0017916545510131084,5.111624639809818e-05
2020-08-19 00:00:00+00:00,310.5599060058594,-0.004172221151177344,-9.84020727523073,0.6874354005906486,0.00795325331078697,-0.004545139504310488,4.969167129551494e-05
2020-08-20 00:00:00+00:00,311.5268249511719,0.003108633172370218,-9.88878031367505,0.6874354005900027,0.007762423151310324,0.0027628858956102315,5.555194920228123e-05
2020-08-21 00:00:00+00:00,312.63189697265625,0.003541000509476531,-9.947286570570533,0.6874354005893826,0.007538637168278769,0.0031833733990259505,5.29495199686756e-05
2020-08-24 00:00:00+00:00,315.79986572265625,0.010082226181699195,-10.152630199725483,0.6874354005887877,0.006803040225101893,0.009710663070795733,4.99762327959713e-05
2020-08-25 00:00:00+00:00,316.90509033203125,0.0034936528407435215,-10.214866797274636,0.6874354005882153,0.006594601141509354,0.0030762448406960094,4.080124928548097e-05
2020-08-26 00:00:00+00:00,320.0821533203125,0.009975362505686475,-10.443313909772597,0.6874354005876667,0.005882770057361173,0.009544953129690788,3.836848722377052e-05
2020-08-27 00:00:00+00:00,320.7820739746094,0.0021843033290798097,-10.474784953310104,0.6874354005871384,0.005790926102428671,0.001709454634186964,3.0617765512518645e-05
2020-08-28 00:00:00+00:00,322.8541564941406,0.006438698071783268,-10.62955312406492,0.6874354005866323,0.005359700743154273,0.005958110968853139,2.9680606896218675e-05
2020-08-31 00:00:00+00:00,321.6845092773437,-0.003629412982824382,-10.480860184616459,0.6874354005861452,0.005773362184374375,-0.004136958209653517,2.5472936433003347e-05
2020-09-01 00:00:00+00:00,324.71435546875,0.009374609226673974,-10.721235035492132,0.6874354005856781,0.005119553285449083,0.008892924604456096,2.9503026720607167e-05
2020-09-02 00:00:00+00:00,329.4110412597656,0.014360446873722848,-11.15278334368411,0.68743540058523,0.004125936532557932,0.013837877425015379,2.3267435910937977e-05
2020-09-03 00:00:00+00:00,318.0746154785156,-0.035020341362807475,-9.687077556416012,0.687435400584799,0.008586111241321803,-0.03560517057143686,1.519215090855682e-05
2020-09-04 00:00:00+00:00,315.4775085449219,-0.008198603974635663,-9.512338087313582,0.6874354005843849,0.009370024026098156,-0.008504978143248014,6.462345751420513e-05
2020-09-08 00:00:00+00:00,306.8578186035156,-0.0277028824274572,-9.003599417579926,0.6874354005839878,0.012084033010400274,-0.027960534549228235,7.679826567776689e-05
2020-09-09 00:00:00+00:00,312.9173889160156,0.01955471380399264,-9.276279676513282,0.6874354005836062,0.010543872292249191,0.019465382323498263,0.000126938818112292
2020-09-10 00:00:00+00:00,307.4839782714844,-0.017516239821003917,-8.989984902612216,0.6874354005832399,0.012166572750443755,-0.017701026425525276,9.696561485931093e-05
2020-09-11 00:00:00+00:00,307.6405639648437,0.0005091186775683531,-8.996422447965145,0.6874354005828871,0.012127474276813805,0.0004248984182899988,0.00012865744447319307
2020-09-14 00:00:00+00:00,311.6925964355469,0.013085332894732234,-9.178080376900157,0.6874354005825486,0.011074492773001656,0.01299869154018011,0.00012784192098355365
2020-09-15 00:00:00+00:00,313.2673645019531,0.005039591326686005,-9.250846471287504,0.687435400582224,0.010678810686734177,0.004887709257931022,0.00010684252072189261
2020-09-16 00:00:00+00:00,312.024169921875,-0.00397637309864416,-9.182551020759494,0.6874354005819122,0.011049765363601785,-0.0041527901010972226,9.943248839134755e-05
2020-09-17 00:00:00+00:00,309.27984619140625,-0.00883413435923622,-9.043380685882848,0.6874354005816127,0.011846048607301587,-0.00898754937486824,0.00010637174185140957
2020-09-18 00:00:00+00:00,305.7192077636719,-0.011579459155575155,-8.87657021713325,0.6874354005813247,0.012876443998551554,-0.011683530068220559,0.0001220474595443398
2020-09-21 00:00:00+00:00,302.3166198730469,-0.011192180640124755,-8.730906902027167,0.6874354005810487,0.013849252402826228,-0.011232459764366456,0.00014390918588812895
2020-09-22 00:00:00+00:00,305.3955078125,0.010132805131092586,-8.85874101401034,0.6874354005807828,0.012991745536376132,0.010152695231452976,0.00016617910020975051
2020-09-23 00:00:00+00:00,298.3131103515625,-0.02346404270542946,-8.554857114242122,0.6874354005805275,0.015123595603333172,-0.023497187485310895,0.00014646607362422698
2020-09-24 00:00:00+00:00,299.1082458496094,0.002661893349808891,-8.591648258981785,0.6874354005802832,0.014847931677381195,0.0027605253124824707,0.00019774237099175077
2020-09-25 00:00:00+00:00,303.94390869140625,0.016037639370593996,-8.781036179591263,0.6874354005800484,0.013506440074603979,0.016119245132782387,0.00019068510015079755
2020-09-28 00:00:00+00:00,308.9922790527344,0.016473116202750878,-8.99056932969036,0.6874354005798232,0.012163018032550418,0.0164718090853275,0.0001581508460662746
2020-09-29 00:00:00+00:00,307.3095092773437,-0.005460876437809479,-8.914016141663945,0.6874354005796058,0.012637601718080137,-0.0055453168119957135,0.00012858319365608933
2020-09-30 00:00:00+00:00,309.6395263671875,0.007553389447819046,-9.015836299888326,0.6874354005793976,0.012010323289753403,0.007498329338429653,0.00013868345269368954
2020-10-01 00:00:00+00:00,311.6273498535156,0.006399279749124639,-9.104798344989286,0.6874354005791978,0.011487799182945466,0.006305383480321236,0.0001254136965071554
2020-10-02 00:00:00+00:00,308.66864013671875,-0.009539742971230194,-8.96177458563533,0.6874354005790055,0.012339400201230933,-0.009666008710533025,0.00011486329608954217
2020-10-05 00:00:00+00:00,314.142333984375,0.017577836656795187,-9.202524721470793,0.6874354005788211,0.010939962216863568,0.017504317259376637,0.00013229298696900587
2020-10-06 00:00:00+00:00,309.676513671875,-0.014317927780644744,-8.977007575709615,0.6874354005786439,0.012245774224341465,-0.014478150421765866,0.00010429362987219638
2020-10-07 00:00:00+00:00,315.0668640136719,0.01725663464504424,-9.214868170831439,0.6874354005784741,0.010872651706671657,0.017177318488648632,0.00013031729139697878
2020-10-08 00:00:00+00:00,317.8591613769531,0.008823512913954654,-9.347114638902951,0.6874354005783104,0.010176970612867573,0.008659116712967629,0.0001030297355849709
2020-10-09 00:00:00+00:00,320.6976928710937,0.008890516708097526,-9.487216239964498,0.6874354005781536,0.00948846247362849,0.008682966228678583,9.041289417956949e-05
2020-10-12 00:00:00+00:00,325.8569641113281,0.015959612056137943,-9.760733753895074,0.687435400578002,0.008275652971618112,0.015709316729348624,7.872785086448436e-05
2020-10-13 00:00:00+00:00,323.7303466796875,-0.006547618753878436,-9.612093693778402,0.6874354005778571,0.008914131773434104,-0.006873303411167009,6.008866130115695e-05
2020-10-14 00:00:00+00:00,321.6961975097656,-0.006303291747794099,-9.480528403824229,0.6874354005777175,0.009520244222919487,-0.006589272317745678,6.959169344425516e-05
2020-10-15 00:00:00+00:00,321.2986755371094,-0.0012364702736082692,-9.448779650502004,0.6874354005775845,0.009672578069101538,-0.001484791671006088,7.924965876337412e-05
2020-10-16 00:00:00+00:00,321.1045837402344,-0.0006042678021254858,-9.429011900292886,0.6874354005774563,0.009768654644963603,-0.0008431290253602705,8.17743782743978e-05
2020-10-19 00:00:00+00:00,316.2225646972656,-0.01532059177793844,-9.15571959316714,0.6874354005773337,0.011199004690928101,-0.015553487430812077,8.338681544250068e-05
2020-10-20 00:00:00+00:00,317.48931884765625,0.0039978920089990475,-9.212346664090347,0.6874354005772148,0.010886368083623293,0.0038537282777260603,0.0001092286697899663
2020-10-21 00:00:00+00:00,316.8883361816406,-0.0018947163130433352,-9.178241785515533,0.6874354005771006,0.011073599049786009,-0.0020582620103021462,0.00010328667161926682
2020-10-22 00:00:00+00:00,318.62664794921875,0.005470574718817086,-9.257583440696488,0.6874354005769917,0.010642899792870938,0.005318637245463732,0.00010682548747058654
2020-10-23 00:00:00+00:00,319.7084045410156,0.00338930980877846,-9.30576619745917,0.6874354005768872,0.01038956155346979,0.0032106655471722304,9.877299570967924e-05
2020-10-26 00:00:00+00:00,313.8002014160156,-0.0186528623968744,-8.99633917585559,0.6874354005767871,0.012127979227499867,-0.018847221785145963,9.418210163740395e-05
2020-10-27 00:00:00+00:00,312.7183837890625,-0.003453428925051515,-8.947448201627887,0.6874354005766901,0.01242810702678624,-0.0035400390109287436,0.00012785243701928095
2020-10-28 00:00:00+00:00,302.0299987792969,-0.0347767070868977,-8.47436928999041,0.6874354005765975,0.01574464108903806,-0.034844734785492305,0.00013417842081029895
2020-10-29 00:00:00+00:00,305.0996398925781,0.010112065280952333,-8.591602894659262,0.6874354005765081,0.014848268464374408,0.010249041920481297,0.0002141056303027004
2020-10-30 00:00:00+00:00,301.9190979003906,-0.010479317689350377,-8.478324822757571,0.6874354005764226,0.015713532639932935,-0.010397691123393657,0.00019069364495775653
2020-11-02 00:00:00+00:00,305.3031616210937,0.011146161732505856,-8.606866153068854,0.6874354005763407,0.01473538328193376,0.011281218115626051,0.00021327070764155787
2020-11-03 00:00:00+00:00,310.6935119628906,0.017501678709912493,-8.81421314043113,0.687435400576262,0.013284236860137045,0.01757633188838602,0.00018784016355755258
2020-11-04 00:00:00+00:00,317.63720703125,0.022102938931652213,-9.09830284147436,0.6874354005761857,0.011525169354599215,0.022087888754687795,0.00015305199151539382
2020-11-05 00:00:00+00:00,323.8321228027344,0.01931536890038298,-9.37884943223628,0.6874354005761123,0.010016762983619167,0.019191418766795417,0.00011560264498202609
2020-11-06 00:00:00+00:00,323.7581481933594,-0.0002284611520891764,-9.367122637578749,0.6874354005760426,0.010075667767256317,-0.00044595460275104204,8.762267555369397e-05
2020-11-09 00:00:00+00:00,327.8263244628906,0.01248718869966212,-9.568515541507294,0.6874354005759757,0.009110493976072805,0.012273351282704539,8.864355609432087e-05
2020-11-10 00:00:00+00:00,327.3456115722656,-0.0014674406837303807,-9.529782460641261,0.6874354005759112,0.009288652312995952,-0.001741217487685813,7.265272880281062e-05
2020-11-11 00:00:00+00:00,329.7772521972656,0.007400904330553556,-9.653217144403742,0.68743540057585,0.008732713373851337,0.007138197153536858,7.548627189502977e-05
2020-11-12 00:00:00+00:00,326.57818603515625,-0.00974804597682553,-9.45195678567711,0.6874354005757903,0.009657224723233269,-0.010045304484371582,6.682145338409928e-05
2020-11-13 00:00:00+00:00,331.09942626953125,0.013749324519014254,-9.682684915839781,0.6874354005757328,0.008604989815736487,0.013509509911541867,8.151814650144582e-05
2020-11-16 00:00:00+00:00,335.23248291015625,0.012405558218866328,-9.911491022311044,0.6874354005756778,0.007674776656339018,0.012100358018338147,6.490446619285674e-05
2020-11-17 00:00:00+00:00,333.429443359375,-0.005392991136367724,-9.774678820669815,0.6874354005756251,0.008218151403728625,-0.005756075733202759,5.177491498292387e-05
2020-11-18 00:00:00+00:00,329.4166259765625,-0.012107988846038545,-9.51098744255597,0.6874354005755741,0.009376353950131713,-0.012437251059781499,5.926663301763528e-05
2020-11-19 00:00:00+00:00,330.80352783203125,0.0042013376523334445,-9.576045064891801,0.6874354005755261,0.009076259619884876,0.003944078741913879,7.69007939465915e-05
2020-11-20 00:00:00+00:00,328.53826904296875,-0.006871300174195614,-9.436761594338735,0.6874354005754802,0.009730875843399517,-0.007147204384865035,7.211437632569906e-05
2020-11-23 00:00:00+00:00,330.5076904296875,0.005976600632107518,-9.531315357059778,0.6874354005754356,0.009281535769643013,0.005741359310240088,8.275092532148443e-05
2020-11-24 00:00:00+00:00,335.8334045410156,0.01598528908827627,-9.81067152388038,0.6874354005753918,0.008071577515009733,0.015722139784549234,7.53720594661475e-05
2020-11-25 00:00:00+00:00,335.3156433105469,-0.0015429101325261116,-9.76197000083334,0.6874354005753508,0.008270539176932292,-0.0018812930750283128,5.719654551940747e-05
2020-11-27 00:00:00+00:00,336.2494506835937,0.0027809902069939984,-9.80301988436212,0.6874354005753114,0.008102517062581908,0.002454987398729693,6.001532922958181e-05
2020-11-30 00:00:00+00:00,334.76092529296875,-0.004436676050343702,-9.694518243590512,0.6874354005752741,0.008554227303792142,-0.004773133576656171,5.763048374065832e-05
2020-12-01 00:00:00+00:00,338.4223327636719,0.010877999509367239,-9.894444373419153,0.6874354005752366,0.007740470836529788,0.010569642559810263,6.41502304590076e-05
2020-12-02 00:00:00+00:00,339.1342468261719,0.0021014166076356987,-9.921775173235648,0.6874354005752008,0.007635413666081349,0.0017424226628804643,5.265410204054664e-05
2020-12-03 00:00:00+00:00,339.0418395996094,-0.00027251691406992554,-9.896876528994131,0.6874354005751667,0.007731063543040364,-0.0006380527744308795,5.1251621713398355e-05
2020-12-04 00:00:00+00:00,341.9635314941406,0.008580577906264006,-10.065115767894548,0.6874354005751344,0.00710733123842284,0.0082209982132794,5.252775551015672e-05
2020-12-07 00:00:00+00:00,341.2608947753906,-0.0020568262475543562,-9.994491524707948,0.6874354005751037,0.007362790034630861,-0.0024552628106052484,4.4485261264444797e-05
2020-12-08 00:00:00+00:00,342.25946044921875,0.002921833641385835,-10.040703540900003,0.6874354005750731,0.0071946157488003305,0.002539316324039716,4.769942387552052e-05
2020-12-09 00:00:00+00:00,339.18975830078125,-0.009009395939484584,-9.808867892586733,0.6874354005750439,0.008078859873085653,-0.009402392481397771,4.557101588580449e-05
2020-12-10 00:00:00+00:00,339.0787353515625,-0.00032737168613700406,-9.78554322259662,0.6874354005750167,0.008173629788417664,-0.000665301428062904,5.729853745277916e-05
2020-12-11 00:00:00+00:00,338.68115234375,-0.0011732268628916764,-9.745372550876356,0.6874354005749911,0.008339459687627783,-0.001505259273540549,5.863400394164892e-05
2020-12-14 00:00:00+00:00,337.164794921875,-0.004487294693216222,-9.63963303108787,0.6874354005749657,0.008792228343590938,-0.004809009864063762,6.100737068095068e-05
2020-12-15 00:00:00+00:00,341.7231750488281,0.013429163084800631,-9.883812398098257,0.6874354005749417,0.007781728649834603,0.01313560465857564,6.772411613699888e-05
2020-12-16 00:00:00+00:00,342.25946044921875,0.0015681260969288154,-9.899607248970062,0.687435400574918,0.007720515061090346,0.0012117009809410359,5.3209993498934235e-05
2020-12-17 00:00:00+00:00,344.1732788085937,0.0055761423045247675,-10.002613039254049,0.6874354005748958,0.007332952154643273,0.005215905796478007,5.238626029426707e-05
2020-12-18 00:00:00+00:00,342.799072265625,-0.004000767640205809,-9.89029611716524,0.6874354005748735,0.007756542226106347,-0.004385143991063122,4.7318296061998874e-05
2020-12-21 00:00:00+00:00,341.573486328125,-0.0035816376103171396,-9.794430767812933,0.6874354005748532,0.008137388619649237,-0.00393963088481947,5.28702988125025e-05
2020-12-22 00:00:00+00:00,340.9977111816406,-0.0016870775829707124,-9.743344984041377,0.6874354005748328,0.008347918380486579,-0.0020213651056787104,5.812151112870603e-05
2020-12-23 00:00:00+00:00,341.3041687011719,0.0008983048388841995,-9.746308333438817,0.6874354005748139,0.008335558639853873,0.0005771158647666147,6.11296783805096e-05
2020-12-24 00:00:00+00:00,342.6319885253906,0.0038828814018900325,-9.809492338461384,0.6874354005747952,0.008076337861461011,0.003560923553220096,6.0951004593693366e-05
2020-12-28 00:00:00+00:00,345.57537841796875,0.008553839963969778,-9.971137986886701,0.6874354005747765,0.007449267538741822,0.00821575327109557,5.726320565457662e-05
2020-12-29 00:00:00+00:00,344.9161376953125,-0.0019094830496202495,-9.9080981814426,0.6874354005747594,0.007687807353931842,-0.0022866129498950232,4.8812554113593435e-05
2020-12-30 00:00:00+00:00,345.4082336425781,0.001425695082052484,-9.920669635545575,0.6874354005747424,0.0076396354516027375,0.0010634219159536995,5.1948723946638136e-05
2020-12-31 00:00:00+00:00,347.16314697265625,0.005067830219772078,-10.013309844707788,0.6874354005747271,0.0072938372676687084,0.004702557271329089,5.130762063389642e-05
2021-01-04 00:00:00+00:00,342.4369201660156,-0.013707367598366053,-9.676684947575158,0.6874354005747118,0.00863084340943675,-0.014094181121854354,4.682095748390244e-05
2021-01-05 00:00:00+00:00,344.7954406738281,0.006863849556092224,-9.79679597162912,0.6874354005746963,0.008127771016359477,0.0065602570156366585,6.529027529274865e-05
2021-01-06 00:00:00+00:00,346.856689453125,0.005960380346880264,-9.903912157585314,0.6874354005746828,0.007703914877167618,0.005625494346811972,5.798587993585176e-05
2021-01-07 00:00:00+00:00,352.0101928710937,0.014748436253757718,-10.207253137119306,0.6874354005746692,0.0066197535124994985,0.014387166091279631,5.216397045124086e-05
2021-01-08 00:00:00+00:00,354.0158386230469,0.005681521806897291,-10.326071374392194,0.6874354005746557,0.006237933869268098,0.005252681571893068,3.8658130606366605e-05
2021-01-11 00:00:00+00:00,351.6294860839844,-0.006763629128712709,-10.11628930060057,0.6874354005746436,0.006927784421269455,-0.00721629734624795,3.4377096387579314e-05
2021-01-12 00:00:00+00:00,351.70379638671875,0.00021130893379557922,-10.098255297678977,0.6874354005746317,0.006990534748245205,-0.00019832049152785768,4.2292493244389655e-05
2021-01-13 00:00:00+00:00,352.65087890625,0.0026892221306137856,-10.140101870822443,0.6874354005746197,0.006845789341790043,0.00228350492875603,4.305262818049855e-05
2021-01-14 00:00:00+00:00,351.4159851074219,-0.003507891446843307,-10.030387548611834,0.6874354005746095,0.007231821419956767,-0.003922633579515467,4.1309312755245076e-05
2021-01-15 00:00:00+00:00,348.8531494140625,-0.007319606160974131,-9.839101005522236,0.6874354005745992,0.007957653749287618,-0.007710284099119494,4.603775656713517e-05
2021-01-19 00:00:00+00:00,351.59234619140625,0.007821338728945864,-9.987267695481336,0.6874354005745892,0.007389431888638111,0.007475865353214459,5.561268699006868e-05
2021-01-20 00:00:00+00:00,356.4578857421875,0.0137437032529406,-10.279492478247276,0.6874354005745787,0.006384916838763123,0.013362845764585279,4.8041003795337176e-05
2021-01-21 00:00:00+00:00,356.7828674316406,0.0009112819493185287,-10.27656046120081,0.6874354005745704,0.0063942840457938965,0.00046778845899691016,3.5995731407112965e-05
2021-01-22 00:00:00+00:00,355.5201416015625,-0.003545477519574945,-10.156747402701576,0.6874354005745618,0.006789049881570914,-0.003988386393726193,3.610013318223639e-05
2021-01-25 00:00:00+00:00,356.92218017578125,0.003935870571654398,-10.230000807229152,0.6874354005745533,0.006544888088509134,0.003517590078772996,4.063565160141026e-05
2021-01-26 00:00:00+00:00,356.3650207519531,-0.0015622305753383483,-10.164219926439767,0.6874354005745447,0.006763731540799533,-0.001995741535912673,3.779917840084091e-05
2021-01-27 00:00:00+00:00,347.6552734375,-0.024744149499720643,-9.525907146290042,0.6874354005745363,0.009306667985262015,-0.025164008999765862,4.033681482639871e-05
2021-01-28 00:00:00+00:00,350.645263671875,0.008563672368569317,-9.670215656339874,0.6874354005745295,0.008658806329935388,0.008302084425697546,7.577578468088288e-05
2021-01-29 00:00:00+00:00,343.6254577636719,-0.02022278896549366,-9.263351693824594,0.6874354005745226,0.01061224854514227,-0.020524642747339974,6.570883257665779e-05
2021-02-01 00:00:00+00:00,349.3452453613281,0.016508396303207457,-9.520232191668379,0.6874354005745159,0.00933311294525362,0.01632785092267824,9.821180922480418e-05
2021-02-02 00:00:00+00:00,354.2850952148437,0.014041267776442304,-9.763122256158523,0.687435400574509,0.008265775662854918,0.013781322694200559,7.620174778786638e-05
2021-02-03 00:00:00+00:00,354.5636901855469,0.000786049128631968,-9.763568927467547,0.6874354005745021,0.008263929826565396,0.00045974995968031733,5.994705998064391e-05
2021-02-04 00:00:00+00:00,358.5935974121094,0.011301714758137156,-9.978127240269993,0.6874354005744954,0.007423280563403258,0.010975300750439503,5.9920616325915416e-05
2021-02-05 00:00:00+00:00,360.00494384765625,0.003928057654516864,-10.046936839558972,0.6874354005744902,0.0071722275606385276,0.0035493088858892575,4.847671957184842e-05
2021-02-08 00:00:00+00:00,362.60491943359375,0.00719610107134438,-10.193856106702148,0.687435400574485,0.006664244878765757,0.006801709259283876,4.529129064119186e-05
2021-02-09 00:00:00+00:00,362.3634338378906,-0.0006661962651050803,-10.152174522432087,0.6874354005744799,0.006804590397155885,-0.0010922610661601427,3.917310719288041e-05
2021-02-10 00:00:00+00:00,362.20550537109375,-0.0004359239287022542,-10.11745940935638,0.6874354005744748,0.006923732476084176,-0.0008532352552748875,4.081961847223586e-05
2021-02-11 00:00:00+00:00,362.79052734375,0.0016138628992005278,-10.133414990167353,0.6874354005744698,0.006868716135775494,0.0012039808370072208,4.224363927035597e-05
2021-02-12 00:00:00+00:00,364.5826721191406,0.004927727343244511,-10.230321792250665,0.6874354005744647,0.006543837767273717,0.004514414858984753,4.158307147793481e-05
2021-02-16 00:00:00+00:00,364.2669067382813,-0.0008664761832207044,-10.182366871091803,0.6874354005744596,0.006702638591572739,-0.0013000526761637096,3.778719556481722e-05
2021-02-17 00:00:00+00:00,364.35052490234375,0.00022952556663727942,-10.163470687437226,0.6874354005744544,0.0067662658412055415,-0.00019414436267694196,3.962020979671084e-05
2021-02-18 00:00:00+00:00,362.7998046875,-0.004265204876152733,-10.033443701762163,0.6874354005744494,0.007220779081966697,-0.004684906318418205,4.0366678555179e-05
2021-02-19 00:00:00+00:00,362.15911865234375,-0.0017675103549357337,-9.971002371196702,0.6874354005744459,0.007449772674646031,-0.0021588764204172263,4.589898667823273e-05
2021-02-22 00:00:00+00:00,359.37359619140625,-0.007721164244340961,-9.776866121107908,0.6874354005744425,0.008209168533598855,-0.008098262677669965,4.8819093423153756e-05
2021-02-23 00:00:00+00:00,359.8099670410156,0.00121351745359394,-9.785897792152898,0.6874354005744391,0.008172180856714003,0.0008836963279589428,5.9138721116656916e-05
2021-02-24 00:00:00+00:00,363.7748107910156,0.010959001772218716,-9.995488301980112,0.6874354005744358,0.007359121418021482,0.010626879203929388,5.86134717040269e-05
2021-02-25 00:00:00+00:00,355.0093994140625,-0.024390758172186618,-9.418086593191493,0.6874354005744323,0.009822163437879478,-0.0247735040558021,4.7652482175694294e-05
2021-02-26 00:00:00+00:00,353.1801147460937,-0.005166099468598995,-9.320758389329994,0.6874354005744289,0.010311971577610388,-0.005395672973860604,8.4291584837886e-05
2021-03-01 00:00:00+00:00,361.7413330078125,0.023951239832267414,-9.705880292151296,0.6874354005744255,0.008505768309470614,0.02375206643623378,9.279763314839486e-05
2021-03-02 00:00:00+00:00,358.91851806640625,-0.007834013158758247,-9.53647160507488,0.687435400574422,0.009257637638856557,-0.008145383822883653,6.343428261732557e-05
2021-03-03 00:00:00+00:00,354.1644592285156,-0.01333401420802754,-9.28281410465337,0.6874354005744188,0.010509479419364639,-0.013598648251920772,7.49891465626162e-05
2021-03-04 00:00:00+00:00,349.7817077636719,-0.01245211154165798,-9.076809991292087,0.6874354005744155,0.01164969160989737,-0.01263903158501936,9.634175673439912e-05
2021-03-05 00:00:00+00:00,356.21649169921875,0.018229400968098424,-9.33900878736427,0.6874354005744122,0.010218300816862879,0.018113166072468982,0.0001180831571856057
2021-03-08 00:00:00+00:00,354.4429626464844,-0.004991230958206667,-9.249487804204021,0.6874354005744098,0.010686067625671076,-0.005196216671356287,9.113971970733259e-05
2021-03-09 00:00:00+00:00,359.50347900390625,0.014176416642038288,-9.468001936458174,0.6874354005744067,0.00958005885818795,0.014000449717053394,9.956602309833493e-05
2021-03-10 00:00:00+00:00,361.7413330078125,0.006205552256513572,-9.56758469329097,0.6874354005744034,0.009114735206513624,0.005960945662008903,8.02363402393297e-05
2021-03-11 00:00:00+00:00,365.4090576171875,0.010088025149780631,-9.742464878906752,0.6874354005744017,0.008351592711791344,0.009814511899462275,7.271956193505667e-05
2021-03-12 00:00:00+00:00,365.9012145996094,0.0013459596437217307,-9.754459053148942,0.6874354005743999,0.008301657365669913,0.0010249992396657872,6.118284472410655e-05
2021-03-15 00:00:00+00:00,368.083251953125,0.005945749211914748,-9.859605753157185,0.6874354005743982,0.007876485701892777,0.00562168236174836,6.0462249772788706e-05
2021-03-16 00:00:00+00:00,367.6190185546875,-0.0012620144823847791,-9.815085336363442,0.6874354005743964,0.008053783941807604,-0.0016125403833572457,5.4497625242762915e-05
2021-03-17 00:00:00+00:00,368.8724670410156,0.0034038402916010194,-9.869541363638572,0.6874354005743948,0.007837453886445763,0.0030643499865311784,5.6947717878710885e-05
2021-03-18 00:00:00+00:00,363.5055541992188,-0.014656389891305638,-9.537290424613069,0.6874354005743931,0.009253848247328325,-0.015009345659593294,5.396538944239199e-05
2021-03-19 00:00:00+00:00,362.8329162597656,-0.0018521341195459758,-9.492588991414967,0.6874354005743913,0.009463007105015705,-0.0021170035945938517,7.492851869066823e-05
2021-03-22 00:00:00+00:00,365.7301635742188,0.007953360984039261,-9.624153798837659,0.6874354005743897,0.008860540831066513,0.007701484594136368,7.831114024471394e-05
2021-03-23 00:00:00+00:00,362.8515625,-0.007901971597097133,-9.461248123909133,0.6874354005743881,0.009612464503675406,-0.008191283372105285,6.87675826974484e-05
2021-03-24 00:00:00+00:00,361.0070495605469,-0.005096345891238568,-9.362391728358643,0.6874354005743863,0.010099529512835406,-0.005338940043477833,8.077341025946891e-05
2021-03-25 00:00:00+00:00,363.0378723144531,0.005609674256713195,-9.448520332810434,0.6874354005743846,0.009673832285714262,0.00539731778846649,8.905876653900888e-05
2021-03-26 00:00:00+00:00,368.8882446289063,0.01598657781740657,-9.717898570693627,0.687435400574383,0.008454809226547141,0.015747794475423977,8.17953274220628e-05
2021-03-29 00:00:00+00:00,368.701904296875,-0.0005052679628843519,-9.693218093551248,0.6874354005743812,0.008559790001163034,-0.0008198080509681018,6.268567828950006e-05
2021-03-30 00:00:00+00:00,367.7237548828125,-0.0026564799232445067,-9.62685864717319,0.6874354005743795,0.008848565721046454,-0.0029644909363137147,6.423266931108669e-05
2021-03-31 00:00:00+00:00,369.2142333984375,0.004045063686933035,-9.691077344255886,0.6874354005743777,0.00856895708860352,0.003755007507259875,6.858409456994364e-05
2021-04-01 00:00:00+00:00,373.2013854980469,0.010741127561977055,-9.88802139023321,0.6874354005743761,0.007765369252673652,0.010433686631457674,6.436863908527959e-05
2021-04-05 00:00:00+00:00,378.55804443359375,0.014251233525953092,-10.178419132253932,0.6874354005743744,0.006715881790787918,0.013893789847340271,5.2989228527632877e-05
2021-04-06 00:00:00+00:00,378.3345336914063,-0.0005906009786435827,-10.139104827346834,0.6874354005743726,0.006849202967401731,-0.001013444880288066,3.977501072636212e-05
2021-04-07 00:00:00+00:00,378.7723083496094,0.0011564410270319325,-10.143783873196869,0.6874354005743711,0.006833197829535044,0.0007419117618591676,4.135001677312086e-05
2021-04-08 00:00:00+00:00,380.5702819824219,0.004735614769468409,-10.236356295078156,0.6874354005743708,0.006524123120498464,0.004320087441719252,4.115934294497001e-05
2021-04-09 00:00:00+00:00,383.3371276855469,0.0072439611588440145,-10.3967750356582,0.6874354005743694,0.006021263892620597,0.006809154592162622,3.756262451454228e-05
2021-04-12 00:00:00+00:00,383.4767761230469,0.00036423032589847607,-10.377282275947318,0.6874354005743692,0.006080236334814521,-0.00010196734169436563,3.205812621206768e-05
2021-04-13 00:00:00+00:00,384.6133117675781,0.002959383259662005,-10.429707469182087,0.6874354005743676,0.005922928285745577,0.00249686856866615,3.26813737823961e-05
2021-04-14 00:00:00+00:00,383.2998352050781,-0.0034209020866459716,-10.302494577966938,0.6874354005743659,0.0063119042573238715,-0.0038932420413447947,3.10320523462128e-05
2021-04-15 00:00:00+00:00,387.41741943359375,0.010685172493648367,-10.559005105451778,0.6874354005743659,0.005552132850531322,0.010237121859318863,3.5187091174817235e-05
2021-04-16 00:00:00+00:00,388.71234130859375,0.0033368726263265703,-10.626064333274309,0.6874354005743659,0.005369058339743959,0.0028413604769065943,2.7311358334843013e-05
2021-04-19 00:00:00+00:00,386.8025207519531,-0.004925307072440462,-10.43725435227476,0.6874354005743659,0.005900620576963427,-0.005432267033677661,2.556087184778703e-05
2021-04-20 00:00:00+00:00,383.9705810546875,-0.007348342680630596,-10.197959410177749,0.6874354005743657,0.006650586185411087,-0.007822076203072318,3.080157847259196e-05
2021-04-21 00:00:00+00:00,387.6037292480469,0.009417563537176836,-10.410605920007113,0.6874354005743641,0.005979767837512017,0.008990646711787694,3.9014653210662165e-05
2021-04-22 00:00:00+00:00,384.0636901855469,-0.009175102660619525,-10.123478274631676,0.6874354005743641,0.006902927291199589,-0.009643892124610582,3.16231293205623e-05
2021-04-23 00:00:00+00:00,388.2278747558594,0.010784074605665108,-10.362460943183336,0.6874354005743641,0.0061254623081391495,0.010372895321541481,4.1993232012581404e-05
2021-04-26 00:00:00+00:00,389.0383605957031,0.0020854788146707558,-10.390723704203126,0.6874354005743641,0.006039509813526139,0.001625788302992304,3.316335694631314e-05
2021-04-27 00:00:00+00:00,388.95452880859375,-0.0002155078499445481,-10.35525452751867,0.6874354005743641,0.006147573433471905,-0.0006805659672329985,3.225032428779079e-05
2021-04-28 00:00:00+00:00,388.8427734375,-0.00028736374255882124,-10.318771045837371,0.6874354005743641,0.006260744959428208,-0.0007456735966274465,3.340026824992626e-05
2021-04-29 00:00:00+00:00,391.3207702636719,0.006352527439632891,-10.461139769600816,0.6874354005743641,0.0058305703120284415,0.0059012832697420735,3.462589030271613e-05
2021-04-30 00:00:00+00:00,388.7495422363281,-0.006592321994541393,-10.240516807991689,0.6874354005743641,0.006510565377932283,-0.007070431992863593,3.0083364364100354e-05
2021-05-03 00:00:00+00:00,389.5880432128906,0.0021545954265032607,-10.270069166742575,0.6874354005743641,0.006415071351972327,0.0017189429130152682,3.740857084779592e-05
2021-05-04 00:00:00+00:00,387.18450927734375,-0.006188533821657944,-10.081590728983084,0.6874354005743641,0.007049025212701418,-0.006630145377898636,3.633235046577139e-05
2021-05-05 00:00:00+00:00,387.3055725097656,0.0003126269432103836,-10.066656284622873,0.687435400574364,0.007101858864930182,-8.94440064134647e-05,4.3767181170242135e-05
2021-05-06 00:00:00+00:00,390.3985595703125,0.007954190393230476,-10.232718528387595,0.6874354005743641,0.006536000537928727,0.007555412736533742,4.4417619720648474e-05
2021-05-07 00:00:00+00:00,393.2397766113281,0.007251379519557394,-10.393076839140061,0.6874354005743641,0.006032408101395032,0.0068173140367243186,3.769784192719068e-05
2021-05-10 00:00:00+00:00,389.3457946777344,-0.00995166334086818,-10.087006505542956,0.687435400574364,0.007029963060680016,-0.01041716499109277,3.2175449152764436e-05
2021-05-11 00:00:00+00:00,385.8709411621094,-0.008964916848921492,-9.850344299026922,0.687435400574364,0.007913044138151954,-0.009368176078231275,4.353366900178625e-05
2021-05-12 00:00:00+00:00,377.6729736328125,-0.02147429219411991,-9.376563358842784,0.687435400574364,0.010028219057398933,-0.021822542337735982,5.499847346691644e-05
2021-05-13 00:00:00+00:00,382.20989990234375,0.011941261841405348,-9.56956961762173,0.6874354005743637,0.009105693664110185,0.011724479453554159,8.782076368641066e-05
2021-05-14 00:00:00+00:00,388.0788879394531,0.015238704504299403,-9.839887598771703,0.6874354005743625,0.007954524646300148,0.014964629403101094,7.257712229718215e-05
2021-05-17 00:00:00+00:00,387.0913391113281,-0.002547954830907734,-9.768854672908244,0.6874354005743624,0.008242118147305612,-0.0028936229744309897,5.556949365661435e-05
2021-05-18 00:00:00+00:00,383.75628662109375,-0.008653002715617907,-9.576529767808525,0.6874354005743624,0.009074060241650236,-0.00898077376117868,5.9608576099889435e-05
2021-05-19 00:00:00+00:00,382.7501831054688,-0.002625167909622958,-9.516035769553334,0.6874354005743624,0.009352716344879233,-0.0029012087983884766,7.207985759163156e-05
2021-05-20 00:00:00+00:00,386.8677062988281,0.010700277466552787,-9.698283931162486,0.6874354005743624,0.008538136183355088,0.010441550184700077,7.65182712124737e-05
2021-05-21 00:00:00+00:00,386.5510559082031,-0.0008188330146373131,-9.667920461563357,0.6874354005743624,0.00866874885738297,-0.001128190664291798,6.391205534876445e-05
2021-05-24 00:00:00+00:00,390.49163818359375,0.010142598564258285,-9.851312223920878,0.6874354005743624,0.007909215448493547,0.009841363000833539,6.585797357097193e-05
2021-05-25 00:00:00+00:00,389.6253051757813,-0.002221034605956472,-9.786685029777725,0.6874354005743624,0.008168964765588791,-0.002569523078916443,5.494591459514012e-05
2021-05-26 00:00:00+00:00,390.3985595703125,0.0019826435645788954,-9.811473841036925,0.6874354005743624,0.008068340181833767,0.0016503208790598894,5.856791043858493e-05
2021-05-27 00:00:00+00:00,390.60345458984375,0.000524697812597364,-9.805850853373657,0.6874354005743624,0.00809105618847958,0.00018611340060895558,5.715123436419948e-05
2021-05-28 00:00:00+00:00,391.30218505859375,0.0017872505819458257,-9.826565473229737,0.6874354005743624,0.008007687096925885,0.0014500798380964227,5.7469552028294016e-05
2021-06-01 00:00:00+00:00,390.95745849609375,-0.000881361035701026,-9.791173247764496,0.6874354005743624,0.008150653272469643,-0.0012237202640957956,5.630558540842047e-05
2021-06-02 00:00:00+00:00,391.5722351074219,0.0015712547212853724,-9.807467550264317,0.6874354005743624,0.008084518438534546,0.0012377926077589206,5.8308831167068106e-05
2021-06-03 00:00:00+00:00,390.1189575195313,-0.003718295091416307,-9.713618430085207,0.6874354005743624,0.008472922487613605,-0.004055872689160261,5.737784955992922e-05
2021-06-04 00:00:00+00:00,393.6869812011719,0.009104417692162501,-9.879948977444018,0.6874354005743624,0.007796775223561836,0.008791004193471692,6.295126484829733e-05
2021-06-07 00:00:00+00:00,393.3049926757813,-0.000970755911287262,-9.841006735836475,0.6874354005743624,0.007950074789733957,-0.0013262442262657287,5.341344246406032e-05
2021-06-08 00:00:00+00:00,393.3888854980469,0.00021327945954856026,-9.828335985486385,0.6874354005743624,0.008000601379649695,-0.00013266566232460013,5.55080975220153e-05
2021-06-09 00:00:00+00:00,392.8019104003906,-0.001493213122775383,-9.780027030433002,0.6874354005743624,0.008196204562097305,-0.0018360133618952014,5.620719969405418e-05
2021-06-10 00:00:00+00:00,394.6279296875,0.004637930815792128,-9.859327964049843,0.6874354005743624,0.007877579778837709,0.004307303061976061,5.895436078413749e-05
2021-06-11 00:00:00+00:00,395.280029296875,0.001651077825198562,-9.877005484280168,0.6874354005743624,0.007808258549046888,0.0013006200322275797,5.45125811827137e-05
2021-06-14 00:00:00+00:00,396.16497802734375,0.0022362870220420765,-9.907220099613037,0.6874354005743624,0.007691183356952302,0.0018815136450594464,5.356896969962402e-05
2021-06-15 00:00:00+00:00,395.4383850097656,-0.0018357507195037488,-9.84850531025047,0.6874354005743624,0.007920323483976716,-0.0021978136622534507,5.199380142031225e-05
2021-06-16 00:00:00+00:00,393.2304992675781,-0.005599032887309144,-9.712274088990512,0.6874354005743624,0.008478619651077974,-0.005946829908056966,5.5098470142789954e-05
2021-06-17 00:00:00+00:00,393.1000671386719,-0.00033174884882981344,-9.691181770361142,0.6874354005743624,0.008568509688876224,-0.0006448080074782437,6.303491440763966e-05
2021-06-18 00:00:00+00:00,387.7970275878906,-0.013582125248363256,-9.410264132138213,0.6874354005743624,0.009860655409773078,-0.013889594001590002,6.436199978446728e-05
2021-06-21 00:00:00+00:00,393.3486633300781,0.014214324627813914,-9.644863174934049,0.687435400574362,0.008769266071190308,0.013987140798811408,8.494541946817144e-05
2021-06-22 00:00:00+00:00,395.4515686035156,0.005331920986648117,-9.734116202952084,0.6874354005743607,0.00838652794743065,0.0050369350185614885,6.7375139009576e-05
2021-06-23 00:00:00+00:00,394.9749755859375,-0.0012059136395098826,-9.69496075892322,0.6874354005743606,0.00855233482479093,-0.0015247008797765894,6.168948601438859e-05
2021-06-24 00:00:00+00:00,397.3115234375,0.00589825682595874,-9.796906597656704,0.687435400574359,0.00812732145728215,0.005589782185112788,6.412219594915272e-05
2021-06-25 00:00:00+00:00,398.7228088378906,0.0035457939985828603,-9.85404579221109,0.687435400574359,0.007898412642452045,0.003210880023461247,5.7979543906532086e-05
2021-06-28 00:00:00+00:00,399.5265502929688,0.0020137610321831626,-9.879465467234665,0.6874354005743588,0.0077986603616338355,0.0016646000955320166,5.479775135432454e-05
2021-06-29 00:00:00+00:00,399.7416076660156,0.0005381357335337156,-9.873072108576944,0.687435400574359,0.00782363006681159,0.0001827647858602492,5.343895897376244e-05
2021-06-30 00:00:00+00:00,400.0780029296875,0.0008411778832401002,-9.87329122329197,0.687435400574359,0.007822772977526387,0.00048736149831248764,5.377750713150027e-05
2021-07-01 00:00:00+00:00,402.2931518554688,0.005521520908058233,-9.974114513890052,0.687435400574359,0.007438189311454762,0.005167651163511425,5.376586891184123e-05
2021-07-02 00:00:00+00:00,405.3680725097656,0.007614419061733069,-10.126121396699174,0.687435400574359,0.006893810676880717,0.007236599047595413,4.866924810337944e-05
2021-07-06 00:00:00+00:00,404.6297607421875,-0.0018229974000904085,-10.058347616118349,0.6874354005743588,0.007131423729111046,-0.002234745128333545,4.188373782946789e-05
2021-07-07 00:00:00+00:00,406.0596923828125,0.003527696377517248,-10.11956648393852,0.687435400574359,0.006916441906844755,0.0031307614639536495,4.478366215168973e-05
2021-07-08 00:00:00+00:00,402.7510681152344,-0.0081815002591886,-9.89772485483918,0.687435400574359,0.0077277850078986245,-0.00859183688948272,4.215580769072135e-05
2021-07-09 00:00:00+00:00,407.0503845214844,0.010618298564948038,-10.110358062714155,0.6874354005743588,0.006948360084691925,0.010258514730846654,5.2483757713220705e-05
2021-07-12 00:00:00+00:00,408.5083923339844,0.0035754856845450524,-10.173739277525012,0.687435400574359,0.006731614866315069,0.0031671391142881547,4.2541002635847505e-05
2021-07-13 00:00:00+00:00,407.1157836914063,-0.003414832558399655,-10.064145317015276,0.687435400574359,0.007110780733170578,-0.0038366951553744375,3.995930345615407e-05
2021-07-14 00:00:00+00:00,407.7233276367188,0.0014912000404695548,-10.077371572599377,0.687435400574359,0.007063911378808958,0.001092978483159412,4.452792503284116e-05
2021-07-15 00:00:00+00:00,406.330810546875,-0.003421193708774019,-9.973742877441829,0.6874354005743588,0.007439571591005611,-0.0038223367249586005,4.3949966289150836e-05
2021-07-16 00:00:00+00:00,403.14361572265625,-0.007874767110899487,-9.77584162931646,0.6874354005743588,0.008213374723697243,-0.0082525010157845,4.8687117668803585e-05
2021-07-19 00:00:00+00:00,397.1900329589844,-0.014878026419812704,-9.455237941304238,0.6874354005743588,0.00964139428369457,-0.015207585836441113,5.9198598320958043e-05
2021-07-20 00:00:00+00:00,402.8819580078125,0.014228772270656734,-9.694674709759864,0.6874354005743586,0.008553558106379195,0.013987974633858037,8.125436832342627e-05
2021-07-21 00:00:00+00:00,406.1437683105469,0.008063595187659534,-9.839225095597003,0.6874354005743574,0.00795716003167954,0.007755196621451991,6.414031651532845e-05
2021-07-22 00:00:00+00:00,406.9943237304688,0.002092032677989059,-9.866299073062246,0.6874354005743573,0.007850169842305986,0.0017465285713759485,5.560587073794775e-05
2021-07-23 00:00:00+00:00,411.1815185546875,0.010235529244630254,-10.067842578011673,0.6874354005743573,0.007097647669872027,0.00988336510536484,5.4138500266844486e-05
2021-07-26 00:00:00+00:00,412.1908874511719,0.0024517931248504168,-10.103782529272545,0.6874354005743573,0.0069712422667690096,0.00205275298171311,4.4365601642793365e-05
2021-07-27 00:00:00+00:00,410.312255859375,-0.004568091621121961,-9.970873103115583,0.6874354005743573,0.007450254199116434,-0.0049750115835840965,4.281821412554951e-05
2021-07-28 00:00:00+00:00,410.1439514160156,-0.0004102703940264471,-9.941662357784468,0.6874354005743573,0.007559866453554692,-0.0007873388312850647,4.882532747022002e-05
2021-07-29 00:00:00+00:00,411.8450622558594,0.004139017043030841,-10.014362966623219,0.6874354005743573,0.007289997628721984,0.0037687761747863396,5.025464836411562e-05
2021-07-30 00:00:00+00:00,409.8449401855469,-0.004868322639203327,-9.88126172534454,0.6874354005743573,0.007791659302571349,-0.00525537541172934,4.677227705352151e-05
2021-08-02 00:00:00+00:00,408.9849853515625,-0.002100448758241814,-9.81789879341986,0.6874354005743573,0.008042462419198017,-0.0024562555884326326,5.334422563625971e-05
2021-08-03 00:00:00+00:00,412.3123474121094,0.008102742167692502,-9.970674664251588,0.6874354005743573,0.007450993445779518,0.007762547265125814,5.6789675112754594e-05
2021-08-04 00:00:00+00:00,410.28424072265625,-0.004930997351828441,-9.839505230796938,0.6874354005743573,0.007956045569423196,-0.005308019738524509,4.883489887754256e-05
2021-08-05 00:00:00+00:00,412.8825378417969,0.006312950949996208,-9.955809239610339,0.6874354005743573,0.007506580863295053,0.005967377474882784,5.5590486018550514e-05
2021-08-06 00:00:00+00:00,413.5647583007813,0.0016509718578059595,-9.973143470984086,0.6874354005743573,0.007441801588784932,0.0012774120689887033,4.9557271701250074e-05
2021-08-09 00:00:00+00:00,413.2283935546875,-0.0008136612256555749,-9.93476368884142,0.6874354005743573,0.007585987986565894,-0.0011912562130021484,4.8715953029920243e-05
2021-08-10 00:00:00+00:00,413.7423095703125,0.0012428882422069903,-9.943126471315537,0.6874354005743573,0.007554334227369695,0.0008742742626495395,5.059827232919178e-05
2021-08-11 00:00:00+00:00,414.7704162597656,0.0024818139422858603,-9.978989441133411,0.6874354005743573,0.007420081073647811,0.002111228509800336,5.01820213275688e-05
2021-08-12 00:00:00+00:00,416.0134887695313,0.0029925313427678728,-10.026630818013064,0.6874354005743573,0.007245418188214237,0.002613583255946461,4.8435451128293684e-05
2021-08-13 00:00:00+00:00,416.7705078125,0.0018180446660585282,-10.047614510505333,0.6874354005743573,0.007169797767192492,0.0014282140225009687,4.620891235406479e-05
2021-08-16 00:00:00+00:00,417.7519226074219,0.002352040428363029,-10.081087038553473,0.6874354005743573,0.007050800699534818,0.0019574971842245235,4.526098318041087e-05
2021-08-17 00:00:00+00:00,415.0134887695313,-0.006576746995169352,-9.90206489103371,0.6874354005743573,0.007711033756412586,-0.006978707268055074,4.378896236287488e-05
2021-08-18 00:00:00+00:00,410.4710998535156,-0.011005498653159257,-9.643631667489842,0.6874354005743573,0.00877466744220024,-0.01136632553643171,5.2259240816877624e-05
2021-08-19 00:00:00+00:00,411.1066589355469,0.0015471675127807654,-9.66021556283399,0.6874354005743573,0.008702209184135388,0.0012525173467139187,6.745714814447134e-05
2021-08-20 00:00:00+00:00,414.3778076171875,0.007925444842711786,-9.800117217357084,0.6874354005743573,0.008114285054623504,0.007626289752124482,6.636111530234559e-05
2021-08-23 00:00:00+00:00,418.0229187011719,0.00875812398638871,-9.965371186594858,0.6874354005743573,0.007470777754225894,0.008422398776934278,5.779595919123923e-05
2021-08-24 00:00:00+00:00,418.6865234375,0.0015862253777699984,-9.981217293908305,0.6874354005743571,0.0074118202513710285,0.0012104354122158835,4.909140068826832e-05
2021-08-25 00:00:00+00:00,419.5651550292969,0.002096343940945563,-10.008566138038915,0.6874354005743573,0.007311157712570071,0.0017168812259052875,4.832897962165503e-05
2021-08-26 00:00:00+00:00,417.08837890625,-0.005920690603162944,-9.85172800272918,0.6874354005743573,0.007907571377305063,-0.006306424903724124,4.704086362061478e-05
2021-08-27 00:00:00+00:00,420.8175354003906,0.008901192968267583,-10.02362883215156,0.6874354005743573,0.007256301675670598,0.008552602154272239,5.492335299412854e-05
2021-08-30 00:00:00+00:00,422.6680603027344,0.0043878114357036625,-10.104112173563895,0.6874354005743573,0.006970093346346947,0.003998658992251591,4.634613942502163e-05
2021-08-31 00:00:00+00:00,422.0418701171875,-0.0014826161684653118,-10.045510506417047,0.6874354005743573,0.00717734437792864,-0.0018896077599169208,4.280427406240844e-05
2021-09-01 00:00:00+00:00,422.2661437988281,0.0005312603533757932,-10.036358589554869,0.6874354005743573,0.00721026286682497,0.00013718743479838272,4.535514682834368e-05
2021-09-02 00:00:00+00:00,423.5653381347656,0.003071995747173074,-10.086546988615519,0.6874354005743571,0.007031578439759231,0.0026799743288941566,4.5767020937648294e-05
2021-09-03 00:00:00+00:00,423.4625244140625,-0.000242763492805707,-10.058256306318388,0.6874354005743573,0.007131749320980494,-0.0006459220225084718,4.3553433540810485e-05
2021-09-07 00:00:00+00:00,421.9483337402344,-0.003582145363683947,-9.952023956593008,0.6874354005743573,0.00752080158294223,-0.003979059984010441,4.478770156152565e-05
2021-09-08 00:00:00+00:00,421.4343566894531,-0.001218846723423295,-9.905236252705434,0.6874354005743573,0.007698816207087239,-0.0015915207392816623,4.97429149913085e-05
2021-09-09 00:00:00+00:00,419.6304931640625,-0.004289482057361866,-9.793019888317081,0.6874354005743573,0.008143131082267902,-0.004651069707500456,5.209578885221117e-05
2021-09-10 00:00:00+00:00,416.3218994140625,-0.007915788161260293,-9.613302117125142,0.6874354005743573,0.0089087473777759,-0.00824971835021978,5.820256818296728e-05
2021-09-13 00:00:00+00:00,417.3873596191406,0.0025559528662511422,-9.649128162670992,0.6874354005743573,0.0087505855901473,0.002269637614142348,6.950867421925409e-05
2021-09-14 00:00:00+00:00,415.1349487304688,-0.005411065533961494,-9.531785552781924,0.6874354005743573,0.009279353956914647,-0.005707212882841969,6.709189267154633e-05
2021-09-15 00:00:00+00:00,418.6024475097656,0.008318011852975602,-9.671967473278722,0.6874354005743573,0.008651225328751972,0.008054726999791663,7.533706095721076e-05
2021-09-16 00:00:00+00:00,417.9388122558594,-0.0015866172418304329,-9.627407699280477,0.6874354005743573,0.008846136892622224,-0.001888942410107011,6.559522740320546e-05
2021-09-17 00:00:00+00:00,413.8676452636719,-0.009788814366373782,-9.428274094880342,0.6874354005743573,0.009772258992880962,-0.010079021529977703,6.85469084773799e-05
2021-09-20 00:00:00+00:00,406.966796875,-0.016814623325404524,-9.129314063734144,0.6874354005743573,0.011347842890753985,-0.017047295191716483,8.344760917760223e-05
2021-09-21 00:00:00+00:00,406.5823669433594,-0.0009450687858844732,-9.112068286124494,0.6874354005743573,0.011446117173356399,-0.0010800075986169466,0.00011211515280378965
2021-09-22 00:00:00+00:00,410.5484313964844,0.009707370241481212,-9.252484249809063,0.6874354005743573,0.010670069502853692,0.009578521609103427,0.00011404140347404648
2021-09-23 00:00:00+00:00,415.5365905761719,0.012076770969361371,-9.438058439409087,0.6874354005743573,0.009724568169454266,0.011899811831174539,9.927175964041121e-05
2021-09-24 00:00:00+00:00,416.2211608886719,0.0016460813641217735,-9.45757145108163,0.6874354005743573,0.00963015169972552,0.0014104483907557447,8.26449891789019e-05
2021-09-27 00:00:00+00:00,415.0303955078125,-0.0028649960080072085,-9.39801050036722,0.6874354005743573,0.009921255282544908,-0.0031064917921482253,8.106729267812043e-05
2021-09-28 00:00:00+00:00,406.6667175292969,-0.020357785604894013,-9.043713558343187,0.6874354005743573,0.011844077159682947,-0.020581207475566365,8.597983995259928e-05
2021-09-29 00:00:00+00:00,407.3511657714844,0.0016816544636871357,-9.066100006801696,0.6874354005743573,0.011712242949620305,0.0015774614355158062,0.00012200733625315597
2021-09-30 00:00:00+00:00,402.3724060058594,-0.01229758570474388,-8.886650146443866,0.6874354005743573,0.012811710440350304,-0.01240994538107176,0.00011933900608837227
2021-10-01 00:00:00+00:00,407.1542663574219,0.011814103556851066,-9.0438601107096,0.6874354005743573,0.011843209302712094,0.011769818667376135,0.00014248342385115358
2021-10-04 00:00:00+00:00,401.9035339355469,-0.01298005195874771,-8.85701452364293,0.6874354005743573,0.013002965440195113,-0.013084298743846002,0.00012198967552183313
2021-10-05 00:00:00+00:00,406.0853576660156,0.010351283572699805,-8.993447252113162,0.6874354005743573,0.012145528507771414,0.010318832988961402,0.00014671606953841409
2021-10-06 00:00:00+00:00,407.7730407714844,0.004147368947263481,-9.0504776505286,0.6874354005743573,0.011804087606177405,0.004061845576913962,0.00012821818137526234
2021-10-07 00:00:00+00:00,411.2984619140625,0.008608388649213525,-9.171993456911384,0.6874354005743573,0.01110824889034348,0.008501718532068192,0.00012119486734714616
2021-10-08 00:00:00+00:00,410.5484313964844,-0.0018252322468054738,-9.140276982841662,0.6874354005743573,0.011285810318764298,-0.001975021711965033,0.00010748685215605013
2021-10-11 00:00:00+00:00,407.57623291015625,-0.007265913599852377,-9.028151007039973,0.6874354005743573,0.011936598689831978,-0.007404696980155205,0.00011090761009890178
2021-10-12 00:00:00+00:00,406.5729370117188,-0.002464650074900648,-8.991923503674156,0.6874354005743573,0.01215478539866922,-0.002563112395867035,0.0001238973738025892
2021-10-13 00:00:00+00:00,408.03564453125,0.0035911948994357627,-9.041202030904001,0.6874354005743573,0.011858959864696875,0.0035062447418483956,0.00012841131197962674
2021-10-14 00:00:00+00:00,414.8990478515625,0.016680697814292936,-9.277368685437548,0.6874354005743573,0.010538132669492621,0.016577426645387177,0.000122310393050393
2021-10-15 00:00:00+00:00,418.0588684082031,0.007587023671475949,-9.392932199262786,0.6874354005743573,0.00994647885304379,0.007401881035906492,9.686136464267081e-05
2021-10-18 00:00:00+00:00,419.2965087890625,0.002956071736823153,-9.434902946571178,0.6874354005743573,0.009739923182032305,0.002734215628530027,8.641222049166288e-05
2021-10-19 00:00:00+00:00,422.5313415527344,0.007685297377925079,-9.558976842980854,0.6874354005743573,0.009154048885530158,0.007450617811407051,8.290299058550605e-05
2021-10-20 00:00:00+00:00,424.1908874511719,0.0039199349364491395,-9.619715062455322,0.6874354005743573,0.008880227471414487,0.0036488646000860836,7.334050951610396e-05
2021-10-21 00:00:00+00:00,425.2972717285156,0.0026048271325916418,-9.656492169526794,0.6874354005743573,0.008718425147771424,0.002316739104763312,6.906975654853908e-05
2021-10-22 00:00:00+00:00,424.8565979003906,-0.0010366920232556945,-9.623102714694836,0.6874354005743573,0.008865198641879232,-0.0013348388841592537,6.66056344190735e-05
2021-10-25 00:00:00+00:00,427.1350708007813,0.00534859298714956,-9.71201769114786,0.6874354005743573,0.008479706670647446,0.005059570750719405,6.883901720422521e-05
2021-10-26 00:00:00+00:00,427.5195007324219,0.0008996148160249105,-9.715373878095457,0.6874354005743573,0.008465488862965291,0.0005866232651745857,6.305088098641647e-05
2021-10-27 00:00:00+00:00,425.62548828125,-0.004440078971699437,-9.612522725027347,0.6874354005743573,0.008912219757972127,-0.004753954815525224,6.28422018858226e-05
2021-10-28 00:00:00+00:00,429.7323303222656,0.009602703126005365,-9.781515574302377,0.6874354005743573,0.008190106626613385,0.009316603709673082,6.956220745887706e-05
2021-10-29 00:00:00+00:00,430.6043090820313,0.0020270647986093005,-9.807220445760388,0.6874354005743573,0.00808551736070194,0.0016960576212138624,5.8867740487790386e-05
2021-11-01 00:00:00+00:00,431.344970703125,0.0017185739828530114,-9.826502711043208,0.6874354005743573,0.008007938390844417,0.0013810585497800796,5.7391856370951176e-05
2021-11-02 00:00:00+00:00,433.08892822265625,0.004034917852593484,-9.894376767266884,0.6874354005743573,0.007740732492676307,0.0036925742644914935,5.6309076203398944e-05
2021-11-03 00:00:00+00:00,435.7331237792969,0.006086870641681468,-10.008274105093545,0.6874354005743573,0.0073122253399742045,0.005727892988908062,5.265761840813273e-05
2021-11-04 00:00:00+00:00,437.7864685058594,0.004701322160804318,-10.095529386861548,0.6874354005743573,0.007000069031315289,0.004315654382221255,4.705443522254394e-05
2021-11-05 00:00:00+00:00,439.3053894042969,0.0034635423944917912,-10.155925173899808,0.6874354005743573,0.0067918415315498075,0.0030584195781245263,4.316870819984915e-05
2021-11-08 00:00:00+00:00,439.680419921875,0.0008533255858194999,-10.152970290611538,0.6874354005743573,0.006801883497451529,0.00043521919296067265,4.066866860264083e-05
2021-11-09 00:00:00+00:00,438.2271423339844,-0.0033107788971201537,-10.047282519634566,0.6874354005743573,0.007170988019679978,-0.0037282590344203444,4.078754498583196e-05
2021-11-10 00:00:00+00:00,434.7016906738281,-0.008077338482889536,-9.836450481946557,0.6874354005743571,0.007968206714898673,-0.008471807546814022,4.527582826491476e-05
2021-11-11 00:00:00+00:00,434.8423461914063,0.0003235155733159187,-9.826192396407302,0.6874354005743573,0.008009180977483184,-2.1300950839574966e-05,5.5758479607693164e-05
2021-11-12 00:00:00+00:00,438.1240234375,0.00751848597847134,-9.967219665433172,0.6874354005743573,0.0074638761567891706,0.007176219727683362,5.632633889695971e-05
2021-11-15 00:00:00+00:00,438.2740783691406,0.000342435550231437,-9.955052833174268,0.6874354005743573,0.007509420413263618,-3.3784331026423477e-05,4.900184672390478e-05
2021-11-16 00:00:00+00:00,440.0086975097656,0.003950029406618844,-10.023845718260699,0.6874354005743573,0.007255514822817149,0.0035766464878839535,4.959431299920582e-05
2021-11-17 00:00:00+00:00,438.939697265625,-0.0024324540043219405,-9.9464125908419,0.6874354005743573,0.007541932196192374,-0.0028216554797733614,4.633621146274139e-05
2021-11-18 00:00:00+00:00,440.4305725097656,0.003390782526578519,-10.002551862577253,0.6874354005743573,0.007333176460895303,0.003019424645839966,5.001939600142833e-05
2021-11-19 00:00:00+00:00,439.64306640625,-0.0017896373186931382,-9.940901931867241,0.6874354005743573,0.007562741359249285,-0.0021739996939224024,4.732115555763456e-05
2021-11-22 00:00:00+00:00,438.4052734375,-0.002819420600279352,-9.858929410216174,0.6874354005743573,0.007879149755072963,-0.003189482411678502,5.029241059149479e-05
2021-11-23 00:00:00+00:00,438.9867248535156,0.001325408716441895,-9.869657441864343,0.6874354005743573,0.007836999020775007,0.0009750486567458543,5.4534046166492683e-05
2021-11-24 00:00:00+00:00,440.15863037109375,0.002666012405651405,-9.909074093567488,0.6874354005743571,0.007684056956815126,0.0023130283195113783,5.39592021232724e-05
2021-11-26 00:00:00+00:00,430.34173583984375,-0.02255555794534752,-9.396956683157626,0.6874354005743571,0.009926484254797932,-0.022918064649598405,5.189867008092739e-05
2021-11-29 00:00:00+00:00,435.6205139160156,0.01219185585643284,-9.595860162650084,0.6874354005743569,0.008986780127220907,0.011968758580120697,8.606938659641603e-05
2021-11-30 00:00:00+00:00,427.1444396972656,-0.019649261121621468,-9.21542652214038,0.6874354005743573,0.010869616750672653,-0.01993072627101032,7.071660503521082e-05
2021-12-01 00:00:00+00:00,422.4000549316406,-0.011169359860890482,-9.037160761831206,0.6874354005743573,0.011882946714732582,-0.011333944250470374,0.00010297292729674033
2021-12-02 00:00:00+00:00,428.86962890625,0.015200114980508331,-9.25186784562184,0.6874354005743573,0.010673358547432631,0.015098329566867538,0.00012279961911087987
2021-12-03 00:00:00+00:00,425.137939453125,-0.00873929773482752,-9.108197702333003,0.6874354005743573,0.011468290199878528,-0.00891605288300746,9.933222196758665e-05
2021-12-06 00:00:00+00:00,430.1729431152344,0.011773641436586836,-9.278850106144137,0.6874354005743573,0.01053032985568917,0.011646166805904405,0.00011447825197163404
2021-12-07 00:00:00+00:00,439.0709838867188,0.020473773385991743,-9.60100737377178,0.6874354005743573,0.008963681436120708,0.020288146735025357,9.671972898173035e-05
2021-12-08 00:00:00+00:00,440.2337036132813,0.002644635973793384,-9.638454461961432,0.6874354005743573,0.00879741099490768,0.0023617351858269842,7.03579712976178e-05
2021-12-09 00:00:00+00:00,437.2614135742188,-0.00677451383687023,-9.495776788734146,0.6874354005743573,0.009447936044737369,-0.007067750069071548,6.780300443089478e-05
2021-12-10 00:00:00+00:00,441.3775939941406,0.009369514662924829,-9.652765129527701,0.6874354005743573,0.008734687255073816,0.00911670216712567,7.806493800424378e-05
2021-12-13 00:00:00+00:00,437.4676818847656,-0.00889789821517929,-9.467944529583884,0.6874354005743573,0.009580333842751658,-0.009195034000419235,6.685129531637464e-05
2021-12-14 00:00:00+00:00,434.4578857421875,-0.006903818878366363,-9.336857361281808,0.6874354005743573,0.010229298690528263,-0.007148408395541597,8.024089021068603e-05
2021-12-15 00:00:00+00:00,441.2463989257813,0.01550443292638526,-9.585490906187733,0.6874354005743573,0.00903349423417372,0.015300129670359564,9.13336104192175e-05
2021-12-16 00:00:00+00:00,437.3551940917969,-0.008857781062457307,-9.408379439473471,0.6874354005743573,0.009869951941821727,-0.00913634295667583,7.144464697828796e-05
2021-12-17 00:00:00+00:00,432.7004089355469,-0.010700073767953608,-9.217112548690984,0.6874354005743573,0.010860457380732056,-0.010926680462491681,8.510370680089285e-05
2021-12-20 00:00:00+00:00,428.0994262695313,-0.010690119337698336,-9.04612071559828,0.6874354005743573,0.011829830456783923,-0.010855271676453265,0.00010280157607218643
2021-12-21 00:00:00+00:00,435.7020568847656,0.01760318101479119,-9.295955219329144,0.6874354005743573,0.01044065264499885,0.017498105509115108,0.00012171757819260435
2021-12-22 00:00:00+00:00,440.0585632324219,0.009949162324854051,-9.450465709143382,0.6874354005743573,0.009664427238356121,0.009757972602306163,9.509926800273406e-05
2021-12-23 00:00:00+00:00,442.7966003417969,0.006202706855766021,-9.549399947590329,0.6874354005743573,0.009197987685183486,0.00596333949932444,8.163829972735878e-05
2021-12-27 00:00:00+00:00,449.0630493164063,0.014052776357371663,-9.795601276785977,0.6874354005743573,0.008132627569799301,0.013784436183825143,7.403759463496099e-05
2021-12-28 00:00:00+00:00,448.6960754394531,-0.000817533093840143,-9.762458682707997,0.6874354005743573,0.00826851859250236,-0.0011521168826828642,5.805434938885461e-05
2021-12-29 00:00:00+00:00,449.2700500488281,0.0012783882849307555,-9.772933259313763,0.6874354005743571,0.008225327178464848,0.0009522597668297134,5.998636613611431e-05
2021-12-30 00:00:00+00:00,448.0279846191406,-0.002768458583441204,-9.700542531609907,0.6874354005743573,0.00852849950662789,-0.0030972743276703424,5.936891077051696e-05
2021-12-31 00:00:00+00:00,446.8988952636719,-0.0025233121944048813,-9.636472329856403,0.6874354005743573,0.008806134132183369,-0.00283326915601188,6.376962610634984e-05
2022-01-03 00:00:00+00:00,449.4864196777344,0.005773257454992719,-9.733911336679935,0.6874354005743573,0.008387387049788607,0.00548056351579774,6.793588702464282e-05
2022-01-04 00:00:00+00:00,449.3358459472656,-0.00033504673312168237,-9.71223709512357,0.6874354005743571,0.008478776480992012,-0.0006537805338921592,6.170197096696259e-05
2022-01-05 00:00:00+00:00,440.7077026367188,-0.019388744777740573,-9.312825748654024,0.6874354005743573,0.010352953379955262,-0.019701794182257093,6.303721786495843e-05
2022-01-06 00:00:00+00:00,440.293701171875,-0.0009398429866926422,-9.290892453636976,0.6874354005743573,0.010467115413574644,-0.0011364736447692005,9.352762604774975e-05
2022-01-07 00:00:00+00:00,438.552978515625,-0.003961384784968317,-9.220826478430556,0.6874354005743573,0.010840308606479157,-0.004150932845163598,9.557604218082073e-05
2022-01-10 00:00:00+00:00,438.0072326660156,-0.0012451989336579622,-9.196555127245514,0.6874354005743573,0.010972664565153311,-0.0014116006671312654,0.0001024251337703741
2022-01-11 00:00:00+00:00,441.9966735839844,0.009066933045071423,-9.331655943150848,0.6874354005743573,0.01025593674426586,0.00890873798594195,0.00010491043078020073
2022-01-12 00:00:00+00:00,443.1916809082031,0.0027000085216344165,-9.369096941971023,0.6874354005743573,0.01006572645729048,0.002497358214325743,9.180407819445883e-05
2022-01-13 00:00:00+00:00,437.0851440429688,-0.013874350998787865,-9.128908499468237,0.6874354005743573,0.011350144263870585,-0.014088805423068838,8.847085336113921e-05
2022-01-14 00:00:00+00:00,437.2638854980469,0.0004088560781312964,-9.131823188212195,0.6874354005743573,0.011333615242170289,0.00027405989171940025,0.00011216007617364282
2022-01-18 00:00:00+00:00,429.5200805664063,-0.017868376134850976,-8.86228495003711,0.6874354005743573,0.012968744962995611,-0.018004196706049996,0.00011183762290599712
2022-01-19 00:00:00+00:00,425.0601806640625,-0.010437733225054138,-8.727751176988273,0.6874354005743573,0.013871121868070903,-0.010472301115737673,0.00014595424529759195
2022-01-20 00:00:00+00:00,420.3556823730469,-0.01112954477795267,-8.595880042793485,0.6874354005743573,0.014816548272570148,-0.011108302635580389,0.0001666979169210629
2022-01-21 00:00:00+00:00,412.1038208007813,-0.019825905844687134,-8.375369446840885,0.6874354005743573,0.01654361092786985,-0.01974623870133515,0.00018988968439025548
2022-01-24 00:00:00+00:00,413.8538513183594,0.004237585521498217,-8.428790844773571,0.6874354005743573,0.0161075689343922,0.004423865190205107,0.00023610103018397623
2022-01-25 00:00:00+00:00,408.8010559082031,-0.012284273529359112,-8.308480404996603,0.6874354005743573,0.017106260396305698,-0.012124897549914188,0.00022396528995738892
2022-01-26 00:00:00+00:00,407.7755126953125,-0.002511812833035769,-8.29460461977928,0.6874354005743573,0.017225354447028975,-0.002290830592217569,0.0002522275443317165
2022-01-27 00:00:00+00:00,405.7620239257813,-0.004949969215024808,-8.257093888089896,0.6874354005743573,0.017551470928842745,-0.00472164340561478,0.00025570844069280305
2022-01-28 00:00:00+00:00,415.8391723632813,0.024531740830564783,-8.50634808004102,0.6874354005743573,0.015494895762289155,0.024780172448376762,0.0002653607807862056
2022-01-31 00:00:00+00:00,423.3289184570313,0.017850881274122835,-8.709468006546471,0.6874354005743573,0.013998507275901257,0.017972440366134018,0.00020744814460814758
2022-02-01 00:00:00+00:00,426.1893615722656,0.006734296348271399,-8.795252761582791,0.6874354005743573,0.01341077278650968,0.006763413357694619,0.00016973579650057878
2022-02-02 00:00:00+00:00,430.3293762207031,0.009667148440245585,-8.92008950948087,0.6874354005743573,0.012599283525857624,0.009659924732460728,0.00015594547209750377
2022-02-03 00:00:00+00:00,420.2144775390625,-0.023785664935157495,-8.601398306782931,0.6874354005743573,0.014775723806124783,-0.023843096718922298,0.00013785395818579138
2022-02-04 00:00:00+00:00,422.1904296875,0.004691225692812556,-8.661368856538997,0.6874354005743573,0.01433924631819653,0.004768370948026535,0.0001888574410626389
2022-02-07 00:00:00+00:00,420.83544921875,-0.0032145671193599006,-8.628532598782988,0.6874354005743573,0.014576613139870635,-0.003164390167794979,0.00017799484506062185
2022-02-08 00:00:00+00:00,424.2981567382813,0.00819450764192419,-8.72948872178627,0.6874354005743573,0.013859076253455165,0.008259351822235406,0.00018386277126284322
2022-02-09 00:00:00+00:00,430.5080871582031,0.014529701235168195,-8.910983271008128,0.6874354005743573,0.012656780361688293,0.014550198681393602,0.00016641205593973793
2022-02-10 00:00:00+00:00,422.7737426757813,-0.018128960540650805,-8.669484084678771,0.6874354005743573,0.014281181073427929,-0.018182833635983046,0.00013909954584463387
2022-02-11 00:00:00+00:00,414.437255859375,-0.019915558611955878,-8.438256885344996,0.6874354005743573,0.016031511616269978,-0.01986897004301335,0.0001765737275583028
2022-02-14 00:00:00+00:00,413.0823059082031,-0.003274729020626831,-8.412516345653987,0.6874354005743573,0.016239174972010252,-0.0031200466647177973,0.00022188088745419895
2022-02-15 00:00:00+00:00,419.7439270019531,0.015997966702684514,-8.58899723926246,0.6874354005743573,0.01486762580670194,0.016165463670620897,0.00022759477614263404
2022-02-16 00:00:00+00:00,420.2144775390625,0.0011204140200038926,-8.608145499885334,0.6874354005743573,0.014725960463169036,0.0012032363043568267,0.00019118508841073096
2022-02-17 00:00:00+00:00,411.2380981445313,-0.021592880763046392,-8.365714713774336,0.6874354005743573,0.016623666073905478,-0.021518809700746395,0.00018760293678313358
2022-02-18 00:00:00+00:00,408.5753479003906,-0.006496013503032705,-8.309509240826522,0.6874354005743573,0.017097462892490665,-0.006304795398564041,0.00023836344387577916
2022-02-22 00:00:00+00:00,404.1906127929688,-0.010789766939790472,-8.213407938617374,0.6874354005743573,0.017939064957744125,-0.010569327194727538,0.0002519713442474009
2022-02-23 00:00:00+00:00,397.0208740234375,-0.01789772182691136,-8.056530051517887,0.6874354005743573,0.019402844485691784,-0.01762540010143806,0.0002770623453414925
2022-02-24 00:00:00+00:00,402.9955749511719,0.014936722907287746,-8.202538518337427,0.6874354005743573,0.018036823981331974,0.015299211744182606,0.0003235015124128701
2022-02-25 00:00:00+00:00,411.8872985839844,0.021824183186081023,-8.420865659720933,0.6874354005743573,0.016171523295520508,0.022102529476818435,0.0002800530858895857
2022-02-28 00:00:00+00:00,410.83349609375,-0.002561751382378731,-8.403190380801252,0.6874354005743573,0.01631507478173626,-0.0023984288826084197,0.00022572545130981726
2022-03-01 00:00:00+00:00,404.5763244628906,-0.015347606308344813,-8.253072517048901,0.6874354005743573,0.017586796920130904,-0.015175426171420352,0.00022970107165496472
2022-03-02 00:00:00+00:00,412.01904296875,0.018229161967603175,-8.441059918484545,0.6874354005743573,0.01600905892468612,0.018479771236065586,0.00026641695379811325
2022-03-03 00:00:00+00:00,409.9678649902344,-0.004990790525282374,-8.397041216756937,0.6874354005743573,0.016365314010088314,-0.004837493814249152,0.00022126739621151337
2022-03-04 00:00:00+00:00,406.6370544433594,-0.00815774908868143,-8.322054975190264,0.6874354005743573,0.01699054845921885,-0.007982469238076877,0.00023110053028719508
2022-03-07 00:00:00+00:00,394.6497192382813,-0.029922444730725948,-8.03392335631453,0.6874354005743573,0.019623405773484908,-0.0297085981091228,0.0002488680684900588
2022-03-08 00:00:00+00:00,391.6575622558594,-0.007610692398840843,-7.983442344606383,0.6874354005743573,0.020125014257483084,-0.007234624607271143,0.0003308067233510017
2022-03-09 00:00:00+00:00,402.15826416015625,0.026457810747585585,-8.22334888712269,0.6874354005743573,0.01785012052837178,0.0268647533815149,0.0003477203443308961
2022-03-10 00:00:00+00:00,400.34222412109375,-0.004525961455751314,-8.192719371143054,0.6874354005743573,0.018125594831328157,-0.00425912142970342,0.00027435504688412316
2022-03-11 00:00:00+00:00,395.2519226074219,-0.012796401267965602,-8.08571315405602,0.6874354005743573,0.019121782438056605,-0.012512584669024713,0.0002827825872979674
2022-03-14 00:00:00+00:00,392.36328125,-0.007335191842965825,-8.035149816967905,0.6874354005743573,0.019611375794902543,-0.006990009453095554,0.0003143092049415039
2022-03-15 00:00:00+00:00,400.9914855957031,0.021752045636038907,-8.239219569762366,0.6874354005743573,0.017709034253597083,0.0221273728448464,0.00033040620147442833
2022-03-16 00:00:00+00:00,409.8832092285156,0.02193206942637571,-8.461745244709592,0.6874354005743573,0.015844335927090034,0.022190213534059665,0.00027008757985003807
2022-03-17 00:00:00+00:00,415.01116943359375,0.012433170587229328,-8.603359892787648,0.6874354005743573,0.014761238984078153,0.012576300858840523,0.00021679220281821388
2022-03-18 00:00:00+00:00,419.5567932128906,0.01089346568328185,-8.734553401776799,0.6874354005743573,0.013824024760241558,0.01096971613352007,0.00018849186132980993
2022-03-21 00:00:00+00:00,419.43408203125,-0.00029252089894281905,-8.734848809141429,0.6874354005743573,0.013821983051667704,-0.0002741904865260179,0.0001655816083268218
2022-03-22 00:00:00+00:00,424.3419494628906,0.01163323582963077,-8.881237331968553,0.6874354005743573,0.012846431109154474,0.01165144001278981,0.00016553329895501029
2022-03-23 00:00:00+00:00,418.877197265625,-0.012961823100953748,-8.71184714996524,0.6874354005743573,0.01398186494825582,-0.013003959416535423,0.00014324727784949687
2022-03-24 00:00:00+00:00,425.1914367675781,0.014961715280797726,-8.897339602775956,0.6874354005743573,0.01274341799555194,0.014989803524331486,0.0001693373727771667
2022-03-25 00:00:00+00:00,427.2679138183594,0.004871742344678378,-8.963030062836385,0.6874354005743573,0.01233165671410727,0.0048232311950920466,0.0001409868764140163
2022-03-28 00:00:00+00:00,430.30706787109375,0.007087815854738318,-9.06006679525744,0.6874354005743573,0.01174762751311291,0.007013817047477525,0.00013212902703875772
2022-03-29 00:00:00+00:00,435.63031005859375,0.012294905798510303,-9.235024513633666,0.6874354005743573,0.010763625574017296,0.012184738176492871,0.0001200523304208576
2022-03-30 00:00:00+00:00,432.9403381347656,-0.006194039666744368,-9.132734842574084,0.6874354005743573,0.011328450249545983,-0.006365196657869316,0.00010099869121198698
2022-03-31 00:00:00+00:00,426.27685546875,-0.01551090064601377,-8.898212006250606,0.6874354005743573,0.012737860506664093,-0.015647041320955898,0.00011173695664251304
2022-04-01 00:00:00+00:00,427.4849548339844,0.0028300637414029714,-8.936801155158957,0.6874354005743573,0.01249444476187016,0.002781208655912704,0.0001408654340255137
2022-04-04 00:00:00+00:00,431.1470336914063,0.00853008299584969,-9.052578900627626,0.6874354005743573,0.011791692448523433,0.008466161848023408,0.00013559701734424783
2022-04-05 00:00:00+00:00,425.701171875,-0.012711551733362534,-8.868623468416798,0.6874354005743573,0.012927708710449173,-0.012818989669535534,0.00012094357880695885
2022-04-06 00:00:00+00:00,421.44439697265625,-0.010049773937209591,-8.738628028773986,0.6874354005743573,0.01379588955783805,-0.010086880934014036,0.00014504326925425173
2022-04-07 00:00:00+00:00,423.5680236816406,0.005026272106571097,-8.804126163101396,0.6874354005743573,0.013351404996648605,0.005042863031412373,0.0001649165073265042
2022-04-08 00:00:00+00:00,422.4354248046875,-0.0026775294016316,-8.772848646266308,0.6874354005743573,0.01356184562000977,-0.002688424998569835,0.00015458458424776977
2022-04-11 00:00:00+00:00,415.2150573730469,-0.017239997873484916,-8.560858059963032,0.6874354005743573,0.015078285674759885,-0.01723787864213115,0.00015943507751126746
2022-04-12 00:00:00+00:00,413.676513671875,-0.0037122960875073273,-8.525978130817881,0.6874354005743573,0.015343556879410558,-0.003616462400431122,0.00019657369468313346
2022-04-13 00:00:00+00:00,418.4146423339844,0.011388607700551992,-8.65926347484984,0.6874354005743573,0.01435434905937785,0.011500822703312274,0.00020346442663162498
2022-04-14 00:00:00+00:00,413.2047119140625,-0.012529767505403836,-8.516566747125763,0.6874354005743573,0.015415929076989578,-0.01247865724643145,0.00017836539886272192
2022-04-18 00:00:00+00:00,413.3745727539063,0.00041099709461770595,-8.528687722925078,0.6874354005743573,0.01532278356408239,0.0005276807006781201,0.0002053647327072533
2022-04-19 00:00:00+00:00,420.0475158691406,0.01601370015441206,-8.713271280429932,0.6874354005743573,0.013971912492162316,0.016124632466482148,0.00020292058470961164
2022-04-20 00:00:00+00:00,419.7360534667969,-0.0007417683031619555,-8.708527383356412,0.6874354005743573,0.014005092484614845,-0.0007142952900522731,0.00016909932808656212
2022-04-21 00:00:00+00:00,413.4595031738281,-0.015066496631069395,-8.530665251127397,0.6874354005743573,0.01530764043349007,-0.015036972553022186,0.00016989357660352947
2022-04-22 00:00:00+00:00,402.1145629882813,-0.02782254238876942,-8.229879157306664,0.6874354005743573,0.01779193252098652,-0.02771254513354607,0.0002025245930595278
2022-04-25 00:00:00+00:00,404.44580078125,0.005780706291838459,-8.297398050103583,0.6874354005743573,0.017201312327204493,0.0060439599750325215,0.00027259101882734217
2022-04-26 00:00:00+00:00,392.7326965332031,-0.02938851790758527,-8.018558740897682,0.6874354005743573,0.019774739366255997,-0.029161674531487294,0.0002550038365258626
2022-04-27 00:00:00+00:00,393.8370666503906,0.0028080683864672414,-8.058425411839908,0.6874354005743573,0.01938446550497874,0.0031934520187460826,0.0003358656356250006
2022-04-28 00:00:00+00:00,403.7851257324219,0.02494558212293072,-8.292318621065048,0.6874354005743573,0.01724505427238715,0.025306939364800385,0.00032289641825957485
2022-04-29 00:00:00+00:00,388.8630065917969,-0.037655756022568536,-7.932893518864504,0.6874354005743573,0.020640144563237938,-0.03742621554388187,0.00025628650054626567
2022-05-02 00:00:00+00:00,391.2037048339844,0.0060012951021368955,-7.99943350113349,0.6874354005743564,0.019964744708618226,0.006439935086392012,0.00036552321575942094
2022-05-03 00:00:00+00:00,392.9969787597656,0.004573515655188629,-8.054416135229928,0.6874354005743556,0.019423363322052658,0.004970594463377582,0.00034227098035896126
2022-05-04 00:00:00+00:00,404.9649658203125,0.02999863501193606,-8.332175127136965,0.6874354005743555,0.01690479214290214,0.03036238717943517,0.0003241777182870497
2022-05-05 00:00:00+00:00,390.5713195800781,-0.0361899700450481,-7.9794454147926706,0.6874354005743555,0.02016527360727631,-0.03598141214935058,0.00024639264993963906
2022-05-06 00:00:00+00:00,388.2400512695313,-0.005986752019179944,-7.9452751143852876,0.6874354005743555,0.02051276031440642,-0.005577331765550712,0.0003490958917315493
2022-05-09 00:00:00+00:00,375.8097229003906,-0.03254087796893467,-7.692228059475109,0.6874354005743548,0.02327944248450496,-0.03211007537046197,0.00036107997505528417
2022-05-10 00:00:00+00:00,376.6779479980469,0.002307613842763323,-7.729907537397941,0.687435400574354,0.02284496939548154,0.0029085102505622,0.0004636152145260161
2022-05-11 00:00:00+00:00,370.6940612792969,-0.016013483286545577,-7.630693780550408,0.6874354005743535,0.024006816570189445,-0.015439280857525401,0.0004466770273008766
2022-05-12 00:00:00+00:00,370.3070068359375,-0.0010446799477497244,-7.645000001315346,0.6874354005743527,0.02383570587776739,-0.0003991073234565619,0.0004926689336587429
2022-05-13 00:00:00+00:00,379.1602783203125,0.02362660383630271,-7.835471715516593,0.6874354005743527,0.021670434070642806,0.024261668136544397,0.0004857557762007416
2022-05-16 00:00:00+00:00,377.6217956542969,-0.0040658594814498164,-7.822109459959271,0.6874354005743523,0.021815701745271268,-0.0035638517756900793,0.0004024461702805634
2022-05-17 00:00:00+00:00,385.3896484375,0.020361742202338117,-7.999826322732165,0.6874354005743518,0.019960823802218215,0.020872681561624928,0.00040779326883538255
2022-05-18 00:00:00+00:00,369.85400390625,-0.04114655261761714,-7.665218918311195,0.6874354005743518,0.023595953722567457,-0.04074971513459386,0.0003421381973459128
2022-05-19 00:00:00+00:00,367.5887145996094,-0.006143653940762094,-7.6420412851293085,0.6874354005743519,0.023870993517252418,-0.005523314955832536,0.0004761505504539606
2022-05-20 00:00:00+00:00,367.7491760253906,0.0004364291038825158,-7.666709990589267,0.6874354005743519,0.02357836864230321,0.0010736605791632926,0.00048717750709332316
2022-05-23 00:00:00+00:00,374.6298828125,0.018537440523625114,-7.821885369428667,0.6874354005743514,0.021818146228304882,0.01915669938041378,0.00047544976587510603
2022-05-24 00:00:00+00:00,371.7699890136719,-0.00766320548087815,-7.780872397415164,0.6874354005743509,0.022270178696913345,-0.007152115830960348,0.0004078835449713077
2022-05-25 00:00:00+00:00,375.0545349121094,0.008796087891094475,-7.867570130848661,0.6874354005743506,0.02132541680656914,0.009334965690427329,0.00042474695922634835
2022-05-26 00:00:00+00:00,382.5486450195313,0.019784379872688728,-8.04358142885371,0.68743540057435,0.019528872072314876,0.02026517155826291,0.00038988627571480384
2022-05-27 00:00:00+00:00,391.93988037109375,0.024252639926369873,-8.270078251083923,0.6874354005743505,0.01743789267826992,0.02462288793775968,0.0003276658084248259
2022-05-31 00:00:00+00:00,389.7407836914063,-0.005626600688714303,-8.226966087818749,0.6874354005743505,0.017817865970765987,-0.0053851709009988605,0.0002619790687205573
2022-06-01 00:00:00+00:00,386.58831787109375,-0.008121512234255857,-8.161925119140948,0.6874354005743505,0.018406836499313028,-0.007856660158629427,0.0002733765233874278
2022-06-02 00:00:00+00:00,393.9503173828125,0.018864454628352286,-8.349502156283195,0.6874354005743505,0.016758969808849528,0.019165599972463695,0.0002915164345659415
2022-06-03 00:00:00+00:00,387.4849548339844,-0.016547781528979833,-8.192292471239895,0.6874354005743505,0.01812946415160566,-0.0163482174777806,0.0002422114402906558
2022-06-06 00:00:00+00:00,388.6647033691406,0.0030400050589574445,-8.233721199651475,0.6874354005743505,0.017757786649887117,0.003324060088786133,0.0002829018574101378
2022-06-07 00:00:00+00:00,392.3929138183594,0.009546642097555737,-8.337302679842905,0.6874354005743505,0.016861507546275873,0.009807791177295655,0.00027155846858846293
2022-06-08 00:00:00+00:00,388.1268005371094,-0.010931577219279105,-8.237837207643947,0.6874354005743505,0.017721278633704388,-0.0107256888766045,0.00024514784915869575
2022-06-09 00:00:00+00:00,378.8959655761719,-0.024070421501310262,-8.019346113554445,0.6874354005743505,0.019766955853951898,-0.023811522672100825,0.00027045662909132734
2022-06-10 00:00:00+00:00,367.9097290039063,-0.029424063782940976,-7.781891502057009,0.6874354005743505,0.022258833766334297,-0.02903915926924639,0.00033560451669301203
2022-06-13 00:00:00+00:00,353.9408264160156,-0.0387078643131695,-7.505122412569843,0.6874354005743505,0.025562424947740768,-0.038169683844834,0.00042431960124297347
2022-06-14 00:00:00+00:00,352.874267578125,-0.0030179311575634768,-7.508600916446,0.6874354005743497,0.025518004091336463,-0.0022768660197857397,0.0005577298005586634
2022-06-15 00:00:00+00:00,357.9049377441406,0.01415560312494666,-7.626807177052999,0.6874354005743496,0.024053514418119985,0.014893942451636466,0.000555816726540973
2022-06-16 00:00:00+00:00,346.0597229003906,-0.03365604441084837,-7.410054151189851,0.6874354005743492,0.026806854733731476,-0.03300760411728229,0.0004945639836564731
2022-06-17 00:00:00+00:00,346.8057556152344,0.0021534714205961626,-7.448808526230453,0.6874354005743489,0.02629241359054164,0.0029708757419015896,0.0006126423867689213
2022-06-21 00:00:00+00:00,355.5360717773437,0.024861870702196448,-7.634650673153239,0.6874354005743487,0.023959367326105457,0.02564772214860344,0.000589633106054853
2022-06-22 00:00:00+00:00,354.8915405273437,-0.0018144886704088586,-7.643405091516839,0.6874354005743489,0.023854721359183456,-0.0011718299276996056,0.0004907470711122543
2022-06-23 00:00:00+00:00,358.370361328125,0.00975475734052653,-7.734642273373938,0.6874354005743487,0.02279095091229036,0.010390989473159678,0.00048652165064916715
2022-06-24 00:00:00+00:00,369.7643737792969,0.031298994659884394,-7.988745889622221,0.6874354005743487,0.020071717993967914,0.03186987776808267,0.0004445928457719568
2022-06-27 00:00:00+00:00,368.3519287109375,-0.0038271659564327147,-7.972498455699011,0.6874354005743489,0.020235439061296257,-0.0034235033462454217,0.0003459034878847685
2022-06-28 00:00:00+00:00,360.8255004882813,-0.020644345878278066,-7.815384156461425,0.6874354005743488,0.02188918383098991,-0.020230607683606613,0.00035149965531438453
2022-06-29 00:00:00+00:00,360.5315856933594,-0.0008148940845435321,-7.827938616360114,0.6874354005743487,0.021752210746223563,-0.0002994370217349832,0.0004105113136634472
2022-06-30 00:00:00+00:00,357.6025695800781,-0.008157340334493985,-7.782784898364929,0.6874354005743489,0.022248893006806332,-0.007650304573031401,0.00040545196715316423
2022-07-01 00:00:00+00:00,361.38470458984375,0.01052082570003682,-7.882719680886196,0.6874354005743489,0.02116449182678785,0.011058395143015973,0.00042394531232359207
2022-07-05 00:00:00+00:00,362.0672302246094,0.001886858834475866,-7.915742795617312,0.6874354005743489,0.02081790234615533,0.0023577533890566053,0.00038409527551862846
2022-07-06 00:00:00+00:00,363.2900085449219,0.0033715234735388127,-7.960636533522718,0.6874354005743493,0.020355811271564092,0.003821099116032755,0.0003717683627793122
2022-07-07 00:00:00+00:00,368.7311096191406,0.014866241282128975,-8.10151604070688,0.6874354005743487,0.018971288102055592,0.015287386686561669,0.0003556423994306585
2022-07-08 00:00:00+00:00,368.4278564453125,-0.0008227619954324479,-8.10854188355403,0.6874354005743488,0.018904760379396236,-0.0004868475966268899,0.0003094409911427519
2022-07-11 00:00:00+00:00,364.2190856933594,-0.01148934584459211,-8.019523680404545,0.6874354005743489,0.019765200953812536,-0.011157528751909129,0.00030730090388903766
2022-07-12 00:00:00+00:00,360.9960632324219,-0.008888517250242934,-7.958742909142379,0.6874354005743489,0.020375093528714385,-0.008503720760755885,0.0003355456576850242
2022-07-13 00:00:00+00:00,359.10028076171875,-0.005265370020057117,-7.931435570280505,0.6874354005743485,0.020655196183463224,-0.004843038114792496,0.0003563082471858256
2022-07-14 00:00:00+00:00,358.22821044921875,-0.002431440414866737,-7.928492098284059,0.6874354005743488,0.02068561755986309,-0.001991874410530399,0.0003660499981760651
2022-07-15 00:00:00+00:00,365.0721740722656,0.018924828554211976,-8.1013057514112,0.6874354005743493,0.01897328293633339,0.019366266146208833,0.00036711584099894366
2022-07-18 00:00:00+00:00,362.0578002929688,-0.008291202821784981,-8.04142446013974,0.6874354005743489,0.01954994501673232,-0.007955165567937508,0.0003095052749297533
2022-07-19 00:00:00+00:00,371.8403015136719,0.02666059669497153,-8.288675318495407,0.6874354005743489,0.01727649737815113,0.027032142050222172,0.00032836468268881785
2022-07-20 00:00:00+00:00,374.2101135253906,0.006352975440984562,-8.36248785993162,0.6874354005743487,0.01665050879284049,0.006584454631415226,0.0002572104836079996
2022-07-21 00:00:00+00:00,378.0206909179688,0.010131491466217054,-8.47592116202266,0.6874354005743488,0.015732428993466805,0.010324365377175916,0.00023912442276468742
2022-07-22 00:00:00+00:00,374.5134582519531,-0.009321193100853753,-8.383720196311897,0.6874354005743489,0.016474679160891657,-0.009184970281697511,0.0002137776766244544
2022-07-25 00:00:00+00:00,374.9684448242188,0.001214136395530216,-8.406041193373168,0.6874354005743489,0.016291835738060676,0.0013961635727505733,0.00023416150815263982
2022-07-26 00:00:00+00:00,370.53216552734375,-0.011901617788581668,-8.291539020412289,0.6874354005743489,0.017251777710484993,-0.01173087151847197,0.00022905514726425267
2022-07-27 00:00:00+00:00,380.1535339355469,0.025634950286242016,-8.55516191438552,0.6874354005743489,0.015121290941886948,0.025864905320747478,0.0002564839366139556
2022-07-28 00:00:00+00:00,384.921630859375,0.012464549565905512,-8.701843506223243,0.6874354005743489,0.014051974938824565,0.01256303919849947,0.00019768284442089258
2022-07-29 00:00:00+00:00,390.5332336425781,0.014473313659208276,-8.880729068832528,0.6874354005743488,0.01284969620770033,0.01450573573674349,0.00017101896179455252
2022-08-01 00:00:00+00:00,389.3768615722656,-0.0029654005629542292,-8.843002794616691,0.6874354005743488,0.013094382307520263,-0.003007334832350855,0.00014331921369467354
2022-08-02 00:00:00+00:00,386.8079833984375,-0.00661926748510753,-8.759445554880985,0.6874354005743489,0.013653036165627377,-0.006646062210819646,0.00014876081688081435
2022-08-03 00:00:00+00:00,392.8651428222656,0.015538001976416653,-8.955569354504767,0.6874354005743488,0.012377744068735517,0.01554576017403566,0.00016155992738148048
2022-08-04 00:00:00+00:00,392.5997009277344,-0.0006758848769574684,-8.946317352094312,0.6874354005743488,0.012435136173339347,-0.0007470304073936947,0.00013310635629100727
2022-08-05 00:00:00+00:00,391.9362182617188,-0.0016914020326247886,-8.923462820335446,0.6874354005743488,0.012578050787109397,-0.001758994588431073,0.0001343283863309587
2022-08-08 00:00:00+00:00,391.481201171875,-0.0011616211989211537,-8.908398795655367,0.6874354005743488,0.012673146502327646,-0.0012203672042820689,0.00013739537979465683
2022-08-09 00:00:00+00:00,389.9266052246094,-0.003978967155415961,-8.856115686659885,0.6874354005743489,0.013008810526655135,-0.004031827326888888,0.0001394551066791164
2022-08-10 00:00:00+00:00,398.1166076660156,0.02078641677681292,-9.12823256233004,0.6874354005743489,0.011353980904181887,0.02075432783645461,0.00014684639004629174
2022-08-11 00:00:00+00:00,398.1166076660156,0.0,-9.125074800543786,0.6874354005743489,0.01137192164711356,-0.00013455841354516432,0.00011223498809461176
2022-08-12 00:00:00+00:00,404.85638427734375,0.016787451037651516,-9.371346616373339,0.6874354005743489,0.010054410519201825,0.01665400447498923,0.00011258561598955936
2022-08-15 00:00:00+00:00,406.5246887207031,0.004112264507756739,-9.432598020302294,0.6874354005743488,0.009751154555060471,0.003897107750807989,8.827447267767047e-05
2022-08-16 00:00:00+00:00,407.3209838867188,0.0019568708096013862,-9.457514333442708,0.6874354005743489,0.009630426729416533,0.0017228885977306756,8.309195631958688e-05
2022-08-17 00:00:00+00:00,404.4297790527344,-0.007123410760220487,-9.323411321345537,0.6874354005743488,0.010298302165848795,-0.007364889465317783,8.107186660802335e-05
2022-08-18 00:00:00+00:00,405.6051635742188,0.0029020608483687946,-9.36413947521709,0.6874354005743488,0.010090707657500326,0.0027020392988998864,9.255477345477295e-05
2022-08-19 00:00:00+00:00,400.1546936035156,-0.013528976547157257,-9.130388243551094,0.6874354005743488,0.01134174971529239,-0.013741880527582632,8.890514867744194e-05
2022-08-22 00:00:00+00:00,391.8224487304688,-0.02104240608296321,-8.813792218942575,0.6874354005743488,0.01328703296473542,-0.02117772251856703,0.00011199625543243763
2022-08-23 00:00:00+00:00,390.8744812011719,-0.002422311769904988,-8.78543370121498,0.6874354005743488,0.013476775268308728,-0.0024371889930822474,0.00015311564053343359
2022-08-24 00:00:00+00:00,392.1257934570313,0.0031962014870517692,-8.828572793441053,0.6874354005743489,0.013189199926835374,0.0031930597900680494,0.00015746536109359708
2022-08-25 00:00:00+00:00,397.6616821289063,0.014018908900520419,-9.010687514476569,0.6874354005743489,0.01204128241178872,0.01399797992390134,0.00015089639315163917
2022-08-26 00:00:00+00:00,384.2012023925781,-0.034435218958922036,-8.526251366147005,0.6874354005743488,0.015341460821686127,-0.0345271979107,0.0001260531602869485
2022-08-29 00:00:00+00:00,381.6607666015625,-0.006634211415349737,-8.460371554799679,0.6874354005743488,0.015855222267472192,-0.006522125836982457,0.00020340951958650592
2022-08-30 00:00:00+00:00,377.4709167480469,-0.011038644520696198,-8.350826522875499,0.6874354005743488,0.016747875972463345,-0.010894842321898584,0.00021708656931900626
2022-08-31 00:00:00+00:00,374.5987548828125,-0.007638057847669299,-8.283778425436244,0.6874354005743488,0.01731884978584464,-0.007439178067036505,0.00024189478979803967
2022-09-01 00:00:00+00:00,375.7742004394531,0.003132966106431173,-8.325950723726832,0.6874354005743489,0.01695748521904256,0.003367056583698282,0.00025845764139136935
2022-09-02 00:00:00+00:00,371.8118286132813,-0.010600543019597721,-8.23060067493061,0.6874354005743487,0.01778551508219093,-0.010388735420912369,0.00024791222654959384
2022-09-06 00:00:00+00:00,370.4090270996094,-0.0037800155390504708,-8.206822879792945,0.6874354005743489,0.01799822720000957,-0.0035171573951922035,0.0002723968117416032
2022-09-07 00:00:00+00:00,377.0632934570313,0.01780518681617014,-8.387582973144637,0.6874354005743489,0.016442890864052595,0.01808115456272263,0.00027887040070596355
2022-09-08 00:00:00+00:00,379.5279541015625,0.006515193959098892,-8.464570204071874,0.6874354005743487,0.015821971922600996,0.006695260001237509,0.000233269747755456
2022-09-09 00:00:00+00:00,385.4240417480469,0.01541588085216291,-8.63829761652448,0.6874354005743488,0.014505616159643379,0.01555763075399203,0.0002161880992467399
2022-09-12 00:00:00+00:00,389.56646728515625,0.010690363145827638,-8.768699477749875,0.6874354005743488,0.01359001001605033,0.010750820631221014,0.00018209780942790053
2022-09-13 00:00:00+00:00,372.6271057128906,-0.0444562954610948,-8.218182193366378,0.6874354005743488,0.017896293195843155,-0.044452434573589675,0.00016008985925892514
2022-09-14 00:00:00+00:00,374.0489501953125,0.003808468718819319,-8.266853022215923,0.6874354005743489,0.017466035961735068,0.004078154436070554,0.00027575881608136836
2022-09-15 00:00:00+00:00,369.80224609375,-0.011418278983916424,-8.167570976893478,0.6874354005743487,0.018354948581446845,-0.011175114177656828,0.00026281501899748036
2022-09-16 00:00:00+00:00,366.9810485839844,-0.007658184755858993,-8.110016346538421,0.6874354005743489,0.01889082833089561,-0.007360236248324156,0.0002898952074042233
2022-09-19 00:00:00+00:00,369.8270263671875,0.007725192037396904,-8.193788405152098,0.6874354005743488,0.01811590898153004,0.008056151061471593,0.00030685366163926784
2022-09-20 00:00:00+00:00,365.5819091796875,-0.01154504421730016,-8.098436710013155,0.6874354005743489,0.01900052003485395,-0.011261824471592468,0.0002824841340972797
2022-09-21 00:00:00+00:00,359.204833984375,-0.01759756182787071,-7.955446926444304,0.6874354005743488,0.020408699189899265,-0.017259847149768845,0.00031038365352694205
2022-09-22 00:00:00+00:00,356.1875305175781,-0.008435430704110406,-7.901835683994039,0.6874354005743492,0.020963165253556047,-0.00801103096453854,0.00035747017539620595
2022-09-23 00:00:00+00:00,350.2196655273437,-0.016896789866177188,-7.782206631146123,0.6874354005743493,0.022255326839620435,-0.01643827849755701,0.00037691065930879955
2022-09-26 00:00:00+00:00,346.75506591796875,-0.009941904606266172,-7.725528723124476,0.6874354005743496,0.022895041128217355,-0.009403939696646746,0.000424187540014263
2022-09-27 00:00:00+00:00,345.869873046875,-0.002556053942732084,-7.726785119908243,0.6874354005743492,0.022880663016824558,-0.001978774797948026,0.0004486132310119341
2022-09-28 00:00:00+00:00,352.6752624511719,0.01948508227472556,-7.8921339221001885,0.6874354005743487,0.021065102114369724,0.020061477948180258,0.0004480568263386238
2022-09-29 00:00:00+00:00,345.30828857421875,-0.021110089045535397,-7.739269196374589,0.6874354005743492,0.022738285867564725,-0.020645307568267494,0.00038054004399489113
2022-09-30 00:00:00+00:00,339.96856689453125,-0.015584445061426283,-7.6425728178588574,0.6874354005743489,0.023864650253032246,-0.015016798200673443,0.00044256551781832827
2022-10-03 00:00:00+00:00,348.9442138671875,0.026058900746779856,-7.850252632450996,0.6874354005743487,0.02151086997983741,0.02669574265613326,0.000486921787166384
2022-10-04 00:00:00+00:00,359.7568359375,0.030516283725001096,-8.110125028645875,0.6874354005743487,0.018889801811269667,0.031008479931566846,0.00039661300948873063
2022-10-05 00:00:00+00:00,358.9192199707031,-0.0023309983383475634,-8.10341036776939,0.6874354005743487,0.018953327696887498,-0.002000102537461232,0.0003068207213516649
2022-10-06 00:00:00+00:00,355.2166748046875,-0.010369394310487594,-8.02477992172819,0.6874354005743489,0.019713323820343614,-0.010034586038911015,0.00030886251175997774
2022-10-07 00:00:00+00:00,345.30828857421875,-0.028290346761519557,-7.796339491724818,0.6874354005743489,0.022098615471029752,-0.027908743661261195,0.00033380801166324426
2022-10-10 00:00:00+00:00,342.6717224121094,-0.007664696728536321,-7.756459829125657,0.6874354005743489,0.022543680651505128,-0.0071363647520254776,0.00041830694287459596
2022-10-11 00:00:00+00:00,340.5015869140625,-0.0063531252398293745,-7.7282571773958955,0.6874354005743489,0.022863828387311973,-0.00579743759344522,0.0004351139321568691
2022-10-12 00:00:00+00:00,339.3785400390625,-0.0033036644311474953,-7.723875159315959,0.6874354005743487,0.022913978161238784,-0.002728303179812175,0.0004474057925989865
2022-10-13 00:00:00+00:00,348.3350524902344,0.0260486894091614,-7.937864163731744,0.6874354005743488,0.020588910841452614,0.026627132140495564,0.0004493465773059377
2022-10-14 00:00:00+00:00,340.3970031738281,-0.02305221827398865,-7.764337658136326,0.6874354005743487,0.02245505767453048,-0.022616730401320416,0.00036373292611367904
2022-10-17 00:00:00+00:00,349.1440734863281,0.025372062205618905,-7.976482131530082,0.6874354005743487,0.020195173461123556,0.025922303223086203,0.0004317411971276753
2022-10-18 00:00:00+00:00,353.24639892578125,0.011681172359998632,-8.091259035143242,0.6874354005743484,0.01906883231996127,0.012092432655570098,0.00035011922007979686
2022-10-19 00:00:00+00:00,350.7431640625,-0.007111598083081018,-8.042421727208513,0.6874354005743487,0.019540199188551877,-0.006769676452968018,0.000312592087601914
2022-10-20 00:00:00+00:00,347.8020324707031,-0.008420783611170208,-7.984478872502628,0.6874354005743489,0.020114586890435555,-0.008049838250174475,0.00032804137549728826
2022-10-21 00:00:00+00:00,356.2541198730469,0.024010850377248733,-8.203789933012711,0.6874354005743487,0.018025541738278306,0.024417151285779166,0.00034736450813522006
2022-10-24 00:00:00+00:00,360.6134033203125,0.012162183502688268,-8.331165847906663,0.6874354005743489,0.016913325123562285,0.012439834526509413,0.00027970711899014426
2022-10-25 00:00:00+00:00,366.3718872070313,0.015842423226658093,-8.500845643172784,0.6874354005743489,0.015537584300965837,0.01605150737925214,0.00024663841317970213
2022-10-26 00:00:00+00:00,363.6116333007813,-0.007562546233130517,-8.426175667324488,0.6874354005743488,0.01612864478618072,-0.007438351632486076,0.00020857873876307386
2022-10-27 00:00:00+00:00,361.6700439453125,-0.0053540412076393306,-8.378971031234762,0.6874354005743488,0.01651384613055269,-0.005193364650310542,0.000224544590956604
2022-10-28 00:00:00+00:00,370.27435302734375,0.02351191017492554,-8.630474566202594,0.6874354005743489,0.0145624663552279,0.023696353640695583,0.00023526257370563698
2022-10-31 00:00:00+00:00,367.5997619628906,-0.007249482597915078,-8.55179539369496,0.6874354005743488,0.015146765445394776,-0.007185512485017964,0.00018351041612879118
2022-11-01 00:00:00+00:00,365.9911804199219,-0.004385507039803699,-8.509720701773984,0.6874354005743489,0.01546878856979801,-0.004285444180824511,0.00019834131125590147
2022-11-02 00:00:00+00:00,356.80621337890625,-0.025416421164917304,-8.238833009583605,0.6874354005743489,0.01771245738812166,-0.025296473924678372,0.00020675819826214975
2022-11-03 00:00:00+00:00,353.1322326660156,-0.010350231155761815,-8.151773577773177,0.6874354005743489,0.018500502893871732,-0.010091876051592393,0.0002701907290778805
2022-11-04 00:00:00+00:00,358.2148742675781,0.014290430222569362,-8.296628917323776,0.6874354005743487,0.017207928645913112,0.01459734611433941,0.0002944543252766316
2022-11-07 00:00:00+00:00,361.6414184570313,0.009520150352097067,-8.401806332684828,0.6874354005743487,0.016326369113520662,0.009747401691885033,0.0002551976457117983
2022-11-08 00:00:00+00:00,363.5926513671875,0.005380987186090098,-8.467244782462629,0.6874354005743489,0.015800827511746548,0.0055538641829335576,0.00023001531960341296
2022-11-09 00:00:00+00:00,356.10186767578125,-0.020817316260770956,-8.252219291994354,0.6874354005743487,0.01759430126862235,-0.020676871473868895,0.00021561770531555797
2022-11-10 00:00:00+00:00,375.6711120605469,0.05349722357127093,-8.780570988435667,0.6874354005743487,0.013509581978209784,0.05374829543414421,0.0002666415848649674
2022-11-11 00:00:00+00:00,379.3070068359375,0.00963186294723781,-8.90434063834905,0.6874354005743488,0.012698887419705235,0.009630750133680662,0.00015822353429571044
2022-11-14 00:00:00+00:00,376.0804138183594,-0.00854293453361437,-8.791442440409519,0.6874354005743489,0.01343634681583985,-0.008594201595210066,0.00014001524512088104
2022-11-15 00:00:00+00:00,379.28802490234375,0.008492889561518403,-8.901323190056026,0.6874354005743489,0.012718060997972448,0.00848724754247029,0.00015653352072240008
2022-11-16 00:00:00+00:00,376.39453125,-0.007657998109130784,-8.800418226892267,0.6874354005743488,0.013376181035559768,-0.007708078540258023,0.00014043319469284355
2022-11-17 00:00:00+00:00,375.2427673339844,-0.003064682446332197,-8.764368758611248,0.6874354005743488,0.013619469157592051,-0.003074045624671156,0.0001551518092257392
2022-11-18 00:00:00+00:00,376.9466247558594,0.004530402459895946,-8.824044734897447,0.6874354005743489,0.013219094489854732,0.00453608502204651,0.00016077615993140932
2022-11-21 00:00:00+00:00,375.575927734375,-0.003642943411673195,-8.779722501563992,0.6874354005743489,0.013515314545601011,-0.003662023113210865,0.00015157282466743405
2022-11-22 00:00:00+00:00,380.6300659179688,0.013367292731912507,-8.950243517563415,0.6874354005743489,0.012410748917148204,0.013366534434495154,0.00015835620027082026
2022-11-23 00:00:00+00:00,383.02874755859375,0.006282097415503018,-9.0359192006862,0.6874354005743489,0.011890325707327823,0.006212995141675574,0.00013380844317503098
2022-11-25 00:00:00+00:00,382.9430236816406,-0.0002238303826059712,-9.03126916851423,0.6874354005743488,0.011918003068552034,-0.000325158745811935,0.00012295031201561902
2022-11-28 00:00:00+00:00,376.8323669433594,-0.016085776336721275,-8.801754897258785,0.6874354005743488,0.013367244249872862,-0.01618539041140888,0.00012351634888026455
2022-11-29 00:00:00+00:00,376.1851501464844,-0.0017189957512555914,-8.782695858825514,0.6874354005743489,0.013495236544743517,-0.0017289116732153908,0.00015494709132256958
2022-11-30 00:00:00+00:00,388.0351867675781,0.0310145802637035,-9.17477219287787,0.6874354005743489,0.011092826161389178,0.031012580285019235,0.00015789178564125267
2022-12-01 00:00:00+00:00,387.7496948242188,-0.0007360080430062491,-9.159548055045677,0.6874354005743489,0.0111775877147146,-0.0008867535817529542,0.00010719222818612885
2022-12-02 00:00:00+00:00,387.3023376464844,-0.00115439275989826,-9.13836876113491,0.6874354005743488,0.011296583371404541,-0.0012998840276564336,0.0001088163811349748
2022-12-05 00:00:00+00:00,380.33502197265625,-0.01815312117664815,-8.86358970083044,0.6874354005743489,0.012960287231963895,-0.018291236861348686,0.00011111685789021904
2022-12-06 00:00:00+00:00,374.8525695800781,-0.014519700196058615,-8.675655263508263,0.6874354005743488,0.014237183126984779,-0.014554791398334502,0.00014576625916788526
2022-12-07 00:00:00+00:00,374.2148132324219,-0.0017028014205111876,-8.660291274409307,0.6874354005743488,0.014346974257674798,-0.0016589320058172517,0.00017550064646296553
2022-12-08 00:00:00+00:00,377.146484375,0.007803665239195207,-8.75759462706587,0.6874354005743489,0.013665677406431044,0.007854319757429722,0.0001781844066310473
2022-12-09 00:00:00+00:00,374.3291015625,-0.007498303513029875,-8.668175700047916,0.6874354005743489,0.014290526768949175,-0.007489763653101315,0.00016185557987213937
2022-12-12 00:00:00+00:00,379.7258605957031,0.014314211700427754,-8.842878290353635,0.6874354005743489,0.013095197486102985,0.01436137783740294,0.0001768020788788062
2022-12-13 00:00:00+00:00,382.6003112792969,0.007541297708019816,-8.94231240352734,0.6874354005743489,0.012460062162234742,0.0075145534143081375,0.00014877911307745162
2022-12-14 00:00:00+00:00,380.1542053222656,-0.006413896711087275,-8.855478884111182,0.6874354005743489,0.01301295320798713,-0.006479946235453641,0.0001348608443833663
2022-12-15 00:00:00+00:00,370.8549499511719,-0.02476595820758156,-8.535216069934176,0.6874354005743488,0.015272848882026735,-0.024797790835862556,0.0001469387887763239
2022-12-16 00:00:00+00:00,366.4765319824219,-0.011876529190131008,-8.41066778462311,0.6874354005743488,0.016254191463679957,-0.011768680283742377,0.0002016162437497949
2022-12-19 00:00:00+00:00,363.3689575195313,-0.008515756518841186,-8.331147657961539,0.6874354005743489,0.016913478950489738,-0.008347332982366803,0.0002280107384572848
2022-12-20 00:00:00+00:00,363.8662414550781,0.0013676016060696905,-8.35555421752735,0.6874354005743487,0.016708333305457686,0.0015766952456449722,0.00024664284474696036
2022-12-21 00:00:00+00:00,369.306884765625,0.01484163285583286,-8.516593871233702,0.6874354005743489,0.015415720006745145,0.015038073589931755,0.00024076779061474058
2022-12-22 00:00:00+00:00,364.0383605957031,-0.014368716093532066,-8.366155022725424,0.6874354005743489,0.01662000670224765,-0.014252045396092067,0.00020535923050124018
2022-12-23 00:00:00+00:00,366.1324157714844,0.005735811359956771,-8.434829795102774,0.6874354005743487,0.01605900588439109,0.005926803731732698,0.0002382597951273142
2022-12-27 00:00:00+00:00,364.6884765625,-0.0039515594122573475,-8.402055178416227,0.6874354005743487,0.016324337866258514,-0.0037951803080272443,0.000222633275817738
2022-12-28 00:00:00+00:00,360.1562194824219,-0.012505619952785006,-8.281584887956488,0.6874354005743489,0.017337854979146243,-0.012332868283399804,0.00022995878752931175
2022-12-29 00:00:00+00:00,366.6391906738281,0.017840352453851245,-8.467796557219174,0.6874354005743489,0.01579646886414537,0.018075614692991262,0.0002590182585154297
2022-12-30 00:00:00+00:00,365.6733703613281,-0.0026377285434467605,-8.447893587811429,0.6874354005743487,0.01595445196183184,-0.0024975527918066854,0.00021550021847163687
2023-01-03 00:00:00+00:00,364.1339111328125,-0.0042188165311005926,-8.411789811367912,0.6874354005743488,0.01624507520232263,-0.00406888993203912,0.00021977883134679976
2023-01-04 00:00:00+00:00,366.9451293945313,0.007690637979945795,-8.501461164405654,0.6874354005743488,0.015532803180201537,0.007858499013379929,0.00022775816994799776
2023-01-05 00:00:00+00:00,362.757080078125,-0.01147891632681221,-8.384001049847013,0.6874354005743489,0.016472365837380605,-0.011355016899004667,0.0002084519612016837
2023-01-06 00:00:00+00:00,371.0758361816406,0.02267304254833644,-8.627380756443696,0.6874354005743489,0.014585010537847137,0.022854927009817765,0.00023409655555893153
2023-01-09 00:00:00+00:00,370.865478515625,-0.0005670466585029712,-8.626515811784762,0.6874354005743489,0.014591319515460532,-0.0005016836449186547,0.00018407208381053853
2023-01-10 00:00:00+00:00,373.4663696289063,0.006988554111607338,-8.713407471326326,0.6874354005743489,0.013970961100912059,0.007054306923001781,0.00018422941800678335
2023-01-11 00:00:00+00:00,378.1897888183594,0.012568197072507094,-8.869999283778078,0.6874354005743488,0.012918818698438512,0.012595611273236525,0.00016907658119352779
2023-01-12 00:00:00+00:00,379.5667724609375,0.003634373434998589,-8.919102198617542,0.6874354005743489,0.012605504766053396,0.003596716358335419,0.0001448462884074448
2023-01-13 00:00:00+00:00,381.039306640625,0.003872006968879931,-8.971689858062227,0.6874354005743488,0.012278377333509102,0.0038149602498701797,0.0001379884656182211
2023-01-17 00:00:00+00:00,380.3412780761719,-0.001833586970908898,-8.946132031660142,0.6874354005743489,0.012436288469141816,-0.0019108844770807758,0.00013100361632757917
2023-01-18 00:00:00+00:00,374.3363952636719,-0.01591410414408142,-8.729880577717923,0.6874354005743488,0.013856361138828707,-0.0159816253667338,0.00013435297823719846
2023-01-19 00:00:00+00:00,371.611328125,-0.007306354522883287,-8.644551519587607,0.6874354005743489,0.014460328643811318,-0.007286024934307098,0.00016634765554933352
2023-01-20 00:00:00+00:00,378.5340881347656,0.018457638741242184,-8.866236767035275,0.6874354005743488,0.012943145209315124,0.01851529790707222,0.0001809763683296723
2023-01-23 00:00:00+00:00,383.075927734375,0.011927084325548124,-9.023720319997,0.6874354005743489,0.011963071668952576,0.011890932469132072,0.00014538561823234484
2023-01-24 00:00:00+00:00,382.664794921875,-0.001073817389728805,-9.007300997950923,0.6874354005743489,0.012061688684396712,-0.0011706400962574026,0.00012444080581289874
2023-01-25 00:00:00+00:00,382.8082885742188,0.00037491495682437197,-9.011605772966526,0.6874354005743489,0.012035755175841352,0.0002841997448262026,0.00012647553203916205
2023-01-26 00:00:00+00:00,387.0154724121094,0.010930360786512765,-9.164095664932486,0.6874354005743489,0.011152200933745452,0.010838039534113133,0.00012593887690563583
2023-01-27 00:00:00+00:00,387.9046630859375,0.0022949231110453235,-9.195028169638114,0.6874354005743489,0.010981045160765373,0.0021478581972309545,0.0001083286687923155
2023-01-30 00:00:00+00:00,383.0377502441406,-0.01262604680509431,-8.996483325814285,0.6874354005743489,0.012127105135144296,-0.01278372226986128,0.00010506878679073366
2023-01-31 00:00:00+00:00,388.6696472167969,0.014596197937189645,-9.19920791952965,0.6874354005743488,0.01095812011319073,0.014509533723819369,0.0001278342335589843
2023-02-01 00:00:00+00:00,392.8003540039063,0.010571730845070123,-9.357628978494521,0.6874354005743489,0.010123608938934256,0.010412634022860065,0.00010463588525568125
2023-02-02 00:00:00+00:00,398.5183410644531,0.014452044715136907,-9.590965954628361,0.6874354005743489,0.009008798642725932,0.014241182662329505,8.947873605627558e-05
2023-02-03 00:00:00+00:00,394.2824096679688,-0.010686094083113789,-9.379111973585484,0.6874354005743489,0.010015448162683373,-0.0109661907713776,7.105930603126871e-05
2023-02-06 00:00:00+00:00,391.8728332519531,-0.00613004615358821,-9.267994816557563,0.6874354005743488,0.010587640134927889,-0.0063476212140203235,8.759995498238532e-05
2023-02-07 00:00:00+00:00,396.99798583984375,0.012993825032764823,-9.46936444260179,0.6874354005743488,0.00957353463623809,0.012811753286893988,9.776240239360141e-05
2023-02-08 00:00:00+00:00,392.6569213867188,-0.010994950187806267,-9.266127623029268,0.6874354005743489,0.010597529337043072,-0.01123996195694761,8.012842601324951e-05
2023-02-09 00:00:00+00:00,389.2529296875,-0.008706919856198805,-9.121727454495089,0.6874354005743488,0.011390970461906473,-0.008888378207572182,9.794287990733159e-05
2023-02-10 00:00:00+00:00,390.1612854003906,0.002330868764158526,-9.153256583127504,0.6874354005743488,0.011212804817136,0.0021986027000301654,0.00011295849079657067
2023-02-13 00:00:00+00:00,394.7414245605469,0.011670723234098877,-9.325430546278158,0.6874354005743488,0.010287910118453356,0.01152741489057311,0.00010949473774540919
2023-02-14 00:00:00+00:00,394.5597534179688,-0.0004603341559718809,-9.311025220500879,0.6874354005743488,0.010362277968635989,-0.00066100051566672,9.23703518405648e-05
2023-02-15 00:00:00+00:00,395.841064453125,0.0032421832786286926,-9.357237731320863,0.6874354005743488,0.010125589549347285,0.003046131152478929,9.369411576838089e-05
2023-02-16 00:00:00+00:00,390.3907470703125,-0.013864625193757007,-9.118796873504584,0.6874354005743489,0.01140767377727202,-0.014075364328011828,8.951332332864537e-05
2023-02-17 00:00:00+00:00,389.4155578613281,-0.002501107547292778,-9.078774968453418,0.6874354005743488,0.011638251541710703,-0.002632338488688709,0.00011328595413931158
2023-02-21 00:00:00+00:00,381.60345458984375,-0.020265053117354815,-8.782301221659917,0.6874354005743489,0.013497899668426308,-0.020381996782625655,0.00011785418359624743
2023-02-22 00:00:00+00:00,381.0775451660156,-0.0013791074049317718,-8.768053134956157,0.6874354005743489,0.01359440262831564,-0.001380942687097474,0.00015795334633517385
2023-02-23 00:00:00+00:00,383.1046142578125,0.005305211123194482,-8.837416379245594,0.6874354005743489,0.013131008765657991,0.005309343641170112,0.00016019210064181438
2023-02-24 00:00:00+00:00,379.0121765136719,-0.010739763589068202,-8.701091310131,0.6874354005743489,0.014057260853091913,-0.01076429241285127,0.00014958397244921974
2023-02-27 00:00:00+00:00,380.302978515625,0.0033999143486422856,-8.74651125936524,0.6874354005743488,0.013741618496626985,0.003432663163106059,0.00017114607715320551
2023-02-28 00:00:00+00:00,378.8974609375,-0.0037026300587463916,-8.704560382373053,0.6874354005743489,0.014032899160605239,-0.003689394620113733,0.0001636373031009874
2023-03-01 00:00:00+00:00,377.4440002441406,-0.0038434028997101828,-8.662572586422332,0.6874354005743488,0.014330618625161088,-0.0038121599610903803,0.00017056061645490648
2023-03-02 00:00:00+00:00,380.3795166015625,0.007747268261456359,-8.759273998340571,0.6874354005743488,0.01365420734968309,0.0077969120401942,0.00017778333080830264
2023-03-03 00:00:00+00:00,386.4800109863281,0.015910666450405005,-8.960005263828949,0.6874354005743488,0.012350321216135808,0.015918497067744886,0.00016158730773582904
2023-03-06 00:00:00+00:00,386.7477111816406,0.0006924226804948228,-8.96938780658308,0.6874354005743489,0.012292518198548763,0.0006195794117475355,0.00013252439826463822
2023-03-07 00:00:00+00:00,380.8193664550781,-0.0154474124417691,-8.75663875111926,0.6874354005743488,0.013672210313632376,-0.015523834424197297,0.000131301847834492
2023-03-08 00:00:00+00:00,381.4408874511719,0.0016307321040084973,-8.780327369836003,0.6874354005743489,0.013511227671159885,0.0016396759182351753,0.00016200847568502953
2023-03-09 00:00:00+00:00,374.40338134765625,-0.018622115075584592,-8.550093421504675,0.6874354005743488,0.015159660618203365,-0.018623126115233105,0.00015826161413585047
2023-03-10 00:00:00+00:00,369.0009460449219,-0.01453456809532437,-8.394598756687671,0.6874354005743488,0.016385312031690507,-0.014433708882764452,0.00019867503882954832
2023-03-13 00:00:00+00:00,368.47503662109375,-0.0014262417362415594,-8.389464293350706,0.6874354005743489,0.016427430965033296,-0.0012497280586656035,0.00023165876103005268
2023-03-14 00:00:00+00:00,374.5659484863281,0.016394918772344245,-8.568535133756406,0.6874354005743488,0.01502051806134702,0.01657403102062262,0.00023283665690706324
2023-03-15 00:00:00+00:00,372.2233581542969,-0.006273785644671066,-8.504461245782158,0.6874354005743489,0.015509520810045583,-0.006181519750804539,0.0001950886592880566
2023-03-16 00:00:00+00:00,378.7540283203125,0.017392893360178175,-8.702423666575527,0.6874354005743489,0.014047899330614323,0.017515355384609695,0.0002078351432338915
2023-03-17 00:00:00+00:00,374.3253173828125,-0.01176174069245226,-8.565057686480147,0.6874354005743489,0.015046657309035894,-0.011729570540517906,0.0001709209836493792
2023-03-20 00:00:00+00:00,377.92474365234375,0.009569833027780283,-8.679646717455283,0.6874354005743489,0.014208797930563875,0.009663713331906678,0.00019575993358918455
2023-03-21 00:00:00+00:00,382.8870239257813,0.013044884039820624,-8.83998424249427,0.6874354005743489,0.013114160266719148,0.01308699914255295,0.00017481006436225054
2023-03-22 00:00:00+00:00,376.3601684570313,-0.017193389237440106,-8.620163178489381,0.6874354005743489,0.014637739850362685,-0.017218960386810842,0.0001492050349230383
2023-03-23 00:00:00+00:00,377.3776550292969,0.002699843788151244,-8.657262621449187,0.6874354005743488,0.014368716719139548,0.002768464599232019,0.00018538909600957447
2023-03-24 00:00:00+00:00,379.8539733886719,0.006540474787524231,-8.73958700909817,0.6874354005743488,0.013789276150176414,0.006592472916780847,0.00017871827026087576
2023-03-27 00:00:00+00:00,380.564208984375,0.001868013729013662,-8.766316231913917,0.6874354005743488,0.013606213835945187,0.001884195766895157,0.0001647603618229463
2023-03-28 00:00:00+00:00,379.7099914550781,-0.0022471310699684077,-8.741682526873035,0.6874354005743489,0.013774835879820646,-0.002242268175548023,0.0001604671753229382
2023-03-29 00:00:00+00:00,385.2290344238281,0.014430271046823437,-8.922815759475359,0.6874354005743489,0.012582120827645142,0.014445560278208312,0.00016441967446054404
2023-03-30 00:00:00+00:00,387.4846801757813,0.005838260966150554,-9.001863833320158,0.6874354005743489,0.012094523990466,0.005779766882116794,0.00013748322486495853
2023-03-31 00:00:00+00:00,392.9461364746094,0.013996232177903304,-9.196646611932518,0.6874354005743488,0.010972162661240844,0.01390755036831788,0.00012715662610675998
2023-04-03 00:00:00+00:00,394.4435119628906,0.003803395933172219,-9.250750863611948,0.6874354005743488,0.010679321187059238,0.0036451697559999703,0.00010490095077029778
2023-04-04 00:00:00+00:00,392.2550354003906,-0.005563712339804341,-9.157370891574693,0.6874354005743489,0.011189762057729195,-0.005740097680756252,9.944187919828015e-05
2023-04-05 00:00:00+00:00,391.22802734375,-0.00262164861934831,-9.11410471053674,0.6874354005743488,0.011434468528540331,-0.0027663852536825052,0.000109050649543534
2023-04-06 00:00:00+00:00,392.754150390625,0.003893264459072371,-9.168727675703865,0.6874354005743489,0.0111264022627828,0.00376369397906922,0.00011381223469188431
2023-04-10 00:00:00+00:00,393.15728759765625,0.0010259101036151394,-9.180392263885082,0.6874354005743488,0.011061698681185252,0.0008772459671519013,0.00010783415188672321
2023-04-11 00:00:00+00:00,393.2628479003906,0.00026845778383211965,-9.180366721275409,0.6874354005743489,0.011061839954413242,0.00011578256551865383,0.00010659880908276358
2023-04-12 00:00:00+00:00,391.6599426269531,-0.0040842424782615355,-9.113893837021523,0.6874354005743489,0.011435674205387167,-0.004236908938502708,0.00010660149866256934
2023-04-13 00:00:00+00:00,396.86224365234375,0.013195257150234027,-9.305931405379571,0.6874354005743488,0.010388703369982594,0.013065761384486166,0.00011383594392775818
2023-04-14 00:00:00+00:00,395.8927917480469,-0.002445780459953044,-9.259721048171006,0.6874354005743489,0.010631530698541067,-0.002640193091121857,9.416673336170057e-05
2023-04-17 00:00:00+00:00,397.3133850097656,0.003581905492419495,-9.310977939712226,0.6874354005743489,0.010362522939868887,0.0034025560797201595,9.856465741822862e-05
2023-04-18 00:00:00+00:00,397.5725402832031,0.0006520565388656609,-9.315014836132027,0.6874354005743488,0.010341627818944689,0.0004560196115503416,9.369849167965219e-05
2023-04-19 00:00:00+00:00,397.50531005859375,-0.00016911608024475626,-9.30559816123097,0.6874354005743489,0.01039043450150575,-0.00036644942652550966,9.332560579847743e-05
2023-04-20 00:00:00+00:00,395.3360900878906,-0.005472028537014254,-9.2102547460109,0.6874354005743488,0.01089776073581133,-0.005666333766430529,9.419773558608879e-05
2023-04-21 00:00:00+00:00,395.6432189941406,0.0007765789020235912,-9.217605415091867,0.6874354005743489,0.010857781333208475,0.0006137396126350647,0.00010350031973876039
2023-04-24 00:00:00+00:00,396.0559692382813,0.0010426947195886313,-9.229000212353784,0.6874354005743489,0.010796096114206788,0.0008773764448458394,0.00010275153983873627
2023-04-25 00:00:00+00:00,389.7690734863281,-0.016001093241706798,-8.973759394126398,0.6874354005743489,0.012265678632396571,-0.016170236623809377,0.00010160149584957543
2023-04-26 00:00:00+00:00,388.1181640625,-0.0042446046748032,-8.914902749950103,0.6874354005743489,0.012632000658449816,-0.004322688424444854,0.00013073608552507512
2023-04-27 00:00:00+00:00,395.8447570800781,0.019712267004801044,-9.179558964437147,0.6874354005743489,0.011066308495159551,0.01965686022771923,0.00013856205019939377
2023-04-28 00:00:00+00:00,399.2234497070313,0.00849917764713886,-9.305146235318421,0.6874354005743489,0.010392782620086602,0.008346788208268566,0.0001066865886699342
2023-05-01 00:00:00+00:00,398.8203430175781,-0.0010102371007998285,-9.282274067531512,0.6874354005743488,0.010512317557031158,-0.0012043966500973136,9.42397952678768e-05
2023-05-02 00:00:00+00:00,394.3378601074219,-0.011302992555618296,-9.0947813290106,0.6874354005743489,0.011545480244376613,-0.011489736542036747,9.63931629167075e-05
2023-05-03 00:00:00+00:00,391.6311340332031,-0.006887642629400999,-8.991444726268673,0.6874354005743488,0.012157695465282538,-0.007010334257293509,0.00011600546764921875
2023-05-04 00:00:00+00:00,388.8572082519531,-0.007108209849445279,-8.891935282540036,0.6874354005743489,0.012777899317471524,-0.00719297980861203,0.0001284720556410382
2023-05-05 00:00:00+00:00,396.0559692382813,0.018343335399834577,-9.13589959092274,0.6874354005743489,0.011310538577656872,0.01829695815234296,0.0001417415181360378
2023-05-08 00:00:00+00:00,396.16156005859375,0.0002665702715047697,-9.13658138330401,0.6874354005743489,0.011306683515267094,0.00012931949534677643,0.00011138820303090861
2023-05-09 00:00:00+00:00,394.42425537109375,-0.0043949877421575936,-9.067611566996593,0.6874354005743489,0.011703394413697353,-0.0045324774440709354,0.00011131321249690524
2023-05-10 00:00:00+00:00,396.2671203613281,0.004661409960250039,-9.132872072279264,0.6874354005743488,0.011327672976268579,0.004548502109335517,0.00011916095484140029
2023-05-11 00:00:00+00:00,395.5760803222656,-0.0017453965984641942,-9.103601464157537,0.6874354005743489,0.011494676003737544,-0.0018815854455724351,0.00011172181137771188
2023-05-12 00:00:00+00:00,395.0577697753906,-0.0013111268156840567,-9.081626148208619,0.6874354005743488,0.011621671988749206,-0.00143696643268922,0.00011499917444205135
2023-05-15 00:00:00+00:00,396.4207153320313,0.003444052945217781,-9.129398509776353,0.6874354005743488,0.01134736376065934,0.0033260820783196318,0.0001175227324531046
2023-05-16 00:00:00+00:00,393.7716369628906,-0.0067049201014410306,-9.026407227217836,0.6874354005743488,0.011947010628174513,-0.006839888608039425,0.00011210580118409277
2023-05-17 00:00:00+00:00,398.5515441894531,0.012065695738233457,-9.195818215639353,0.6874354005743489,0.010976708252001784,0.011967878290083585,0.0001241109678622766
2023-05-18 00:00:00+00:00,402.3908996582031,0.009587167981102016,-9.338884684259657,0.6874354005743489,0.01021893489796307,0.009429223629924401,0.00010498682376460713
2023-05-19 00:00:00+00:00,401.8053588867188,-0.0014562138749975697,-9.3077309963952,0.6874354005743488,0.010379359865610295,-0.0016611602409190606,9.115089292582067e-05
2023-05-22 00:00:00+00:00,401.9685363769531,0.0004060283456270589,-9.307812964960167,0.6874354005743488,0.010378934483710611,0.00021103602697202463,9.399949083759643e-05
2023-05-23 00:00:00+00:00,397.4573059082031,-0.011286296031271702,-9.117803778461811,0.6874354005743488,0.011413339635978544,-0.011481314741521541,9.399188027804955e-05
2023-05-24 00:00:00+00:00,394.5777893066406,-0.007271216403817472,-9.007214121850886,0.6874354005743489,0.01206221263201264,-0.007402096229956183,0.00011339713787152715
2023-05-25 00:00:00+00:00,397.994873046875,0.008622818007863372,-9.127111483443116,0.6874354005743489,0.011360347042388096,0.008532135243065867,0.0001264863859638347
2023-05-26 00:00:00+00:00,403.1491394042969,0.01286744304039397,-9.315307854891682,0.6874354005743489,0.010340112784452623,0.012733279161259098,0.00011235934395670081
2023-05-30 00:00:00+00:00,403.302734375,0.00038091540872856337,-9.314860589566274,0.6874354005743489,0.010342425429989168,0.00018348806225322115,9.329859765506995e-05
2023-05-31 00:00:00+00:00,401.0663146972656,-0.00556069491501778,-9.217486957200393,0.6874354005743488,0.01085842444719518,-0.0057579787736523075,9.33398261634674e-05
2023-06-01 00:00:00+00:00,404.8768310546875,0.009456113055990895,-9.359697611637698,0.6874354005743489,0.010113143335750857,0.009290834659417603,0.00010276356356506296
2023-06-02 00:00:00+00:00,410.73187255859375,0.014357723402253442,-9.591667797597676,0.6874354005743488,0.009005637816364622,0.014146211839350182,8.929608549045821e-05
2023-06-05 00:00:00+00:00,409.9447937011719,-0.0019181222790868601,-9.543729961897052,0.6874354005743488,0.009224100912390879,-0.0021984154116857007,7.101005994518604e-05
2023-06-06 00:00:00+00:00,410.8373718261719,0.00217494608031612,-9.572354907899744,0.6874354005743488,0.00909302149006045,0.0019082283917612529,7.445342131197699e-05
2023-06-07 00:00:00+00:00,409.4168701171875,-0.003463567894955659,-9.496511805857903,0.6874354005743489,0.00944446448530182,-0.003738430469745696,7.237771811958135e-05
2023-06-08 00:00:00+00:00,411.8932189941406,0.006030259250306048,-9.593955110013251,0.6874354005743489,0.008995344349986157,0.005777231123612808,7.800828053578902e-05
2023-06-09 00:00:00+00:00,412.6322937011719,0.0017927278018511129,-9.6154184779817,0.6874354005743488,0.00889932530166771,0.0015117949278093505,7.084980325071358e-05
2023-06-12 00:00:00+00:00,416.3756103515625,0.009030896022152872,-9.77379127177739,0.6874354005743489,0.00822179921865906,0.0087439951086294,6.936351781745663e-05
2023-06-13 00:00:00+00:00,419.1207885742188,0.006571394215420065,-9.892497050950231,0.6874354005743487,0.007748011103155898,0.00624235896566183,5.931861517105371e-05
2023-06-14 00:00:00+00:00,419.619873046875,0.0011900806873860312,-9.900049013954016,0.6874354005743489,0.007718809922808287,0.0008315562335372763,5.275548131505733e-05
2023-06-15 00:00:00+00:00,424.82220458984375,0.012321501967952312,-10.149996454005626,0.6874354005743487,0.006812004865477344,0.011961159286205253,5.236340560769255e-05
2023-06-16 00:00:00+00:00,423.3751220703125,-0.0034121397888021206,-10.041997731906159,0.6874354005743488,0.007189961651287442,-0.003828988730152418,4.090753470385157e-05
2023-06-20 00:00:00+00:00,421.1785888671875,-0.005201654145490409,-9.898961018811221,0.6874354005743489,0.0077230100789941756,-0.005594940734341467,4.551279606592066e-05
2023-06-21 00:00:00+00:00,419.0205383300781,-0.005137009104054628,-9.768717858463958,0.6874354005743488,0.008242681986997761,-0.0054970902555501805,5.2419710945377324e-05
2023-06-22 00:00:00+00:00,420.5331115722656,0.003603283432627423,-9.826602624412374,0.6874354005743488,0.008007538350784481,0.0032755474675316017,5.96166323210803e-05
2023-06-23 00:00:00+00:00,417.3538818359375,-0.007588720241816502,-9.650317041193182,0.6874354005743489,0.008745385444253509,-0.007931088728031456,5.6303519184002186e-05
2023-06-26 00:00:00+00:00,415.6487426757813,-0.004093964392353337,-9.558248776131729,0.6874354005743487,0.009157381871916982,-0.004390435043946578,6.70131493229977e-05
2023-06-27 00:00:00+00:00,420.20556640625,0.010903500349761754,-9.747460533496337,0.6874354005743488,0.008330757907265108,0.010632637116044345,7.339327290626316e-05
2023-06-28 00:00:00+00:00,420.4176025390625,0.0005044736931897351,-9.742420162356726,0.6874354005743487,0.008351779441085401,0.00018221719686719207,6.0881674309458296e-05
2023-06-29 00:00:00+00:00,422.0745544433594,0.003933458672441035,-9.806553222141144,0.6874354005743487,0.00808821523477667,0.0036125098842689513,6.118554724390148e-05
2023-06-30 00:00:00+00:00,427.0552978515625,0.01173154028017583,-10.034093784835257,0.6874354005743488,0.007218432410242293,0.01139419274004932,5.74296941942286e-05
2023-07-03 00:00:00+00:00,427.5466613769531,0.0011499238311586044,-10.03952067356448,0.6874354005743489,0.007198872145344162,0.0007584115260630308,4.5869522532024564e-05
2023-07-05 00:00:00+00:00,426.9108276367188,-0.001488274995004409,-9.983338185367344,0.6874354005743489,0.007403964584227996,-0.001881006277017011,4.5624292894037104e-05
2023-07-06 00:00:00+00:00,423.56781005859375,-0.007861537368551047,-9.78468410104016,0.6874354005743489,0.008177141613407,-0.008241489478176229,4.8227837381968315e-05
2023-07-07 00:00:00+00:00,422.4984130859375,-0.002527928696109051,-9.716668294791967,0.6874354005743487,0.00846001170052493,-0.0028597425894322476,5.868378335734685e-05
2023-07-10 00:00:00+00:00,423.56781005859375,0.0025279286961090762,-9.752366214439965,0.6874354005743487,0.008310348927327701,0.002213712188997423,6.276190305509139e-05
2023-07-11 00:00:00+00:00,426.2653503417969,0.006348421004697256,-9.865585570712257,0.6874354005743489,0.007852970899231593,0.006024894867422776,6.0587370822292314e-05
2023-07-12 00:00:00+00:00,429.6950073242188,0.00801363125190784,-10.01948728348643,0.6874354005743488,0.007271343407571042,0.007661641489715907,5.417666972692587e-05
2023-07-13 00:00:00+00:00,433.10546875,0.007905603399044512,-10.181132697950849,0.6874354005743487,0.006706775976265244,0.007517388254560415,4.6536127486206165e-05
2023-07-14 00:00:00+00:00,432.8357238769531,-0.0006230097010479354,-10.140926019752936,0.6874354005743489,0.006842968947953656,-0.001046421564126127,3.966854003634088e-05
2023-07-17 00:00:00+00:00,434.3386535644531,0.003466272139515311,-10.20225743422205,0.6874354005743488,0.00663630934179307,0.0030513541312225576,4.1275697358378e-05
2023-07-18 00:00:00+00:00,437.5660400390625,0.007403105495994996,-10.364369775034765,0.6874354005743489,0.006119618858344232,0.006975298063429706,3.884936710270736e-05
2023-07-19 00:00:00+00:00,438.5390625,0.0022212468759442226,-10.396360659059244,0.6874354005743489,0.006022511557293498,0.0017611914788053659,3.3100885994011886e-05
2023-07-20 00:00:00+00:00,435.6295776367188,-0.006656600278340815,-10.181471545815068,0.6874354005743487,0.006705639784159353,-0.007122720021604286,3.207125073654834e-05
2023-07-21 00:00:00+00:00,435.6295776367188,0.0,-10.156848216445162,0.6874354005743489,0.006788707675428599,-0.0004234827320063272,3.965526488051552e-05
2023-07-24 00:00:00+00:00,437.57562255859375,0.004457252758674959,-10.242996405236779,0.6874354005743487,0.006502498589574557,0.004038950924197895,4.06316052212439e-05
2023-07-25 00:00:00+00:00,438.7702941894531,0.0027264858501632894,-10.287315552280418,0.6874354005743488,0.006359990781579036,0.0022903299923877395,3.731705804684938e-05
2023-07-26 00:00:00+00:00,438.8377685546875,0.00015376879094833196,-10.264316781648379,0.6874354005743489,0.0064335488921276746,-0.00029128040904809367,3.571864650924089e-05
2023-07-27 00:00:00+00:00,435.92822265625,-0.006652194202844122,-10.064340653174463,0.6874354005743487,0.007110086270785907,-0.007092652634807602,3.653938234379864e-05
2023-07-28 00:00:00+00:00,440.1960754394531,0.009742650787959892,-10.272487269965303,0.6874354005743489,0.0064073198865223545,0.009344385945166832,4.4519334214393904e-05
2023-07-31 00:00:00+00:00,441.0342712402344,0.0019023313409843759,-10.295581003216482,0.6874354005743487,0.006333760923433501,0.0014602360284618635,3.624567202276073e-05
2023-08-01 00:00:00+00:00,439.7721557617188,-0.00286582001136458,-10.192445794180582,0.6874354005743488,0.006668945870037215,-0.003312506375593667,3.542821000727284e-05
2023-08-02 00:00:00+00:00,433.6546325683594,-0.014008325169748426,-9.815045704536104,0.6874354005743487,0.008053943536476114,-0.01443409672961149,3.92277165745013e-05
2023-08-03 00:00:00+00:00,432.4118347167969,-0.002869984583321383,-9.738465661473152,0.6874354005743487,0.008368309337161829,-0.003209464956067798,5.694994729032769e-05
2023-08-04 00:00:00+00:00,430.4561462402344,-0.004533003584633243,-9.632257850149601,0.6874354005743487,0.008824710334363963,-0.004852924108826432,6.142501682602738e-05
2023-08-07 00:00:00+00:00,434.21337890625,0.008690618101775894,-9.785224841784487,0.6874354005743489,0.008174931055433904,0.008399078971167767,6.821929289998529e-05
2023-08-08 00:00:00+00:00,432.3251953125,-0.004357997758701908,-9.679519774095624,0.6874354005743488,0.008618618603388624,-0.00468994920009436,5.865244670814316e-05
2023-08-09 00:00:00+00:00,429.4349365234375,-0.006707828592985402,-9.53465395321551,0.6874354005743488,0.009266055044389123,-0.00701218130407519,6.510770571477884e-05
2023-08-10 00:00:00+00:00,429.5890808105469,0.00035888237267723774,-9.53025610110315,0.6874354005743489,0.00928645283265921,9.477128966817671e-05,7.512390637174185e-05
2023-08-11 00:00:00+00:00,429.338623046875,-0.000583187082325165,-9.508836837978771,0.6874354005743488,0.009386441787756994,-0.000846030905155959,7.545096361838159e-05
2023-08-14 00:00:00+00:00,431.7085266113281,0.005504714927097554,-9.597258392374462,0.6874354005743489,0.008980499531355499,0.005248082660824482,7.706433022123078e-05
2023-08-15 00:00:00+00:00,426.6795349121094,-0.011717425867734308,-9.365312560521623,0.6874354005743489,0.01008479076249293,-0.011999281366623225,7.06190024339468e-05
2023-08-16 00:00:00+00:00,423.548583984375,-0.00736500007674461,-9.234506240087844,0.6874354005743488,0.010766415186643355,-0.0075782712816206375,8.88021892193518e-05
2023-08-17 00:00:00+00:00,420.3211975097656,-0.00764905268806326,-9.109437180661976,0.6874354005743489,0.011461185053188203,-0.00782003668287713,0.00010105040987580999
2023-08-18 00:00:00+00:00,420.52349853515625,0.0004811852420443351,-9.113718312576244,0.6874354005743489,0.01143667786961407,0.0003532703284277231,0.00011433817800398947
2023-08-21 00:00:00+00:00,423.2594909667969,0.006485084564370436,-9.206622596988314,0.6874354005743488,0.010917569863295146,0.006355650994340249,0.00011385568251241766
2023-08-22 00:00:00+00:00,422.1131286621094,-0.002712089274564118,-9.160066915735097,0.6874354005743489,0.011174688285396982,-0.0028737003092278736,0.00010387232235578823
2023-08-23 00:00:00+00:00,426.8144836425781,0.011076098776224392,-9.323720077277388,0.6874354005743489,0.010296712457619064,0.010930427784246938,0.00010876062468734899
2023-08-24 00:00:00+00:00,420.8992919921875,-0.013955860637490401,-9.088217513358499,0.6874354005743488,0.011583433692138639,-0.01415598082534398,9.252655006039329e-05
2023-08-25 00:00:00+00:00,423.8665161132813,0.0070249915312567855,-9.188266438997108,0.6874354005743489,0.011018233424365061,0.0069046515068131335,0.00011676004685440603
2023-08-28 00:00:00+00:00,426.5543518066406,0.006321210461134839,-9.280872046273663,0.6874354005743488,0.010519689386936941,0.006165840598930742,0.00010577290257550437
2023-08-29 00:00:00+00:00,432.7200927734375,0.01435128631997385,-9.5050972196409,0.6874354005743489,0.009404009061281771,0.014164999624317989,9.652674952596072e-05
2023-08-30 00:00:00+00:00,434.50244140625,0.004110481617162846,-9.56842338814224,0.6874354005743489,0.009110913767080767,0.0038549405888197406,7.73495268578236e-05
2023-08-31 00:00:00+00:00,433.8665771484375,-0.0014645026662035686,-9.529747707462896,0.6874354005743488,0.009288813719491784,-0.0017382533839248367,7.265934249887263e-05
2023-09-01 00:00:00+00:00,434.67584228515625,0.0018635022373162632,-9.552726623506775,0.6874354005743489,0.009182701040080427,0.0016008050878899103,7.548886327619255e-05
2023-09-05 00:00:00+00:00,432.7972106933594,-0.004331280429452886,-9.461972905587658,0.6874354005743489,0.009608981665708902,-0.004600570429451119,7.379470399768593e-05
2023-09-06 00:00:00+00:00,429.8877258300781,-0.006745210844362565,-9.334142923740393,0.6874354005743488,0.010243191512388922,-0.006988021282413543,8.071560311586197e-05
2023-09-07 00:00:00+00:00,428.5678405761719,-0.0030750253026536525,-9.27647354070485,0.6874354005743489,0.010542850302130638,-0.0032784664725505823,9.157882945306462e-05
2023-09-08 00:00:00+00:00,429.2133483886719,0.0015050643279561106,-9.294640520498676,0.6874354005743489,0.010447518058150135,0.0013202143291606682,9.6947048142683e-05
2023-09-11 00:00:00+00:00,432.0361328125,0.006555114617180195,-9.394250113360394,0.6874354005743489,0.009939926709720392,0.006364350806961504,9.522284761078714e-05
2023-09-12 00:00:00+00:00,429.66607666015625,-0.005500884418595882,-9.29274107820198,0.6874354005743489,0.010457445000164947,-0.005723147248917144,8.629980117235648e-05
2023-09-13 00:00:00+00:00,430.1670837402344,0.001165358955322583,-9.30531244131854,0.6874354005743488,0.010391918984557758,0.0009752109806542463,9.540167584549988e-05
2023-09-14 00:00:00+00:00,433.8761596679688,0.008585446941390839,-9.43824661691542,0.6874354005743488,0.009723653240003072,0.008391233811146604,9.422432468348909e-05
2023-09-15 00:00:00+00:00,428.6487426757813,-0.012121345092500091,-9.219038985075933,0.6874354005743489,0.010850001427095125,-0.012357034875257232,8.26296286839195e-05
2023-09-18 00:00:00+00:00,428.9000549316406,0.0005861176967538595,-9.22331397086522,0.6874354005743488,0.010826834394642071,0.0004203170038213445,0.00010260614093943577
2023-09-19 00:00:00+00:00,428.0106201171875,-0.0020759109665981555,-9.186018766521967,0.6874354005743488,0.011030623075026547,-0.002243148231196047,0.00010217377375066551
2023-09-20 00:00:00+00:00,424.0757446289063,-0.009235926361963263,-9.040401605024904,0.6874354005743488,0.01186370692373817,-0.009390528110203758,0.00010600800168734498
2023-09-21 00:00:00+00:00,417.0664978027344,-0.016666406031795148,-8.801418387651413,0.6874354005743488,0.013369493542151757,-0.016769383163017886,0.00012240713559768024
2023-09-22 00:00:00+00:00,416.128662109375,-0.002251179878487924,-8.775631320859553,0.6874354005743489,0.013542989638944276,-0.002260956680432909,0.00015499860403449115
2023-09-25 00:00:00+00:00,417.8786010742188,0.004196465930634956,-8.831250912407139,0.6874354005743489,0.013171550622970667,0.004197419103580554,0.00015899744366163854
2023-09-26 00:00:00+00:00,411.7394409179688,-0.014800237962131936,-8.643285864051432,0.6874354005743489,0.014469482437394687,-0.01482225874719526,0.00015049773949996344
2023-09-27 00:00:00+00:00,411.90374755859375,0.00039897529683554446,-8.653408232355375,0.6874354005743488,0.01439643473206949,0.00045720008499462635,0.00018120276510312462
2023-09-28 00:00:00+00:00,414.2917785644531,0.005780805101358502,-8.726712470106136,0.6874354005743489,0.013878327753983401,0.0058345160746158704,0.00017940000095768738
2023-09-29 00:00:00+00:00,413.2862854003906,-0.002429966918189733,-8.70107744055265,0.6874354005743488,0.014057358337570323,-0.0024082792900415816,0.0001668690395070406
2023-10-02 00:00:00+00:00,413.1219787597656,-0.0003976403671542188,-8.700744212972525,0.6874354005743488,0.014059700682449272,-0.0003648855269202713,0.00017114842189227102
2023-10-03 00:00:00+00:00,407.5918273925781,-0.013476646851370995,-8.542866909316905,0.6874354005743488,0.015214535432990742,-0.013443747224836962,0.00017120476575957621
2023-10-04 00:00:00+00:00,410.5599670410156,0.007255750559548694,-8.630871356965564,0.6874354005743488,0.014559577515735674,0.007359998525686101,0.00020009829917824919
2023-10-05 00:00:00+00:00,410.4052734375,-0.0003768578685652244,-8.632148736038427,0.6874354005743489,0.014550281434892296,-0.0003130662455913201,0.0001834385046029425
2023-10-06 00:00:00+00:00,415.2778930664063,0.011802774700201624,-8.775230899254515,0.6874354005743489,0.013545701363217583,0.011865991952309848,0.0001832071928640171
2023-10-09 00:00:00+00:00,417.93658447265625,0.0063817912466691525,-8.858158154303007,0.6874354005743489,0.012995532270623125,0.0063829121145171,0.0001590603442737616
2023-10-10 00:00:00+00:00,420.1119079589844,0.00519141408051354,-8.927465479266978,0.6874354005743489,0.012552903136208327,0.005158503593682714,0.00014655042408051797
2023-10-11 00:00:00+00:00,421.8327941894531,0.004087889911372816,-8.983027634429414,0.6874354005743488,0.012208969503818029,0.004027587331947705,0.00013685322439613783
2023-10-12 00:00:00+00:00,419.2611389160156,-0.006115044196297159,-8.897833508909287,0.6874354005743489,0.012740271357950023,-0.006196639228295652,0.00012954465799216593
2023-10-13 00:00:00+00:00,417.1728515625,-0.0049933209703791216,-8.832546517881493,0.6874354005743488,0.01316302081953754,-0.005042026855468989,0.00014091810966248005
2023-10-16 00:00:00+00:00,421.5621032714844,0.010466457258344433,-8.96927331139987,0.6874354005743488,0.012293221935753827,0.010443908802357998,0.00015030525923057789
2023-10-17 00:00:00+00:00,421.5427551269531,-4.589736221284086e-05,-8.968377729794092,0.6874354005743489,0.012298727960156075,-0.00012227577346744293,0.00013131669843276724
2023-10-18 00:00:00+00:00,415.9256591796875,-0.013414667551959036,-8.783699727406509,0.6874354005743488,0.013488464522460615,-0.01349070506436227,0.0001314329178165564
2023-10-19 00:00:00+00:00,412.2711791992188,-0.008825205627352643,-8.675967786481193,0.6874354005743489,0.014234958577396522,-0.00882762441244263,0.0001577352971408127
2023-10-20 00:00:00+00:00,407.20513916015625,-0.012364248885513568,-8.533728749986311,0.6874354005743489,0.015284210912648285,-0.012320516954811555,0.0001754464769449023
2023-10-23 00:00:00+00:00,406.4994201660156,-0.0017345833029891993,-8.521799822487056,0.6874354005743488,0.015375645442483963,-0.0016260327942650432,0.0002019126656722204
2023-10-24 00:00:00+00:00,409.5641784667969,0.007511112404865026,-8.61213840594634,0.6874354005743489,0.014696590102803166,0.007625308739658432,0.00020430591252907328
2023-10-25 00:00:00+00:00,403.68603515625,-0.01445617985742633,-8.45143726441256,0.6874354005743489,0.015926208281787403,-0.014383923245502422,0.00018686446502904792
2023-10-26 00:00:00+00:00,398.85205078125,-0.012046887048886217,-8.33182289811823,0.6874354005743489,0.016907769584253954,-0.011898703586178172,0.00021901086639356906
2023-10-27 00:00:00+00:00,397.0441284179688,-0.004543118864359758,-8.296882031968348,0.6874354005743487,0.017205750994343377,-0.004334377339722628,0.00024647839118189694
2023-10-30 00:00:00+00:00,401.79107666015625,0.011884814507292039,-8.425401026872914,0.6874354005743489,0.016134892946462257,0.012111931572809232,0.0002551338486051281
2023-10-31 00:00:00+00:00,404.314453125,0.006260680801248639,-8.500353009223401,0.6874354005743489,0.015541411943112132,0.006421742924723694,0.0002247164729070654
2023-11-01 00:00:00+00:00,408.6263427734375,0.010608226592806452,-8.62397178286949,0.6874354005743489,0.014609891694376051,0.010732657500422122,0.000208680261047809
2023-11-02 00:00:00+00:00,416.4573974609375,0.018983018250148857,-8.849915162159963,0.6874354005743489,0.013049203833416099,0.01904991852468639,0.00018469295900755975
2023-11-03 00:00:00+00:00,420.2569274902344,0.009082086998527212,-8.969543983949412,0.6874354005743489,0.01229155832946779,0.009052497192303858,0.00014774855031145253
2023-11-06 00:00:00+00:00,421.2237548828125,0.002297920411650779,-9.000885692852073,0.6874354005743488,0.012100440508823229,0.0022214389998551523,0.00013128159355627959
2023-11-07 00:00:00+00:00,422.4225463867188,0.0028419310532057495,-9.039756175708181,0.6874354005743488,0.011867536133702825,0.002753615630552405,0.00012727954294558026
2023-11-08 00:00:00+00:00,422.73187255859375,0.0007319992151800288,-9.048643021538252,0.6874354005743488,0.01181492063472827,0.0006292592680840902,0.00012248520038997038
2023-11-09 00:00:00+00:00,419.4351501464844,-0.007829181534997495,-8.93495210498318,0.6874354005743489,0.01250600153095003,-0.007935180607393738,0.00012141469756647935
2023-11-10 00:00:00+00:00,425.9803466796875,0.015484285140177544,-9.144701037846444,0.6874354005743489,0.01126087338671035,0.015421079371748195,0.0001358449061076086
2023-11-13 00:00:00+00:00,425.57427978515625,-0.0009537072847468445,-9.126934209628232,0.6874354005743489,0.011361354033045013,-0.0010940362438558032,0.00011042400083327381
2023-11-14 00:00:00+00:00,433.8307800292969,0.019215046934341624,-9.40949503268902,0.6874354005743489,0.00986444805127812,0.0190809454620972,0.0001123790206967046
2023-11-15 00:00:00+00:00,434.7492065429688,0.00211477784466387,-9.437175274192997,0.6874354005743488,0.009728863317890264,0.0018878294659962207,8.500997727683518e-05
2023-11-16 00:00:00+00:00,435.2809448242188,0.001222344643162959,-9.449349557557047,0.6874354005743488,0.009669822226518791,0.000986978361363771,8.271711807200215e-05
2023-11-17 00:00:00+00:00,435.8223876953125,0.0012431198931453025,-9.461776552934595,0.6874354005743488,0.009609925086540587,0.0010040875439562332,8.172835681516207e-05
2023-11-20 00:00:00+00:00,439.1771545410156,0.007668080089087327,-9.586801757478444,0.6874354005743489,0.00902757539027839,0.007425328237990923,8.073125972551698e-05
2023-11-21 00:00:00+00:00,438.2200012207031,-0.0021818026049406605,-9.534127379173833,0.6874354005743489,0.009268494997606598,-0.0024607323417722435,7.135219774412861e-05
2023-11-22 00:00:00+00:00,439.9118957519531,0.003853399769709004,-9.593269671898025,0.6874354005743489,0.008998427754265214,0.003589440276278429,7.516299153206309e-05
2023-11-24 00:00:00+00:00,440.18255615234375,0.0006150712763562981,-9.592690649715061,0.6874354005743489,0.0090010332760515,0.00033433003757944583,7.089778932996331e-05
2023-11-27 00:00:00+00:00,439.389892578125,-0.0018023843060327302,-9.546880084800378,0.6874354005743489,0.009209583822273227,-0.0020829636108287693,7.093835077658775e-05
2023-11-28 00:00:00+00:00,439.8248596191406,0.0009894444455457515,-9.553815353152277,0.6874354005743488,0.009177703660978467,0.0007218247781010014,7.42221094062998e-05
2023-11-29 00:00:00+00:00,439.5154724121094,-0.0007036802669634911,-9.529592536971668,0.6874354005743488,0.009289534422343265,-0.0009732807802794022,7.371538575653625e-05
2023-11-30 00:00:00+00:00,441.24603271484375,0.003929696108825297,-9.590051938362363,0.6874354005743488,0.009012916677890316,0.0036670437339832735,7.550043469576867e-05
2023-12-01 00:00:00+00:00,443.8564147949219,0.005898502836273647,-9.688263600094961,0.6874354005743489,0.008581020999289857,0.005618662081298911,7.112349084560986e-05
2023-12-04 00:00:00+00:00,441.5264587402344,-0.005263172584056329,-9.570994053577046,0.6874354005743488,0.009099210734287166,-0.005569863295825258,6.454779202650824e-05
2023-12-05 00:00:00+00:00,441.439453125,-0.00019707581990836929,-9.555698276555713,0.6874354005743489,0.009169067270525274,-0.00047155378132626637,7.24750757038037e-05
2023-12-06 00:00:00+00:00,439.6604919433594,-0.004038051775825004,-9.470156792131187,0.6874354005743488,0.009569742594611446,-0.0043081889181492096,7.357840854553119e-05
2023-12-07 00:00:00+00:00,443.0153198242188,0.007601531594118685,-9.59440364809856,0.6874354005743489,0.008993327198921165,0.00735628432575413,8.006573651270832e-05
2023-12-08 00:00:00+00:00,444.919921875,0.004289963687276682,-9.66263786736388,0.6874354005743488,0.008691675863786988,0.004008905445757087,7.081841962577109e-05
2023-12-11 00:00:00+00:00,446.6504211425781,0.0038819179086563484,-9.724344198066953,0.6874354005743488,0.00842760481257912,0.0035821078951883568,6.620252220249942e-05
2023-12-12 00:00:00+00:00,448.6904296875,0.00455695073720826,-9.8005971402748,0.6874354005743487,0.008112338172541875,0.004240718562426773,6.228783407675637e-05
2023-12-13 00:00:00+00:00,454.8779296875,0.013695912778304148,-10.068281777099582,0.6874354005743487,0.007096089200806378,0.01336006641614868,5.7768566962772113e-05
2023-12-14 00:00:00+00:00,456.33782958984375,0.0032042930263354386,-10.12203529092706,0.6874354005743488,0.006907909494090522,0.0028051557423572843,4.434635854710011e-05
2023-12-15 00:00:00+00:00,455.58636474609375,-0.0016480865811234044,-10.058693816000266,0.6874354005743489,0.007130189386919941,-0.002058955216085596,4.205312991493747e-05
2023-12-18 00:00:00+00:00,458.149169921875,0.005609526605484883,-10.168960671178636,0.6874354005743488,0.006747717965007491,0.005212514758697286,4.4768350092424474e-05
2023-12-19 00:00:00+00:00,460.93505859375,0.006062332738728966,-10.295423466436615,0.6874354005743489,0.006334259843232958,0.005641474496522819,4.014836617041147e-05
2023-12-20 00:00:00+00:00,454.54779052734375,-0.013954104579225074,-9.89869567610488,0.6874354005743487,0.007724034769163915,-0.014400759802077471,3.54337234936072e-05
2023-12-21 00:00:00+00:00,458.8577575683594,0.009437207902696105,-10.085710152831993,0.6874354005743488,0.0070345211935932475,0.009077190555106474,5.243345199882393e-05
2023-12-22 00:00:00+00:00,459.7799072265625,0.0020076467649455363,-10.111165182775313,0.6874354005743489,0.006945556570014951,0.0016046716800979565,4.358945020500365e-05
2023-12-26 00:00:00+00:00,461.7213134765625,0.004213579057157479,-10.18998894884591,0.6874354005743488,0.006677143188166078,0.003805057695610658,4.2507099951262895e-05
2023-12-27 00:00:00+00:00,462.5561828613281,0.0018065345421214817,-10.210579536620637,0.6874354005743488,0.00660875269092553,0.001381274313338452,3.9323031139195005e-05
2023-12-28 00:00:00+00:00,462.7308654785156,0.0003775749797346061,-10.19488100668354,0.6874354005743487,0.006660830661422065,-5.1951537061599624e-05,3.853131774714763e-05
2023-12-29 00:00:00+00:00,461.3913269042969,-0.002899052795052589,-10.09690887868237,0.6874354005743489,0.006995242427084956,-0.00332533057174469,3.913346925739171e-05
2024-01-02 00:00:00+00:00,458.8091735839844,-0.005612168427041742,-9.93946166971711,0.6874354005743488,0.007568189485761915,-0.006017592141935694,4.31099249408479e-05
2024-01-03 00:00:00+00:00,455.0622863769531,-0.008200077071277628,-9.738061804518523,0.6874354005743489,0.008369999307744829,-0.008569799561011126,5.036401080241347e-05
2024-01-04 00:00:00+00:00,453.5964660644531,-0.003226341198106028,-9.658153368453574,0.6874354005743489,0.0087111866350906,-0.0035461565968500303,6.144952555645182e-05
2024-01-05 00:00:00+00:00,454.2177734375,0.0013687986881435082,-9.671208923961638,0.6874354005743487,0.008654507141599379,0.001070201774590168,6.64964306371074e-05
2024-01-08 00:00:00+00:00,460.7021179199219,0.014174908901203367,-9.933297734159527,0.6874354005743487,0.007591550382174665,0.01387278779657218,6.564439512836052e-05
2024-01-09 00:00:00+00:00,460.003173828125,-0.00151828002364478,-9.88053370562736,0.6874354005743489,0.007794496059644699,-0.001886547577615649,5.0671593948321186e-05
2024-01-10 00:00:00+00:00,462.6047058105469,0.005639533185943504,-9.984174421546834,0.6874354005743488,0.007400869499799984,0.005283902971438753,5.338260060715067e-05
2024-01-11 00:00:00+00:00,462.40081787109375,-0.0004408361626718793,-9.953920242021725,0.6874354005743488,0.0075136741691518944,-0.0008209810924883975,4.818801669733863e-05
2024-01-12 00:00:00+00:00,462.72113037109375,0.0006924763019802235,-9.949820284357969,0.6874354005743489,0.00752909284072382,0.00031935833995383396,4.964982787048857e-05
2024-01-16 00:00:00+00:00,461.0224304199219,-0.0036778645894584745,-9.848215495917007,0.6874354005743489,0.007921471278772201,-0.004050022173111159,4.9851310759955543e-05
2024-01-17 00:00:00+00:00,458.4597473144531,-0.005574202095711588,-9.7125345893401,0.6874354005743488,0.00847751538130362,-0.005921927669285291,5.511424563443985e-05
2024-01-18 00:00:00+00:00,462.5367736816406,0.008853568728902392,-9.873810000521807,0.6874354005743487,0.007820744102423843,0.008540440889461156,6.301869649561582e-05
2024-01-19 00:00:00+00:00,468.3028259277344,0.012389086155502233,-10.1223130906112,0.6874354005743489,0.0069069500531873974,0.012035090099439547,5.3738324237534546e-05
2024-01-22 00:00:00+00:00,469.29296875,0.0021120896573243605,-10.15036530993665,0.6874354005743487,0.006810748657122483,0.00170116119973793,4.204159188067432e-05
2024-01-23 00:00:00+00:00,470.6616821289063,0.002912298683813415,-10.198227377627607,0.6874354005743488,0.006649695174792786,0.0024953714025275795,4.089263278135219e-05
2024-01-24 00:00:00+00:00,471.1761779785156,0.0010925360352944133,-10.200796094676148,0.6874354005743487,0.006641160064355439,0.0006655636282439635,3.900432764970444e-05
2024-01-25 00:00:00+00:00,473.7388610839844,0.005424168909823925,-10.31279979725753,0.6874354005743489,0.006279465123434364,0.004996664073959112,3.8905486100779896e-05
2024-01-26 00:00:00+00:00,473.1370239257813,-0.0012712061818799091,-10.251201602606393,0.6874354005743489,0.006475876095458639,-0.0017212817392766868,3.483072751879859e-05
2024-01-29 00:00:00+00:00,476.8839416503906,0.007888114660332316,-10.42933741386272,0.6874354005743488,0.005924024292697426,0.007450297581651791,3.70158275152756e-05
2024-01-30 00:00:00+00:00,476.5151062011719,-0.00077372736725572,-10.377037218804475,0.6874354005743489,0.0060809813831304346,-0.0012459988558006264,3.10433976953339e-05
2024-01-31 00:00:00+00:00,468.7396240234375,-0.01645198338467447,-9.894331596949971,0.6874354005743489,0.007740907320320463,-0.016914451548339055,3.268928569663555e-05
2024-02-01 00:00:00+00:00,474.8746337890625,0.01300339871119533,-10.158455028892233,0.6874354005743489,0.006783255775770706,0.012644431944035955,5.2659967961837256e-05
2024-02-02 00:00:00+00:00,479.873779296875,0.010472269189612275,-10.393505801845626,0.6874354005743488,0.006031114401087155,0.010053627347080147,4.0567166650670985e-05
2024-02-05 00:00:00+00:00,478.12646484375,-0.003647841222172264,-10.262567787794241,0.6874354005743487,0.0064391774715930085,-0.00411342367031743,3.216181859950303e-05
2024-02-06 00:00:00+00:00,479.51458740234375,0.002899047670401368,-10.311614513679217,0.6874354005743488,0.006283187699848278,0.0024589404920633703,3.6602563275399345e-05
2024-02-07 00:00:00+00:00,483.5139770507813,0.008305906571320295,-10.505688339324498,0.6874354005743488,0.005702134248905017,0.007856063391922654,3.487153130012547e-05
2024-02-08 00:00:00+00:00,483.7275390625,0.00044158984417298655,-10.486394882811165,0.6874354005743487,0.005757407362199753,-4.454602864423224e-05,2.8788270835594396e-05
2024-02-09 00:00:00+00:00,486.5232238769531,0.005762824742485109,-10.622285220590959,0.6874354005743487,0.005379213068923707,0.005280143113448954,2.93421714730553e-05
2024-02-12 00:00:00+00:00,486.3096008300781,-0.00043917730751513186,-10.573454163471302,0.6874354005743487,0.005512165850896455,-0.0009455021610520977,2.5656467401176034e-05
2024-02-13 00:00:00+00:00,479.6116638183594,-0.013868717076671037,-10.118237363341157,0.6874354005743488,0.00692103982717261,-0.01436672799923664,2.6924324780291245e-05
2024-02-14 00:00:00+00:00,483.97015380859375,0.009046496384710594,-10.314505727191717,0.6874354005743488,0.006274111243332671,0.008636446436129553,4.22111896428371e-05
2024-02-15 00:00:00+00:00,487.3094787597656,0.006876162119694265,-10.470612624088393,0.6874354005743489,0.005803019537580621,0.006425752348894309,3.477208410933026e-05
2024-02-16 00:00:00+00:00,484.8826293945313,-0.004992540848128981,-10.295059756367845,0.6874354005743488,0.00633541186502186,-0.005472372290338649,2.9803183597985423e-05
2024-02-20 00:00:00+00:00,482.2132263183594,-0.00552046591802071,-10.121677564216848,0.6874354005743488,0.006909145176465261,-0.005967049234551881,3.544645592863876e-05
2024-02-21 00:00:00+00:00,482.6500244140625,0.0009054093939445167,-10.1204041407721,0.6874354005743487,0.006913545710977986,0.0004946178055400122,4.206799227446778e-05
2024-02-22 00:00:00+00:00,492.6387023925781,0.02048424630759626,-10.594635095285259,0.6874354005743488,0.005454097474693062,0.020073729097425046,4.212094144173696e-05
2024-02-23 00:00:00+00:00,492.9784240722656,0.0006893583401080403,-10.581325570394807,0.6874354005743489,0.005490514235791779,0.00018771653498343092,2.6366861902086585e-05
2024-02-26 00:00:00+00:00,491.17291259765625,-0.0036691785764012487,-10.435299635884826,0.6874354005743488,0.005906390415980132,-0.0041685432699640835,2.671579348325874e-05
2024-02-27 00:00:00+00:00,492.0853576660156,0.0018559626862470018,-10.457402259788982,0.6874354005743487,0.00584147640613787,0.001382589613148691,3.086110868160694e-05
2024-02-28 00:00:00+00:00,491.4350280761719,-0.0013224528826255336,-10.388379686753419,0.6874354005743488,0.006046592321291152,-0.0017998814673662825,3.0194632805120976e-05
2024-02-29 00:00:00+00:00,493.2016906738281,0.003588459499420105,-10.458429007248315,0.6874354005743487,0.0058384783152448895,0.0031238437093252264,3.2325082539863405e-05
2024-03-01 00:00:00+00:00,497.8320007324219,0.00934447293084189,-10.695486695369189,0.6874354005743489,0.005185889379925161,0.008866857026706655,3.016402483607159e-05
2024-03-04 00:00:00+00:00,497.2981262207031,-0.0010729743748649023,-10.623839702893246,0.6874354005743488,0.0053750337475464436,-0.0015913928286185003,2.386680408285107e-05
2024-03-05 00:00:00+00:00,492.3280334472656,-0.010044468835889815,-10.275836596792384,0.6874354005743487,0.006396598761972677,-0.01055105507514311,2.5617102370620938e-05
2024-03-06 00:00:00+00:00,494.8227233886719,0.005054334882428379,-10.381592281363499,0.6874354005743488,0.006067147517331121,0.004611570470270522,3.612595475186711e-05
2024-03-07 00:00:00+00:00,499.7346801757813,0.009877754079860163,-10.625242065673806,0.6874354005743487,0.005371266194933788,0.009414421997288596,3.254253355588484e-05
2024-03-08 00:00:00+00:00,496.735107421875,-0.006020416978616166,-10.402388301595117,0.6874354005743489,0.006004388108012298,-0.0065272388526157795,2.5581641372663646e-05
2024-03-11 00:00:00+00:00,496.3079833984375,-0.000860232660042928,-10.34860872832599,0.6874354005743489,0.0061680351800895965,-0.0013274843435321924,3.188086584985087e-05
2024-03-12 00:00:00+00:00,501.64691162109375,0.01069984061506385,-10.6109767187031,0.6874354005743487,0.0054097146400021645,0.010242808374438866,3.362024904727944e-05
2024-03-13 00:00:00+00:00,500.8606567382813,-0.0015685767745570222,-10.527558357353476,0.6874354005743489,0.005640121034949845,-0.002072994054876691,2.5944665516981216e-05
2024-03-14 00:00:00+00:00,499.8705139160156,-0.0019788394214179618,-10.435993228345206,0.6874354005743488,0.005904342457182562,-0.002468851241761263,2.817303232865284e-05
2024-03-15 00:00:00+00:00,496.4381103515625,-0.006890268859496288,-10.209859765204095,0.6874354005743489,0.006611131514595136,-0.00736376987075006,3.083997240609526e-05
2024-03-18 00:00:00+00:00,499.3885192871094,0.005925564713180833,-10.334998565464316,0.6874354005743487,0.006210152304455009,0.005496186599516329,3.8558722392790544e-05
2024-03-19 00:00:00+00:00,502.1636962890625,0.005541766192918167,-10.456464160606071,0.6874354005743488,0.005844216990944511,0.005087363545667601,3.407528756230263e-05
2024-03-20 00:00:00+00:00,506.8083801269531,0.009206828921368754,-10.689362975619762,0.6874354005743489,0.005201792180181214,0.008729571566128372,3.0222625265976924e-05
2024-03-21 00:00:00+00:00,508.4832153320313,0.003299223064125026,-10.758612526647784,0.6874354005743487,0.005024763764147266,0.002781799634703869,2.401160958930199e-05
2024-03-22 00:00:00+00:00,507.5191955566406,-0.0018976727896673417,-10.656782763569321,0.6874354005743489,0.005287223882839493,-0.002426174855103346,2.242404790507257e-05
2024-03-25 00:00:00+00:00,506.1170349121094,-0.0027665971217987768,-10.53317449327967,0.6874354005743489,0.005624305407834028,-0.0032786757974054013,2.4796923926702104e-05
2024-03-26 00:00:00+00:00,505.1822204589844,-0.0018487400527864592,-10.44518173567117,0.6874354005743489,0.005877278626875293,-0.002339740463953949,2.801717455475491e-05
2024-03-27 00:00:00+00:00,509.4277038574219,0.008368749555282195,-10.652991778659601,0.6874354005743489,0.00529725528003194,0.007893557786884322,3.0561327638449744e-05
2024-03-28 00:00:00+00:00,509.3303833007813,-0.00019105724541160416,-10.611012871763286,0.6874354005743487,0.0054096168520165145,-0.0007025084091568759,2.488995426505355e-05
2024-04-01 00:00:00+00:00,508.44427490234375,-0.0017412668220542233,-10.522248883597612,0.6874354005743488,0.005655113964593559,-0.0022456902178400622,2.5943739014210167e-05
2024-04-02 00:00:00+00:00,505.2114562988281,-0.006378555292219472,-10.30066002297915,0.6874354005743488,0.006317696681266631,-0.006867629977540099,2.8321176905675102e-05
2024-04-03 00:00:00+00:00,505.7664489746094,0.0010979324644741254,-10.302442204471273,0.6874354005743489,0.006312069547733189,0.0006502433927652066,3.525091296732918e-05
2024-04-04 00:00:00+00:00,499.593017578125,-0.012281197313867807,-9.948717798324763,0.6874354005743488,0.00753324434471229,-0.012729237630727542,3.518891157763437e-05
2024-04-05 00:00:00+00:00,504.8122253417969,0.010392726993539821,-10.161117277900768,0.6874354005743489,0.006774232424723073,0.010020827989317414,4.99056292280691e-05
2024-04-08 00:00:00+00:00,505.0946350097656,0.0005592786551262618,-10.150813124536167,0.6874354005743487,0.006809223851495256,0.00014007406341790825,4.0460626385083256e-05
2024-04-09 00:00:00+00:00,505.6788024902344,0.0011558822656718604,-10.155379348333122,0.6874354005743487,0.006793695364882102,0.0007388598938924385,4.087454819383665e-05
2024-04-10 00:00:00+00:00,500.6154479980469,-0.010063452556644183,-9.882687768359713,0.6874354005743487,0.007786105662076674,-0.010481443336486035,4.0690601310191315e-05
2024-04-11 00:00:00+00:00,504.3934631347656,0.00751840683466722,-10.026987638277964,0.6874354005743489,0.007244125647500225,0.007162254234128852,5.326913677197294e-05
2024-04-12 00:00:00+00:00,497.4313659667969,-0.01389905509564593,-9.68347781200934,0.6874354005743489,0.008601579060141444,-0.0142889662841802,4.619262839278768e-05
2024-04-15 00:00:00+00:00,491.199462890625,-0.012607305857278962,-9.422810076355,0.6874354005743488,0.009798993397658943,-0.012912718154023596,6.485365233380888e-05
2024-04-16 00:00:00+00:00,490.30364990234375,-0.0018253905165380516,-9.382669175311829,0.6874354005743488,0.009997650510088088,-0.002056402530003638,8.389921540931388e-05
2024-04-17 00:00:00+00:00,487.4018859863281,-0.005935882184822059,-9.274577494594409,0.6874354005743488,0.0105528499064636,-0.0061545619426628066,8.72926915070261e-05
2024-04-18 00:00:00+00:00,486.3989562988281,-0.0020598257848203124,-9.23574457582355,0.6874354005743488,0.010759751031636053,-0.0022440555091627133,9.712878858319504e-05
2024-04-19 00:00:00+00:00,482.1534729003906,-0.0087667130060391,-9.093043730690402,0.6874354005743488,0.011555515306511424,-0.008938110275713122,0.00010092687993497154
2024-04-22 00:00:00+00:00,486.5937194824219,0.009167051448542955,-9.224568841427676,0.6874354005743488,0.010820043387440408,0.0090449816043414,0.00011620474683601916
2024-04-23 00:00:00+00:00,492.3679504394531,0.011796780401231726,-9.40368296688962,0.6874354005743488,0.009893156154996065,0.011629122023857963,0.00010204720381252409
2024-04-24 00:00:00+00:00,492.13421630859375,-0.0004748270611184373,-9.38722976810571,0.6874354005743489,0.009974878876556247,-0.0006999932527015304,8.549942804055161e-05
2024-04-25 00:00:00+00:00,490.2646484375,-0.0038061325092366666,-9.314834174912411,0.6874354005743488,0.010342562026685124,-0.004026225733718872,8.690033336954994e-05
2024-04-26 00:00:00+00:00,494.909423828125,0.009429419504183661,-9.46201301351186,0.6874354005743488,0.009608788969486911,0.009232144120664018,9.334226161176601e-05
2024-04-29 00:00:00+00:00,496.662109375,0.0035351708142568328,-9.51454079124944,0.6874354005743489,0.00935971001240792,0.0032923484096554264,8.07124053959904e-05
2024-04-30 00:00:00+00:00,488.79437255859375,-0.015968039451985338,-9.216505492343835,0.6874354005743489,0.010863754335859078,-0.01622633228148898,7.663135024391424e-05
2024-05-01 00:00:00+00:00,487.2071533203125,-0.003252496221421808,-9.161161401305357,0.6874354005743489,0.011168574690819558,-0.0034174441237221744,0.00010286323845892723
2024-05-02 00:00:00+00:00,491.7642211914063,0.009309977605627236,-9.298177932511361,0.6874354005743489,0.01042905580217382,0.009163927654100764,0.00010864310562145995
2024-05-03 00:00:00+00:00,497.8597717285156,0.012319078091800838,-9.491169235620795,0.6874354005743488,0.009469727069494404,0.012127168923592117,9.489070116127415e-05
2024-05-06 00:00:00+00:00,503.0011291503906,0.010273960430725098,-9.663966194171584,0.6874354005743489,0.008685905087341513,0.01002250143082264,7.842104161294207e-05
2024-05-07 00:00:00+00:00,503.55615234375,0.0011028150306301356,-9.671823816589121,0.6874354005743487,0.008651846754265537,0.0008026462075267308,6.611571496760029e-05
2024-05-08 00:00:00+00:00,503.6048278808594,9.665890181013217e-05,-9.660025221389263,0.6874354005743487,0.008703037419080824,-0.0002056276260564912,6.560453612920713e-05
2024-05-09 00:00:00+00:00,506.506591796875,0.0057454491490668445,-9.757740729443386,0.6874354005743489,0.008288046858952104,0.005446345554652698,6.637359342362774e-05
2024-05-10 00:00:00+00:00,507.1589965820313,0.0012872191435090428,-9.768431805763248,0.6874354005743489,0.008243860992031884,0.0009623055528446495,6.026657372442329e-05
2024-05-13 00:00:00+00:00,507.2271118164063,0.00013429843708119332,-9.755507657365794,0.6874354005743489,0.008297305930042732,-0.0001933641738468873,5.9633479849087524e-05
2024-05-14 00:00:00+00:00,509.5542602539063,0.004577488464866231,-9.832945603428554,0.6874354005743489,0.007982182755674212,0.004253150903864115,6.03996558255249e-05
2024-05-15 00:00:00+00:00,515.8641357421875,0.012307083930095813,-10.075261545305272,0.6874354005743488,0.0070713678343547245,0.011963137304710074,5.595185322564063e-05
2024-05-16 00:00:00+00:00,514.802734375,-0.0020596407494553578,-10.004101787193688,0.6874354005743489,0.007327495727000223,-0.002460318974325886,4.404166444965325e-05
2024-05-17 00:00:00+00:00,515.5427856445312,0.0014365111167352423,-10.016362923173414,0.6874354005743489,0.007282711433093567,0.001051794796022079,4.724876284562474e-05
2024-05-20 00:00:00+00:00,516.13671875,0.0011513908506540086,-10.021978798285797,0.6874354005743488,0.00726229071761392,0.0007638840688913026,4.667996859419154e-05
2024-05-21 00:00:00+00:00,517.4026489257812,0.00244970022129263,-10.057580095302088,0.6874354005743488,0.007134161012388755,0.002060920977257314,4.642173941352436e-05
2024-05-22 00:00:00+00:00,515.912841796875,-0.0028835494572111153,-9.967838527708858,0.6874354005743488,0.0074615669583846175,-0.0032803137638614246,4.481762747429631e-05
2024-05-23 00:00:00+00:00,512.14453125,-0.007330967166568576,-9.78283119840193,0.6874354005743489,0.008184720847394883,-0.007707330893964768,4.897190098326929e-05
2024-05-24 00:00:00+00:00,515.5330200195312,0.006594482958191128,-9.902425369145838,0.6874354005743488,0.007709644052210293,0.00626314066588066,5.8791288574139404e-05
2024-05-28 00:00:00+00:00,515.893310546875,0.0006986258374848982,-9.899175405692867,0.6874354005743489,0.007722182267339078,0.0003377124203414975,5.2240635973642884e-05
2024-05-29 00:00:00+00:00,512.2807006835938,-0.007027263265614782,-9.727760875263693,0.6874354005743489,0.008413219900634575,-0.007387395962148935,5.240861132355482e-05
2024-05-30 00:00:00+00:00,508.8824768066406,-0.006655618800572514,-9.579791843454874,0.6874354005743487,0.009059272169417269,-0.00697274572910924,6.207797108292299e-05
2024-05-31 00:00:00+00:00,513.5174560546875,0.009066923524056166,-9.736568408984272,0.6874354005743488,0.008376251501497824,0.008789963635251656,7.184797412936926e-05
2024-06-03 00:00:00+00:00,513.93603515625,0.000814789434850954,-9.737933095999015,0.6874354005743488,0.008370537970186845,0.0004953629546326198,6.154023971646025e-05
2024-06-04 00:00:00+00:00,514.5106811523438,0.0011175028259284875,-9.745366900173211,0.6874354005743489,0.008339483249565943,0.0007977209348914445,6.14573385015647e-05
2024-06-05 00:00:00+00:00,520.6256713867188,0.011814987182765961,-9.968600029359742,0.6874354005743489,0.007458726501393611,0.01149327347766397,6.100771120465497e-05
2024-06-06 00:00:00+00:00,520.6159057617188,-1.8757654735676046e-05,-9.948270304546645,0.6874354005743489,0.00753493007328017,-0.0003952983225329599,4.893507826701977e-05
2024-06-07 00:00:00+00:00,519.9829711914062,-0.0012164815134503508,-9.901666727306774,0.6874354005743488,0.0077125690362001825,-0.0015882755213460311,4.9927693716480756e-05
2024-06-10 00:00:00+00:00,521.5895385742188,0.0030848906664317707,-9.950445400875456,0.6874354005743489,0.0075267399283058655,0.0027241593814851645,5.227979837528159e-05
2024-06-11 00:00:00+00:00,522.8457641601562,0.0024055605712183215,-9.984647903388204,0.6874354005743487,0.007399117618519909,0.002033256433939578,4.982053811570102e-05
2024-06-12 00:00:00+00:00,527.139892578125,0.008179449559839557,-10.15015598061334,0.6874354005743488,0.006811461539132424,0.007799195489402536,4.816548457182335e-05
2024-06-13 00:00:00+00:00,528.2013549804688,0.0020116010110220717,-10.17581729031595,0.6874354005743488,0.006724624307663582,0.0015947181866590883,4.090108910078195e-05
2024-06-14 00:00:00+00:00,528.522705078125,0.0006082006073453367,-10.166502684449458,0.6874354005743487,0.006756015963660787,0.00018590199813937078,3.9877366124428644e-05
2024-06-17 00:00:00+00:00,532.7291870117188,0.00792743738666102,-10.339176966417469,0.6874354005743487,0.006197191594775546,0.007507096681514224,4.024596308267477e-05
2024-06-18 00:00:00+00:00,534.0826416015625,0.0025373834067190845,-10.379563782242926,0.6874354005743489,0.006073304240731983,0.0020821715775394306,3.393493671344429e-05
2024-06-20 00:00:00+00:00,532.6317138671875,-0.0027203695567135935,-10.275253530294219,0.6874354005743489,0.006398463855047947,-0.003183317151615762,3.26078049210354e-05
2024-06-21 00:00:00+00:00,531.917724609375,-0.0013413925912036523,-10.213313362940879,0.6874354005743487,0.006599725271155371,-0.0017840406029187897,3.614676723167046e-05
2024-06-24 00:00:00+00:00,530.1885986328125,-0.0032560346669104397,-10.105176174281612,0.6874354005743488,0.0069663862403636975,-0.0036861243660525215,3.8427407145088995e-05
2024-06-25 00:00:00+00:00,532.2303466796875,0.003843588387563958,-10.17491449026646,0.6874354005743488,0.006727660488456949,0.0034363656770717323,4.2759310346846605e-05
2024-06-26 00:00:00+00:00,532.89453125,0.0012471488933612287,-10.181554443493885,0.6874354005743488,0.006705361848932893,0.000825039656247114,3.9912943428583804e-05
2024-06-27 00:00:00+00:00,533.734619140625,0.0015752205235115802,-10.196357890651823,0.6874354005743487,0.006655913840029511,0.001151720455531114,3.965201784692574e-05
2024-06-28 00:00:00+00:00,531.6343994140625,-0.003942713577439978,-10.071983735691294,0.6874354005743488,0.007082966635159426,-0.004369298063126958,3.9076421402446395e-05
2024-07-01 00:00:00+00:00,532.728515625,0.0020559089026094984,-10.098563635903293,0.6874354005743489,0.006989457106780963,0.0016559536664444577,4.418449201932035e-05
2024-07-02 00:00:00+00:00,536.3135986328125,0.006707119204569822,-10.236944532356867,0.6874354005743489,0.006522204536442755,0.006301334819853839,4.303951759046463e-05
2024-07-03 00:00:00+00:00,538.70703125,0.004452819797731044,-10.325602422437594,0.6874354005743487,0.006239396686399226,0.004017893520681543,3.754080507242307e-05
2024-07-05 00:00:00+00:00,541.8134765625,0.005749921169851078,-10.452190312284433,0.6874354005743489,0.005856718992590743,0.005297344274772112,3.4393024322423654e-05
2024-07-08 00:00:00+00:00,542.4386596679688,0.0011532062586980477,-10.454220421056974,0.6874354005743489,0.005850777120460022,0.0006767300058715289,3.035048378409767e-05
2024-07-09 00:00:00+00:00,542.966064453125,0.0009718122925821138,-10.451039599139193,0.6874354005743488,0.005860089663933089,0.0004949648048921684,3.0289682760748493e-05
2024-07-10 00:00:00+00:00,548.3389892578125,0.009846867656185707,-10.701664614291637,0.6874354005743487,0.00516989509342916,0.00937060199330994,3.0385001406537408e-05
2024-07-11 00:00:00+00:00,543.61083984375,-0.008660066310131774,-10.38422169884426,0.6874354005743489,0.006059176226571893,-0.009179485550034415,2.3721601829790212e-05
2024-07-12 00:00:00+00:00,547.0396728515625,0.00628770493303874,-10.528842402187525,0.6874354005743489,0.005636501112970546,0.005823875035897882,3.245812074323895e-05
2024-07-15 00:00:00+00:00,548.5440673828125,0.0027462902588418882,-10.57761110808817,0.6874354005743488,0.00550072086497926,0.0022560521702448813,2.8137321516490926e-05
2024-07-16 00:00:00+00:00,551.797119140625,0.0059128228140013905,-10.723544217113984,0.6874354005743489,0.005113645707336388,0.005414096299812891,2.681399593816013e-05
2024-07-17 00:00:00+00:00,544.0602416992188,-0.014120461787227182,-10.223863781282144,0.6874354005743488,0.006565002006645728,-0.01464340093561042,2.3214424087399697e-05
2024-07-18 00:00:00+00:00,539.8792724609375,-0.0077144340964305355,-10.001099950209289,0.6874354005743487,0.007338501958500389,-0.008146690120284312,3.8029014730849086e-05
2024-07-19 00:00:00+00:00,536.2940063476562,-0.006663015051742003,-9.827929034505944,0.6874354005743487,0.008002229471570246,-0.007047045617986827,4.738907100207449e-05
2024-07-22 00:00:00+00:00,541.8232421875,0.010257296830807425,-10.026623433643154,0.6874354005743487,0.007245444939687644,0.009914597923558645,5.6229798353441813e-05
2024-07-23 00:00:00+00:00,540.9733276367188,-0.0015698511595131069,-9.969053033230756,0.6874354005743488,0.007457037276718179,-0.001959680136048203,4.620924941010253e-05
2024-07-24 00:00:00+00:00,528.7135009765625,-0.022923276573749173,-9.432521171574978,0.6874354005743489,0.009751529244167728,-0.023299922468698754,4.891318621989926e-05
2024-07-25 00:00:00+00:00,525.9586791992188,-0.005224046095454148,-9.333276124551617,0.6874354005743489,0.01024763186959063,-0.005458005043090904,8.309826405523824e-05
2024-07-26 00:00:00+00:00,531.8493041992188,0.011137533435244488,-9.50963216705404,0.6874354005743489,0.009382709874797335,0.010934367798174758,9.165727365661837e-05
2024-07-29 00:00:00+00:00,532.1619262695312,0.0005876292850229215,-9.509757700141657,0.6874354005743488,0.009382120973008792,0.0003307651978363854,7.700381132169615e-05
2024-07-30 00:00:00+00:00,529.4656982421875,-0.0050794341860085955,-9.408085070584761,0.6874354005743489,0.009871404752127002,-0.0053363348550061335,7.699426348805969e-05
2024-07-31 00:00:00+00:00,538.0719604492188,0.016123925168381226,-9.675086679804908,0.6874354005743489,0.008637743365489189,0.01589740866460604,8.512845621167295e-05
2024-08-01 00:00:00+00:00,530.452392578125,-0.014262093335322532,-9.38335689295506,0.6874354005743487,0.00999421332075257,-0.014565256824148587,6.539343313343692e-05
2024-08-02 00:00:00+00:00,520.576171875,-0.018793992356037032,-9.058228305561505,0.6874354005743488,0.011758431424139158,-0.01901288546242892,8.723341236840232e-05
2024-08-05 00:00:00+00:00,505.4150695800781,-0.029556209363108047,-8.631565899926061,0.6874354005743488,0.01455452226752256,-0.029665707704846306,0.00012027054689638156
2024-08-06 00:00:00+00:00,510.0747985839844,0.009177367209770946,-8.74405492030139,0.6874354005743489,0.013758505901959478,0.009240846487986537,0.00018331269842014516
2024-08-07 00:00:00+00:00,506.6654968261719,-0.006706362580606519,-8.66523652581852,0.6874354005743489,0.01431154338204053,-0.006692083005476219,0.00016403482306309267
2024-08-08 00:00:00+00:00,518.3782348632812,0.022854142665391788,-8.940827710335409,0.6874354005743489,0.012469315281052096,0.02290260762130965,0.0001773161280032191
2024-08-09 00:00:00+00:00,520.6641235351562,0.004399998404867603,-9.000748736545761,0.6874354005743489,0.012101269153013334,0.004334521680800632,0.00013505877019092871
2024-08-12 00:00:00+00:00,520.9376220703125,0.0005251499291272942,-9.007253710285406,0.6874354005743488,0.012061973872318204,0.00043688582100562007,0.0001272967628745355
2024-08-13 00:00:00+00:00,529.5047607421875,0.016311848742340495,-9.234913683160995,0.6874354005743489,0.010764222059399335,0.01622115119155607,0.00012648143984031633
2024-08-14 00:00:00+00:00,531.17529296875,0.003149929334443642,-9.27917034044701,0.6874354005743489,0.010528643904247457,0.002978809334081556,0.00010100974879073864
2024-08-15 00:00:00+00:00,540.2796630859375,0.016994814750777902,-9.545608195156632,0.6874354005743489,0.009215442472108171,0.016809083518186503,9.668913925677549e-05
2024-08-16 00:00:00+00:00,541.4910278320312,0.002239597102405416,-9.57541476697866,0.6874354005743489,0.009079120444401565,0.001972341447910797,7.431541698129598e-05
2024-08-19 00:00:00+00:00,546.66845703125,0.00951600999874844,-9.740247459456604,0.6874354005743488,0.008360857338792702,0.009240283570467885,7.215928851857008e-05
2024-08-20 00:00:00+00:00,545.7794799804688,-0.0016274958593185758,-9.692406325436265,0.6874354005743488,0.008563264988633254,-0.0019478799418204003,6.131700210339811e-05
2024-08-21 00:00:00+00:00,547.6551513671875,0.003430791695667201,-9.745751261662221,0.6874354005743489,0.008337880715459286,0.0031229967858885837,6.428419495494246e-05
2024-08-22 00:00:00+00:00,543.3568115234375,-0.0078795874463419,-9.571519132117038,0.6874354005743488,0.009096822147706055,-0.008201400842306835,6.098455307423351e-05
2024-08-23 00:00:00+00:00,549.1301879882812,0.010569334395826984,-9.755596926742408,0.6874354005743489,0.008296935590643808,0.01029470800271676,7.243749528097937e-05
2024-08-26 00:00:00+00:00,547.8211669921875,-0.002386653904955314,-9.69179220062867,0.6874354005743488,0.008565894849109992,-0.002711014505534534,6.039433009540112e-05
2024-08-27 00:00:00+00:00,548.5733642578125,0.0013721290323900149,-9.704671215083877,0.6874354005743487,0.0085109119287738,0.0010644976682450374,6.432320297618135e-05
2024-08-28 00:00:00+00:00,545.3887939453125,-0.005822101403040916,-9.575171405192863,0.6874354005743489,0.009080225267100516,-0.00613315217027481,6.35100877687393e-05
2024-08-29 00:00:00+00:00,545.4376220703125,8.952501390816311e-05,-9.565101864606222,0.6874354005743489,0.00912605739583592,-0.00018613275672022846,7.217663686810419e-05
2024-08-30 00:00:00+00:00,550.6444091796875,0.00950079670464906,-9.72896249124122,0.6874354005743488,0.008408166689063997,0.009227987017388688,7.289812515407706e-05
2024-09-03 00:00:00+00:00,539.3125610351562,-0.020793951990048902,-9.297887053637561,0.6874354005743489,0.010430572708483413,-0.021111393237076895,6.200433226111468e-05
2024-09-04 00:00:00+00:00,538.2088012695312,-0.002048702123771822,-9.258411037410818,0.6874354005743489,0.01063849668947896,-0.002240517185496599,9.491796955562405e-05
2024-09-05 00:00:00+00:00,536.8997192382812,-0.0024352568196338385,-9.214188822082114,0.6874354005743488,0.010876345495142568,-0.0026141741760583107,9.869228320625075e-05
2024-09-06 00:00:00+00:00,527.863525390625,-0.016973558840299413,-8.945953534906874,0.6874354005743489,0.012437398437229725,-0.017137726001317775,0.00010309889677014407
2024-09-09 00:00:00+00:00,533.7736206054688,0.011134041968453353,-9.097496505198658,0.6874354005743488,0.0115298168724663,0.011066589458570983,0.00013437666890172984
2024-09-10 00:00:00+00:00,536.0986938476562,0.004346456808267727,-9.158595638493985,0.6874354005743489,0.011182911842084487,0.004222794647107343,0.000115694757418947
2024-09-11 00:00:00+00:00,541.5985717773438,0.010206810117591064,-9.30902595350408,0.6874354005743489,0.010372641627880635,0.010061648870064431,0.00010891880162602034
2024-09-12 00:00:00+00:00,546.1605224609375,0.00838784516612747,-9.43893096321327,0.6874354005743488,0.009720326636124602,0.008192436032217894,9.387932957280927e-05
2024-09-13 00:00:00+00:00,549.0130615234375,0.0052093029907823545,-9.520244484115688,0.6874354005743489,0.009333055582030158,0.00497340665347155,8.257379114346055e-05
2024-09-16 00:00:00+00:00,549.8237915039062,0.0014756151021779278,-9.536249429361547,0.6874354005743488,0.009258666107103679,0.00121566645637805,7.620082253169982e-05
2024-09-17 00:00:00+00:00,550.0484008789062,0.000408428142247504,-9.532726790373104,0.6874354005743489,0.00927498794597557,0.00014385799586797196,7.500560558316413e-05
2024-09-18 00:00:00+00:00,548.4171142578125,-0.0029701211332180113,-9.467880467577723,0.6874354005743489,0.009580640715369168,-0.0032336772346879153,7.526704977684701e-05
2024-09-19 00:00:00+00:00,557.7755737304688,0.016920529043112722,-9.755990106337167,0.6874354005743489,0.008295304658074775,0.016675958583599375,8.024596796110877e-05
2024-09-20 00:00:00+00:00,556.8114013671875,-0.0017300984585733826,-9.705486512239352,0.6874354005743488,0.008507443174695158,-0.0020545605229778273,6.0370878945432915e-05
2024-09-23 00:00:00+00:00,558.2027587890625,0.0024956779810614547,-9.740498742401885,0.6874354005743489,0.008359806934352685,0.0021844114820155094,6.345896138067597e-05
2024-09-24 00:00:00+00:00,559.7999877929688,0.0028572918902978113,-9.78293190270178,0.6874354005743487,0.008184308739479026,0.002536842466030522,6.130178432111984e-05
2024-09-25 00:00:00+00:00,558.5653076171875,-0.0022080096413377467,-9.721574276276398,0.6874354005743487,0.008439284801982723,-0.00253937757601139,5.878544066346803e-05
2024-09-26 00:00:00+00:00,560.7798461914062,0.0039568518361695355,-9.785791524588527,0.6874354005743488,0.00817261508712759,0.0036413461529337986,6.245849195467103e-05
2024-09-27 00:00:00+00:00,559.9664306640625,-0.0014515607804652625,-9.739882808346218,0.6874354005743487,0.008362381875725687,-0.001783656329386392,5.8619624638687904e-05
2024-09-30 00:00:00+00:00,562.21044921875,0.003999407911629924,-9.805296200914585,0.6874354005743487,0.008093300361754957,0.0036791186647395216,6.133909222000894e-05
2024-10-01 00:00:00+00:00,557.1738891601562,-0.008998864597382177,-9.601814905079813,0.6874354005743489,0.008960062939984642,-0.009335895683919826,5.7501046843663264e-05
2024-10-02 00:00:00+00:00,557.4090576171875,0.00042198467364129805,-9.597483416380687,0.6874354005743488,0.008979489174203995,0.00013885898344377916,7.030187156193309e-05
2024-10-03 00:00:00+00:00,556.3899536132812,-0.0018299608421714036,-9.550979513620852,0.6874354005743489,0.009190726138635651,-0.002111879136752486,7.060330735508275e-05
2024-10-04 00:00:00+00:00,561.4461669921875,0.009046492180058027,-9.705573849402981,0.6874354005743488,0.008507071674828346,0.008777700817113552,7.392216623933385e-05
2024-10-07 00:00:00+00:00,556.370361328125,-0.009081706026014151,-9.511507058162115,0.6874354005743489,0.009373918216634655,-0.009392995629771066,6.345348700437151e-05
2024-10-08 00:00:00+00:00,561.6323852539062,0.009413327109958642,-9.67027666622197,0.6874354005743489,0.008658542197587247,0.009155916893516388,7.686133341814351e-05
2024-10-09 00:00:00+00:00,565.5223999023438,0.006902388463365834,-9.790844480623212,0.6874354005743487,0.00815199321608696,0.006600518257862697,6.570487278635517e-05
2024-10-10 00:00:00+00:00,564.53271484375,-0.001751569987531797,-9.738564235333447,0.6874354005743489,0.008367896899048061,-0.0020849487223473634,5.832777006042923e-05
2024-10-11 00:00:00+00:00,567.9132690429688,0.005970376139928544,-9.843592229173368,0.6874354005743489,0.007939803997232382,0.005650429959780779,6.141903619179753e-05
2024-10-14 00:00:00+00:00,572.557861328125,0.008145086428294807,-9.998889214736943,0.6874354005743487,0.00734661818667915,0.007798502000569219,5.536651597708946e-05
2024-10-15 00:00:00+00:00,568.1093139648438,-0.007799943775756974,-9.799929965015693,0.6874354005743487,0.008115044799626546,-0.008183468660185707,4.7492668815244844e-05
2024-10-16 00:00:00+00:00,570.5785522460938,0.004336995633228163,-9.873517883174756,0.6874354005743489,0.007821886473357987,0.004001317701917858,5.7806650385839926e-05
2024-10-17 00:00:00+00:00,570.6275024414062,8.578677819207803e-05,-9.857492107960685,0.6874354005743489,0.00788481415004824,-0.00026813815732498704,5.375383258286708e-05
2024-10-18 00:00:00+00:00,572.8224487304688,0.003839169318771763,-9.921845294993723,0.6874354005743488,0.007635145966458507,0.0034891618738189007,5.461152543200044e-05
2024-10-21 00:00:00+00:00,571.8817138671875,-0.001643630041374051,-9.86675670035255,0.6874354005743488,0.007848373821814133,-0.002009182572803127,5.1248071890354104e-05
2024-10-22 00:00:00+00:00,571.577880859375,-0.0005314276365589883,-9.83764342265738,0.6874354005743489,0.00796345533297754,-0.0008837035857325577,5.4114033233238756e-05
2024-10-23 00:00:00+00:00,566.355224609375,-0.009179261761694422,-9.626661076288691,0.6874354005743488,0.008849439873700517,-0.009524374026301241,5.569281440849917e-05
2024-10-24 00:00:00+00:00,567.580078125,0.0021603595708732425,-9.655009469732754,0.6874354005743487,0.008724890947770845,0.001870357731268531,6.859748054677913e-05
2024-10-25 00:00:00+00:00,567.3840942382812,-0.0003453569609313954,-9.63500667953693,0.6874354005743489,0.008812589854004212,-0.0006431018162561331,6.6703255497911e-05
2024-10-28 00:00:00+00:00,569.1381225585938,0.003086661548734472,-9.68105710817183,0.6874354005743487,0.00861199630085312,0.002794368939453059,6.803431201154749e-05
2024-10-29 00:00:00+00:00,570.0592651367188,0.001617178530827376,-9.698803084744934,0.6874354005743488,0.008535920168986954,0.0013124140220262474,6.500891132685931e-05
2024-10-30 00:00:00+00:00,568.3345947265625,-0.0030300088404782684,-9.624818824238572,0.6874354005743487,0.008857595078484444,-0.003339504304950144,6.387928895653185e-05
2024-10-31 00:00:00+00:00,557.193603515625,-0.01979755835950004,-9.235677841698054,0.6874354005743487,0.010760110058913683,-0.02008705324917704,6.87224240742469e-05
2024-11-01 00:00:00+00:00,559.545166015625,0.004211488021892728,-9.296593217799149,0.6874354005743489,0.010437322615958759,0.004040113017228872,0.00010093353313334111
2024-11-04 00:00:00+00:00,558.3399047851562,-0.0021563248834115547,-9.255422908843789,0.6874354005743489,0.010654403167104141,-0.0023477211935096914,9.503935496934288e-05
2024-11-05 00:00:00+00:00,565.0912475585938,0.012019292924155881,-9.440308629903418,0.6874354005743488,0.009713633256588798,0.011841362132786607,9.898401576874762e-05
2024-11-06 00:00:00+00:00,579.142578125,0.024561477968850064,-9.857554841722042,0.6874354005743489,0.007884566831902442,0.02432516602547973,8.246149825548416e-05
2024-11-07 00:00:00+00:00,583.6205444335938,0.007702322786009814,-10.004307214143198,0.6874354005743487,0.00732674313310428,0.007352299945298225,5.460814140736451e-05
2024-11-08 00:00:00+00:00,586.1488037109375,0.004322669623995072,-10.082754150563922,0.6874354005743489,0.007044925911092827,0.00393790641169291,4.7239176234001994e-05
2024-11-11 00:00:00+00:00,586.7072143554688,0.0009522237651059805,-10.083045190747258,0.6874354005743487,0.007043900807416848,0.0005498972801370112,4.371691248740782e-05
2024-11-12 00:00:00+00:00,584.8846435546875,-0.0031112750719250325,-9.986451481833809,0.6874354005743488,0.0073924481816584,-0.003513665458360747,4.370434636315931e-05
2024-11-13 00:00:00+00:00,585.1688842773438,0.0004858593585447453,-9.977201472373803,0.6874354005743489,0.007426717476202647,0.00010518978532920753,4.807975206800446e-05
2024-11-14 00:00:00+00:00,581.4060668945312,-0.0064510735955441555,-9.811135885856364,0.6874354005743489,0.008069703665711105,-0.006829608256434994,4.8521069739260196e-05
2024-11-15 00:00:00+00:00,573.9591064453125,-0.012891272390424445,-9.525851897574118,0.6874354005743488,0.009306925079540675,-0.013229771948376847,5.717031612956649e-05
2024-11-18 00:00:00+00:00,576.3107299804688,0.004088826355325771,-9.58913502075049,0.6874354005743488,0.00901704967624082,0.00382725438439429,7.577992015987057e-05
2024-11-19 00:00:00+00:00,578.41748046875,0.003648915488092873,-9.64529060361431,0.6874354005743489,0.008767392153527129,0.00336933159492333,7.118793765246133e-05
2024-11-20 00:00:00+00:00,578.613525390625,0.000338875834369798,-9.638658358217983,0.6874354005743489,0.008796514161039118,4.3773364653536685e-05,6.734669878685305e-05
2024-11-21 00:00:00+00:00,581.7196655273438,0.005353889004630169,-9.72814422060832,0.6874354005743487,0.008411607470827762,0.005060597018407425,6.778934993114423e-05
2024-11-22 00:00:00+00:00,583.5226440429688,0.0030946009077713224,-9.77523034975253,0.6874354005743488,0.008215885441425048,0.002777373683565089,6.205446897469183e-05
2024-11-25 00:00:00+00:00,585.501953125,0.0033862606110790184,-9.828772333708773,0.6874354005743489,0.007998856045954893,0.003056857410442799,5.9234353895433584e-05
2024-11-26 00:00:00+00:00,588.55908203125,0.005207797080574187,-9.921357234989758,0.6874354005743489,0.007637009398501255,0.004864888212216555,5.6182978647414306e-05
2024-11-27 00:00:00+00:00,586.7757568359375,-0.0030345847070110607,-9.835670103121789,0.6874354005743487,0.00797131643144429,-0.0034000211928419313,5.127278439573244e-05
2024-11-29 00:00:00+00:00,590.4208984375,0.006192938512433885,-9.949270053847005,0.6874354005743488,0.007531164493982883,0.005848315545320761,5.580147729866585e-05
2024-12-02 00:00:00+00:00,591.479248046875,0.0017909294544124715,-9.969749643002014,0.6874354005743487,0.0074544404064799275,0.001418900905399923,4.987841271460966e-05
2024-12-03 00:00:00+00:00,591.75341796875,0.00046342521577770473,-9.960265344370736,0.6874354005743487,0.007489874426255033,8.661755299253906e-05,4.887954068458705e-05
2024-12-04 00:00:00+00:00,595.427978515625,0.006190414189814256,-10.079445787109698,0.6874354005743487,0.0070565891426965874,0.005815813772743139,4.933961669542019e-05
2024-12-05 00:00:00+00:00,594.4481201171875,-0.0016469926928679725,-10.017912943639802,0.6874354005743488,0.007277069443789646,-0.002048592139754659,4.386001058236773e-05
2024-12-06 00:00:00+00:00,595.574951171875,0.0018937975551105272,-10.04065532120782,0.6874354005743489,0.007194789211969144,0.0015059392122364435,4.66085523681029e-05
2024-12-09 00:00:00+00:00,592.5079956054688,-0.005162875853526459,-9.898634063906403,0.6874354005743487,0.0077242727202106905,-0.005555861585125821,4.557318651091896e-05
2024-12-10 00:00:00+00:00,590.665771484375,-0.0031140406608803893,-9.812448594112634,0.6874354005743489,0.008064408820234218,-0.003474043192097727,5.2436643167122666e-05
2024-12-11 00:00:00+00:00,595.2320556640625,0.007701012080991039,-9.956503290383417,0.6874354005743489,0.007503976341113173,0.007362183006603806,5.70962331212804e-05
2024-12-12 00:00:00+00:00,592.1650390625,-0.005165960799480725,-9.82115335103626,0.6874354005743487,0.008029385733130188,-0.005539682819672244,4.952330830541234e-05
2024-12-13 00:00:00+00:00,592.0475463867188,-0.0001984317302660415,-9.800230952895552,0.6874354005743488,0.008113823626453832,-0.0005394404784038364,5.660740108576633e-05
2024-12-16 00:00:00+00:00,594.5755004882812,0.00426075986406593,-9.872245292750693,0.6874354005743487,0.007826865086035771,0.003925005940388334,5.7789466412468494e-05
2024-12-17 00:00:00+00:00,592.1258544921875,-0.004128502028305102,-9.76570338760179,0.6874354005743487,0.008255115016733457,-0.004482117011995546,5.382144592662983e-05
2024-12-18 00:00:00+00:00,574.4784545898438,-0.03025661064131427,-9.133367326797421,0.6874354005743487,0.011324868282931324,-0.03058357306692556,5.979441384063174e-05
2024-12-19 00:00:00+00:00,574.3020629882812,-0.00030709365322565676,-9.125534352318658,0.6874354005743489,0.011369308953903687,-0.00044345632390182903,0.00011166717001438191
2024-12-20 00:00:00+00:00,581.1998901367188,0.011939242625160041,-9.299819617324541,0.6874354005743488,0.010420498703405945,0.0118056341460526,0.00011253452078696129
2024-12-23 00:00:00+00:00,584.680419921875,0.005970664561118136,-9.390137722344083,0.6874354005743489,0.009960386169488508,0.005778224520814296,9.473694848325909e-05
2024-12-24 00:00:00+00:00,591.1790771484375,0.011053571299224312,-9.56920268513774,0.6874354005743488,0.00910736440476505,0.010832578471939254,8.665107671764762e-05
2024-12-26 00:00:00+00:00,591.2183837890625,6.648634141744888e-05,-9.558821259527985,0.6874354005743489,0.009154761022495645,-0.00020748493769993974,7.260343260622764e-05
2024-12-27 00:00:00+00:00,584.9949951171875,-0.010582173029488507,-9.35266901809697,0.6874354005743489,0.010148746446019267,-0.010853199115533558,7.335178154354769e-05
2024-12-30 00:00:00+00:00,578.3192749023438,-0.011477196948838099,-9.154519861692618,0.6874354005743488,0.011205724605451165,-0.0116864989659971,8.991820046064165e-05
2024-12-31 00:00:00+00:00,576.21533203125,-0.0036446637241498506,-9.095943056333184,0.6874354005743489,0.011538775841810907,-0.003788410926280644,0.00010935819055325844
2025-01-02 00:00:00+00:00,574.7994995117188,-0.0024601476798058125,-9.057356593480112,0.6874354005743488,0.011763557524544247,-0.0025832547236703603,0.0001158724237882591
2025-01-03 00:00:00+00:00,581.9864501953125,0.012425882521837194,-9.234008751346689,0.6874354005743488,0.01076909360491926,0.012316701728948075,0.000120374151887647
2025-01-06 00:00:00+00:00,585.3390502929688,0.005744086485510305,-9.318925609532792,0.6874354005743488,0.010321425695366065,0.005573268590834985,0.00010110007932977939
2025-01-07 00:00:00+00:00,578.7223510742188,-0.011368421757193178,-9.126352521263541,0.6874354005743489,0.011364658897346067,-0.011567008556470654,9.296578501992243e-05
2025-01-08 00:00:00+00:00,579.5678100585938,0.0014598399656557185,-9.144928493677767,0.6874354005743489,0.011259592783873075,0.0013259433074528453,0.0001124436101683211
2025-01-10 00:00:00+00:00,570.7193603515625,-0.015385069867613042,-8.910670927404924,0.6874354005743489,0.012658757148234988,-0.015525478198985213,0.00011039919389857065
2025-01-13 00:00:00+00:00,571.6041870117188,0.0015491702664428082,-8.932155040917719,0.6874354005743489,0.01252350381058909,0.0014954195181074218,0.0001391424685080345
2025-01-14 00:00:00+00:00,572.3908081054688,0.001375217935533869,-8.951127614140125,0.6874354005743488,0.012405263979225199,0.0013130955661473077,0.00013622074974363666
2025-01-15 00:00:00+00:00,582.8025512695312,0.018026462881358663,-9.196920922612717,0.6874354005743489,0.010970657873736595,0.017957021051852762,0.00013369163992049495
2025-01-16 00:00:00+00:00,581.6817626953125,-0.0019249532292756927,-9.162861836679157,0.6874354005743488,0.011159083006650607,-0.0020832727033780504,0.00010487253073312267
2025-01-17 00:00:00+00:00,587.521728515625,0.00998973135235659,-9.310252822061177,0.6874354005743489,0.010366280645168884,0.00984309304073993,0.00010846077527511303
2025-01-21 00:00:00+00:00,592.899658203125,0.00911194418813655,-9.452003548297835,0.6874354005743489,0.009656998927302747,0.008916140400873325,9.376562806525788e-05
2025-01-22 00:00:00+00:00,596.2326049804688,0.005605693510050777,-9.540567527639128,0.6874354005743489,0.009238697756101165,0.005365864881373947,8.151438115929845e-05
2025-01-23 00:00:00+00:00,599.4868774414062,0.005443217316000488,-9.628800723324153,0.6874354005743489,0.008839977597190343,0.0051774065441161175,7.468636234807648e-05
2025-01-24 00:00:00+00:00,597.73681640625,-0.002923534324684772,-9.560298292104733,0.6874354005743489,0.009148002578282105,-0.0032141243725392656,6.845265246542148e-05
2025-01-27 00:00:00+00:00,589.2815551757812,-0.014246458926308145,-9.286490000829742,0.6874354005743489,0.01049018128167804,-0.014517904965995655,7.324484028255346e-05
2025-01-28 00:00:00+00:00,594.344970703125,0.008555817741972439,-9.418014776265377,0.6874354005743488,0.009822516143004853,0.008367700570330469,9.599257548504106e-05
2025-01-29 00:00:00+00:00,591.6805419921875,-0.00449304532617926,-9.3322454676865,0.6874354005743489,0.010252914126591135,-0.004722596934120741,8.429756465323284e-05
2025-01-30 00:00:00+00:00,594.8561401367188,0.005352730808165938,-9.413338771461751,0.6874354005743488,0.009845508076463555,0.005149892943548764,9.175063421941616e-05
2025-01-31 00:00:00+00:00,591.6903076171875,-0.005336226049740629,-9.31339651881547,0.6874354005743488,0.010349999223075395,-0.0055643502488145445,8.46878252244043e-05
2025-02-03 00:00:00+00:00,587.70849609375,-0.00675229895034307,-9.196690142056925,0.6874354005743489,0.010971923854036855,-0.006949112896552768,9.347491033438079e-05
2025-02-04 00:00:00+00:00,591.6510009765625,0.0066858656392535494,-9.295154442856065,0.6874354005743489,0.010444833796485774,0.006527624656028451,0.00010489644030513558
2025-02-05 00:00:00+00:00,594.0498657226562,0.004046329198996035,-9.354248377751908,0.6874354005743489,0.010140735349193832,0.0038553988645905818,9.517452061655892e-05
2025-02-06 00:00:00+00:00,596.114501953125,0.0034695011170228244,-9.404555778318981,0.6874354005743489,0.00988883966705231,0.003259701935701382,8.977803169017302e-05
2025-02-07 00:00:00+00:00,590.6580810546875,-0.009195459053371586,-9.23936649458734,0.6874354005743489,0.010740283192611833,-0.009420893206682452,8.542574665713113e-05
2025-02-10 00:00:00+00:00,594.6693115234375,0.006768165160238897,-9.340517006067657,0.6874354005743489,0.010210598005404496,0.006595560582533289,0.00010056644220928008
2025-02-11 00:00:00+00:00,595.1216430664062,0.0007603546875463104,-9.345935725182228,0.6874354005743488,0.010182971266397438,0.0005548909822431278,9.100404156659354e-05
2025-02-12 00:00:00+00:00,593.2044067382812,-0.0032267877860412833,-9.285230735759342,0.6874354005743489,0.010496788320898287,-0.0034339658840502043,9.051824225970553e-05
2025-02-13 00:00:00+00:00,599.4672241210938,0.010502261955576539,-9.447987445963166,0.6874354005743489,0.009676410158121406,0.010314554643789242,9.61120530247591e-05
2025-02-14 00:00:00+00:00,599.4376831054688,-4.9279997859525275e-05,-9.437908861439693,0.6874354005743489,0.009725295487231606,-0.00028790326586192405,8.183839387854616e-05
2025-02-18 00:00:00+00:00,601.1975708007812,0.00293159633618473,-9.479709084353102,0.6874354005743489,0.009524145082604359,0.0026960085230629104,8.265720091980254e-05
2025-02-19 00:00:00+00:00,602.6133422851562,0.0023521503613693965,-9.511497351346202,0.6874354005743488,0.009373963712194315,0.0021040712365111764,7.931382222186854e-05
2025-02-20 00:00:00+00:00,600.1063232421875,-0.004168922727060123,-9.426081359118925,0.6874354005743489,0.009782978859147449,-0.00442633011734635,7.686207038528855e-05
2025-02-21 00:00:00+00:00,589.842041015625,-0.017252070958461062,-9.119938295466998,0.6874354005743488,0.011401165150026486,-0.017484077256245012,8.362854807896517e-05
2025-02-24 00:00:00+00:00,587.1580200195312,-0.00456079101001374,-9.04935617243203,0.6874354005743488,0.011810708475143952,-0.0046924252959593335,0.00011315829884743106
2025-02-25 00:00:00+00:00,584.2379150390625,-0.004985694318821851,-8.976301342356793,0.6874354005743489,0.012250099174990235,-0.005091954309748686,0.00012132919855916808
2025-02-26 00:00:00+00:00,584.5328369140625,0.0005046701943331124,-8.982876282894537,0.6874354005743489,0.012209893461915039,0.0004256218248404093,0.00013040823310303694
2025-02-27 00:00:00+00:00,575.2025756835938,-0.01609067453879389,-8.759556954393771,0.6874354005743489,0.013652275716017553,-0.01617221236010587,0.00012956402667732464
2025-02-28 00:00:00+00:00,584.178955078125,0.015485081527449984,-8.955033144460566,0.6874354005743489,0.012381063048980375,0.0154927927029158,0.00016154215054886
2025-03-03 00:00:00+00:00,573.9441528320312,-0.017675268948049022,-8.71361467754337,0.6874354005743489,0.013969513740889752,-0.01774620900480778,0.00013317687593251482
2025-03-04 00:00:00+00:00,567.1504516601562,-0.011907481495598895,-8.573502661134397,0.6874354005743488,0.014983256937065674,-0.01188015676676365,0.00016904197903968866
2025-03-05 00:00:00+00:00,573.2460327148438,0.010690385651925656,-8.701075310733753,0.6874354005743489,0.01405737330739201,0.010780350167668587,0.0001941337358345063
2025-03-06 00:00:00+00:00,563.0703125,-0.01791049169546289,-8.489746608599129,0.6874354005743489,0.01562405009343645,-0.017877735929905218,0.0001711487819543368
2025-03-07 00:00:00+00:00,566.2261962890625,0.005589129125759151,-8.558461504171518,0.6874354005743488,0.015096364480743403,0.005718661688052132,0.00021087805884445257
2025-03-10 00:00:00+00:00,551.1444702148438,-0.026996667272413812,-8.262220045387256,0.6874354005743489,0.017506542730301125,-0.026899717052150645,0.0001970395900912075
2025-03-11 00:00:00+00:00,546.5629272460938,-0.008347524273322408,-8.193054345853412,0.6874354005743489,0.01812255927760433,-0.008101862306143924,0.0002640205149900284
2025-03-12 00:00:00+00:00,549.4633178710938,0.00529256923951383,-8.255598196518672,0.6874354005743488,0.01756460163166657,0.00557619878455334,0.0002826890350618263
2025-03-13 00:00:00+00:00,542.138671875,-0.01342019526585469,-8.137758929497302,0.6874354005743489,0.0186305971884792,-0.013170954207084685,0.0002657531193304052
2025-03-14 00:00:00+00:00,553.3369140625,0.020445242975871563,-8.338077696007687,0.6874354005743489,0.01685497484164006,0.02076017305354941,0.00029855892684843663
2025-03-17 00:00:00+00:00,557.6038818359375,0.007681757248935513,-8.426004857802356,0.6874354005743487,0.016130022308057625,0.007887242683478997,0.000244960248672713
2025-03-18 00:00:00+00:00,551.5770874023438,-0.010867214480762116,-8.320822635036711,0.6874354005743487,0.017001020752793066,-0.010706452918126615,0.00022458247991363308
2025-03-19 00:00:00+00:00,557.584228515625,0.010831967834690391,-8.439831824256629,0.6874354005743489,0.016018892259872557,0.011046460276609535,0.0002491711960824969
2025-03-20 00:00:00+00:00,555.971923828125,-0.0028957781981189925,-8.418051057719257,0.6874354005743489,0.01619429751777355,-0.0027418746299511083,0.00022153597635291667
2025-03-21 00:00:00+00:00,556.1553344726562,0.0003298375160307374,-8.430753089808514,0.6874354005743488,0.016091773185858305,0.0004945653301909257,0.00022635388971082129
2025-03-24 00:00:00+00:00,566.1151733398438,0.017749910189169125,-8.626912814352462,0.6874354005743488,0.014588423407253755,0.0179083114090338,0.00022353160488854663
2025-03-25 00:00:00+00:00,567.47607421875,0.002401044531065827,-8.660530946074966,0.6874354005743488,0.014345255079077706,0.00246661840775916,0.00018415718619959538
2025-03-26 00:00:00+00:00,560.7013549804688,-0.012010168785888266,-8.523855913421691,0.6874354005743489,0.015359846702182855,-0.011959620508172113,0.0001781422276271672
2025-03-27 00:00:00+00:00,559.2122802734375,-0.00265926860372378,-8.50197990122228,0.6874354005743489,0.015528774984180033,-0.0025460477675019726,0.00020389139428931768
2025-03-28 00:00:00+00:00,547.95068359375,-0.020343861653928184,-8.287676239967759,0.6874354005743488,0.017285129822875906,-0.020220210916380765,0.00020834517795194119
2025-03-31 00:00:00+00:00,551.62890625,0.006690259458893106,-8.364787437713943,0.6874354005743489,0.016631375224688258,0.0069222708990589014,0.00025746444280327473
2025-04-01 00:00:00+00:00,553.1869506835938,0.0028204618112056823,-8.403696018232685,0.6874354005743489,0.016310950546846965,0.003012155461822239,0.00023858187219636466
2025-04-02 00:00:00+00:00,556.6878051757812,0.006308578664988426,-8.478804482796649,0.6874354005743489,0.015709764514961602,0.0064805043352799555,0.00022958637384568482
2025-04-03 00:00:00+00:00,529.2537231445312,-0.05053664464531158,-7.941472942159819,0.6874354005743489,0.020551793929549766,-0.05040182086344226,0.0002131696839567723
2025-04-04 00:00:00+00:00,498.2696533203125,-0.06032654173402911,-7.458950087110332,0.6874354005743487,0.026159427989333333,-0.05989333750795638,0.00036243863985879206
2025-04-07 00:00:00+00:00,497.3821411132813,-0.0017827767640403668,-7.471631919130382,0.6874354005743489,0.025994078042666093,-0.0010050831142919177,0.0005837558514046714
2025-04-08 00:00:00+00:00,489.5917663574219,-0.015786712271728343,-7.392120882124803,0.6874354005743484,0.027048302874000348,-0.015019162466473694,0.000576488816608752
2025-04-09 00:00:00+00:00,541.0083618164062,0.09986282097331924,-8.047742776744599,0.6874354005743488,0.01948828109994328,0.10069503178195291,0.0006235915291608603
2025-04-10 00:00:00+00:00,517.3019409179688,-0.044808005930989415,-7.672033303414153,0.6874354005743487,0.023515694571633262,-0.04444025692799046,0.00032632170029596615
2025-04-11 00:00:00+00:00,526.5321044921875,0.017685577889526977,-7.821306353699188,0.6874354005743493,0.021824463667662067,0.01830098703764291,0.00047295628154443893
2025-04-14 00:00:00+00:00,531.6401977539062,0.009654633614505052,-7.915434794059272,0.6874354005743489,0.020821108566208057,0.010166111669498743,0.00040811689727110624
2025-04-15 00:00:00+00:00,530.151123046875,-0.002804836796243976,-7.909847497404775,0.6874354005743484,0.02087935674590738,-0.002355063917605908,0.00037188148625634965
2025-04-16 00:00:00+00:00,518.3668823242188,-0.02247884513446928,-7.74405095212883,0.6874354005743489,0.022683986340555275,-0.02202548908336665,0.0003739395869531306
2025-04-17 00:00:00+00:00,519.1064453125,0.0014257004856924008,-7.77475132187555,0.6874354005743484,0.022338441827616053,0.0019900105647818593,0.00044048006175821186
2025-04-21 00:00:00+00:00,506.7503356933594,-0.024090511302001048,-7.610588468311973,0.687435400574348,0.024249365931765136,-0.02354743771159515,0.00042732288266900126
2025-04-22 00:00:00+00:00,519.9348754882812,0.025685116511127353,-7.813208563042237,0.6874354005743485,0.021913007768588177,0.02634558311572989,0.0005025509813991778
2025-04-23 00:00:00+00:00,527.9915161132812,0.015376651323154154,-7.951627159024166,0.6874354005743488,0.02044771467768845,0.015893573049911694,0.00041139445647843663
2025-04-24 00:00:00+00:00,539.1051635742188,0.020830444939895523,-8.14172334937208,0.6874354005743489,0.018593704010684445,0.021257245340778788,0.0003588214936591713
2025-04-25 00:00:00+00:00,543.0004272460938,0.007199446209049066,-8.221279602669442,0.6874354005743487,0.017868598574255636,0.0075121036296212015,0.00029739206087724563
2025-04-28 00:00:00+00:00,543.2074584960938,0.0003812000542889559,-8.237375622651971,0.6874354005743489,0.017725369043832186,0.0006491789209816189,0.0002749164029380507
2025-04-29 00:00:00+00:00,546.6292114257812,0.0062794073051475035,-8.309756183828188,0.6874354005743487,0.017095351973408727,0.006538558258446432,0.0002705799707142262
2025-04-30 00:00:00+00:00,546.8462524414062,0.00039697464762060517,-8.32473015096927,0.6874354005743489,0.016967837299835774,0.0006172842229071558,0.000251909889385671
2025-05-01 00:00:00+00:00,550.7217407226562,0.007061985064770549,-8.40616765887323,0.6874354005743488,0.016290805593053705,0.007274431085534907,0.00024821130476975004
2025-05-02 00:00:00+00:00,558.8966674804688,0.014734929787140345,-8.56907599107744,0.6874354005743488,0.01501645663195562,0.014905612495935049,0.00022902653538838045
2025-05-05 00:00:00+00:00,555.6917114257812,-0.0057509389987245646,-8.51087573402173,0.6874354005743489,0.015459857674098536,-0.005658923949635654,0.00019498446112370567
2025-05-06 00:00:00+00:00,551.047119140625,-0.008393343440716216,-8.42651542228409,0.6874354005743489,0.01612590512536176,-0.00827394759945203,0.0002065224380784249
2025-05-07 00:00:00+00:00,553.3645629882812,0.004196709046927182,-8.479771689568375,0.6874354005743489,0.015702169056393826,0.004357216542642302,0.00022446924553516849
2025-05-08 00:00:00+00:00,557.2202758789062,0.006943599889265658,-8.562984601606603,0.6874354005743487,0.015062261893878317,0.007077954811693038,0.0002129661210409936
2025-05-09 00:00:00+00:00,556.5103759765625,-0.0012748145115739507,-8.555455604726856,0.6874354005743489,0.015119070616363901,-0.001179970454583248,0.00019616121308520146
2025-05-12 00:00:00+00:00,574.9015502929688,0.032512993653282446,-8.92693497653251,0.6874354005743489,0.0125562332525674,0.03261134616392005,0.00019762550451326498
2025-05-13 00:00:00+00:00,578.6981201171875,0.006582150859953346,-9.016089432824712,0.6874354005743488,0.01200880328173824,0.0065220544082405085,0.00013692495719769718
2025-05-14 00:00:00+00:00,579.4378051757812,0.0012773719267607985,-9.0329612142206,0.6874354005743489,0.011907924429572312,0.0011833815213941202,0.0001253823419502182
2025-05-15 00:00:00+00:00,582.2678833007812,0.004872290377370024,-9.100703742629785,0.6874354005743489,0.011511342259419315,0.004772052054621842,0.00012331007939294676
2025-05-16 00:00:00+00:00,585.9559936523438,0.006314068180387681,-9.190723424036232,0.6874354005743488,0.011004705917945962,0.0061892612752341295,0.00011532881026304922
2025-05-19 00:00:00+00:00,586.5969848632812,0.0010933259077134494,-9.203183393935282,0.6874354005743489,0.01093635988414196,0.0009371173765131833,0.00010551650650284605
2025-05-20 00:00:00+00:00,584.6246948242188,-0.003367922465163679,-9.146637816055978,0.6874354005743489,0.011249973758005122,-0.0035283684594466817,0.0001042257958835265
2025-05-21 00:00:00+00:00,574.7733154296875,-0.016994365011937837,-8.88799228377322,0.6874354005743488,0.012803115787056648,-0.017135369537810582,0.00011021294889555289
2025-05-22 00:00:00+00:00,575.0000610351562,0.0003944179140857305,-8.894390948112969,0.6874354005743488,0.012762219821616738,0.0003496011619061161,0.0001422946530642108
2025-05-23 00:00:00+00:00,571.0753784179688,-0.006848934762274166,-8.804681490757766,0.6874354005743489,0.013347698309055923,-0.006896282338223242,0.0001413981175603028
2025-05-27 00:00:00+00:00,582.9483642578125,0.020577401218805552,-9.068271061664822,0.6874354005743488,0.01169953588679379,0.020566276357172744,0.0001544998112164932
2025-05-28 00:00:00+00:00,579.5757446289062,-0.005802252297463494,-8.98240770312077,0.6874354005743488,0.012212754451610477,-0.005915399189100213,0.00011908335422872282
2025-05-29 00:00:00+00:00,581.863525390625,0.003939566673301789,-9.036446364042314,0.6874354005743488,0.011887192048330929,0.0038582060016626968,0.00012962400990394705
2025-05-30 00:00:00+00:00,581.2127685546875,-0.0011190270272600825,-9.019057640533978,0.6874354005743489,0.01199099418903865,-0.0012205494870265077,0.00012288630565740802
2025-06-02 00:00:00+00:00,584.4866943359375,0.0056171157210044296,-9.097078717622333,0.6874354005743488,0.011532225631168215,0.005522022358773665,0.00012501526636888156
2025-06-03 00:00:00+00:00,587.8197631835938,0.005686359240649595,-9.177802813107224,0.6874354005743489,0.01107602981875434,0.005562846331953915,0.00011574251256241705
2025-06-04 00:00:00+00:00,587.6619262695312,-0.00026854848770040476,-9.169632698871496,0.6874354005743489,0.011121368575859415,-0.0004203352704798272,0.00010687181803640112
2025-06-05 00:00:00+00:00,584.8218994140625,-0.004844471791619437,-9.092144785285742,0.6874354005743488,0.011560710362633559,-0.004993447964401623,0.0001077377948905432
2025-06-06 00:00:00+00:00,590.8274536132812,0.010216662684454049,-9.238966936923912,0.6874354005743489,0.010742429088185448,0.01009491472915723,0.00011630797812624235
2025-06-09 00:00:00+00:00,591.3599243164062,0.0009008229136485706,-9.247903642224097,0.6874354005743489,0.010694535209758228,0.0007283514160688723,0.00010060614121167794
2025-06-10 00:00:00+00:00,594.7128295898438,0.005653808661982898,-9.331754453096092,0.6874354005743488,0.01025543160082281,0.005478366894310768,9.972194672283178e-05
2025-06-11 00:00:00+00:00,593.0166015625,-0.002856255197579159,-9.277789402955246,0.6874354005743489,0.010535916114127759,-0.0030589368496401963,9.179514550452776e-05
2025-06-12 00:00:00+00:00,595.3734130859375,0.003966399219497322,-9.335373719484943,0.6874354005743488,0.010236889813351857,0.0037811190894961734,9.682111961064557e-05
2025-06-13 00:00:00+00:00,588.7171020507812,-0.01124302756622849,-9.143037462933794,0.6874354005743488,0.01127024393655332,-0.011446859771350067,9.14675593630948e-05
2025-06-16 00:00:00+00:00,594.318359375,0.009469368183272006,-9.281523772308715,0.6874354005743489,0.010516261967674797,0.009329620011141293,0.00011060560426610944
2025-06-17 00:00:00+00:00,589.23974609375,-0.008581994289928462,-9.137778876807944,0.6874354005743489,0.011299915701542238,-0.008768493595424342,9.646462911713189e-05
2025-06-18 00:00:00+00:00,589.1510009765625,-0.00015062086591550284,-9.13219343495498,0.6874354005743489,0.011331517319299853,-0.00028853001999954407,0.00011118162204160004
2025-06-20 00:00:00+00:00,587.7673950195312,-0.0023512362440002437,-9.093912852648103,0.6874354005743489,0.011550494821401178,-0.0024871868351048153,0.00011179672876427798
2025-06-23 00:00:00+00:00,593.572998046875,0.009828919420942845,-9.235161220117984,0.6874354005743488,0.010762889870456066,0.009706538502685002,0.00011610502746749959
2025-06-24 00:00:00+00:00,600.1304321289062,0.010986816119520414,-9.40233806415847,0.6874354005743489,0.009899811058661091,0.010815613504047633,0.00010098505364567903
2025-06-25 00:00:00+00:00,600.4667358398438,0.000560227408002968,-9.403548046945406,0.6874354005743489,0.009893823569545962,0.00033547434103130594,8.561308706595099e-05
2025-06-26 00:00:00+00:00,605.1646118164062,0.007793260788651785,-9.52802616709979,0.6874354005743488,0.009296812695509651,0.007568136029132867,8.551082344225363e-05
2025-06-27 00:00:00+00:00,608.1713256835938,0.004956121266641941,-9.607066040697418,0.6874354005743488,0.008936568543726582,0.004693921061430216,7.561734186126147e-05
2025-06-30 00:00:00+00:00,611.0791015625,0.004769785315288907,-9.684593394166741,0.6874354005743489,0.00859678251393866,0.00448519933891587,6.993816125623638e-05
2025-07-01 00:00:00+00:00,610.8812255859375,-0.0003238664527740109,-9.664311344121913,0.6874354005743488,0.008684406246821687,-0.0006295770222043884,6.478222604729165e-05
2025-07-02 00:00:00+00:00,613.6505737304688,0.004523121192111028,-9.738477261195907,0.6874354005743489,0.008368260802268455,0.004222859175106476,6.609317777478572e-05
2025-07-03 00:00:00+00:00,618.4869995117188,0.007850504238325978,-9.881313099966306,0.6874354005743488,0.0077914591583671386,0.007530580694992105,6.142431302200876e-05
2025-07-07 00:00:00+00:00,613.8780517578125,-0.007479876580079352,-9.701854756774036,0.6874354005743487,0.008522905686084143,-0.007835695871220889,5.3341518648013707e-05
2025-07-08 00:00:00+00:00,613.5418701171875,-0.000547785876764889,-9.67674300347157,0.6874354005743489,0.008630592877397128,-0.0008580907259449471,6.368702190530196e-05
2025-07-09 00:00:00+00:00,617.220947265625,0.005978549327169769,-9.779587092671301,0.6874354005743488,0.008198007670348619,0.005674941208104299,6.528653122482216e-05
2025-07-10 00:00:00+00:00,618.9617309570312,0.002816387695340711,-9.821492095362657,0.6874354005743487,0.008028025893862123,0.002485872133226094,5.8979985725496425e-05
2025-07-11 00:00:00+00:00,616.7857666015625,-0.003521701008814372,-9.730930538082161,0.6874354005743488,0.0083998969256065,-0.003862794389351332,5.6588463093861836e-05
2025-07-14 00:00:00+00:00,617.9627685546875,0.0019064648000917212,-9.754238877605475,0.6874354005743488,0.008302571326937997,0.0015885091545074122,6.188391278425675e-05
2025-07-15 00:00:00+00:00,615.322021484375,-0.004282467646529195,-9.652070098446451,0.6874354005743488,0.008737723222129758,-0.004606477637699808,6.047540086867277e-05
2025-07-16 00:00:00+00:00,617.3792724609375,0.0033377962635928867,-9.703113832208892,0.6874354005743488,0.008517541884027672,0.0030408492331618687,6.689720713314938e-05
2025-07-17 00:00:00+00:00,621.1573486328125,0.006100890076443559,-9.809365830161502,0.6874354005743487,0.008076848739504037,0.005790251642244043,6.360786405485078e-05
2025-07-18 00:00:00+00:00,620.7025146484375,-0.000732504557334665,-9.777591135089255,0.6874354005743488,0.008206193191941373,-0.0010705594569710862,5.727036186576278e-05
2025-07-21 00:00:00+00:00,621.8794555664062,0.0018943478951733137,-9.800575879673644,0.6874354005743487,0.0081124244095934,0.0015643416428910927,5.9096383720428585e-05
2025-07-22 00:00:00+00:00,621.9684448242188,0.0001430870413278501,-9.787208509500733,0.6874354005743489,0.00816682690167671,-0.000192753954366825,5.776978016453248e-05
2025-07-23 00:00:00+00:00,627.259765625,0.008471394418692447,-9.945670926037987,0.6874354005743487,0.007544729507658883,0.008138938706744881,5.853763373060804e-05
2025-07-24 00:00:00+00:00,627.4674072265625,0.00033097490506409994,-9.933632295309446,0.6874354005743488,0.007590280569472365,-4.020874654027455e-05,5.0056053813671804e-05
2025-07-25 00:00:00+00:00,630.1181030273438,0.004215537956781221,-10.007835913907602,0.6874354005743487,0.007313827591837751,0.003847191319242539,5.065485108810054e-05
2025-07-28 00:00:00+00:00,629.9598999023438,-0.0002511005278458048,-9.981307660234316,0.6874354005743487,0.0074114853694540045,-0.0006366684731675016,4.707480655950781e-05
2025-07-29 00:00:00+00:00,628.2982788085938,-0.0026411464479572516,-9.901241107803022,0.6874354005743489,0.007714210520758866,-0.0030206300254370304,4.8324665859404906e-05
2025-07-30 00:00:00+00:00,627.5070190429688,-0.0012601632939269942,-9.85531685925536,0.6874354005743488,0.007893394531203968,-0.0016207923676791703,5.230178244324827e-05
2025-07-31 00:00:00+00:00,625.1531372070312,-0.003758217413957386,-9.757760924478386,0.6874354005743488,0.008287963170676425,-0.004107690726752334,5.4728993878478197e-05
2025-08-01 00:00:00+00:00,614.9066162109375,-0.016526226537602218,-9.406777845318546,0.6874354005743487,0.009877858936017801,-0.01685114533475661,6.0265371520566095e-05
2025-08-04 00:00:00+00:00,624.2530517578125,0.015085405109181525,-9.655897325978147,0.6874354005743489,0.008721018582901096,0.01485928928051098,8.52384496936474e-05
2025-08-05 00:00:00+00:00,621.0880737304688,-0.005082920296747279,-9.544404323767434,0.6874354005743488,0.00922099124570856,-0.005380905912604855,6.664478179522398e-05
2025-08-06 00:00:00+00:00,625.845458984375,0.007630572460438727,-9.672718793608565,0.6874354005743489,0.008647976018374637,0.007363661562881497,7.440384269997415e-05
2025-08-07 00:00:00+00:00,625.3211669921875,-0.0008380850511677383,-9.642704921990058,0.6874354005743487,0.008778734326151144,-0.001140612263012708,6.554656454926644e-05
2025-08-08 00:00:00+00:00,630.197265625,0.007767505474040804,-9.778611583292204,0.6874354005743488,0.008202007262365377,0.007473108143567005,6.751892824294842e-05
2025-08-11 00:00:00+00:00,628.9509887695312,-0.00197955603416075,-9.72212700481088,0.6874354005743488,0.008436952807477206,-0.0023098227376208186,5.903684570610953e-05
2025-08-12 00:00:00+00:00,635.6468505859375,0.01058980836909497,-9.918676792872114,0.6874354005743488,0.007647251541158113,0.01027415763754074,6.242440045038989e-05
2025-08-13 00:00:00+00:00,637.82275390625,0.003417286804688239,-9.974966256037417,0.6874354005743489,0.007435022276208649,0.0030524881441387004,5.1408718909857066e-05
2025-08-14 00:00:00+00:00,637.882080078125,9.300924530087265e-05,-9.95702355127429,0.6874354005743489,0.007502024582271968,-0.00028500806037376784,4.8628318132934685e-05
2025-08-15 00:00:00+00:00,636.388671875,-0.0023439428152555583,-9.884854877713794,0.6874354005743487,0.007777673560017414,-0.0027177864077245757,4.949786458714089e-05
2025-08-18 00:00:00+00:00,636.2501831054688,-0.00021764032983260864,-9.86203900686956,0.6874354005743488,0.00786690878480399,-0.0005743179198546243,5.3155229074495404e-05
2025-08-19 00:00:00+00:00,632.7984008789062,-0.005439966259085958,-9.72812477150793,0.6874354005743487,0.008411689270324558,-0.005791088343065906,5.43667961001408e-05
2025-08-20 00:00:00+00:00,631.1170043945312,-0.002660617109700641,-9.660057947048148,0.6874354005743489,0.008702895013928983,-0.0029778392458438894,6.20556611444207e-05
2025-08-21 00:00:00+00:00,628.5850830078125,-0.0040198787023870254,-9.568845226487921,0.6874354005743488,0.009108992303329084,-0.004318991150951637,6.637144787655447e-05
2025-08-22 00:00:00+00:00,638.2381591796875,0.015240110357538828,-9.83910281313323,0.6874354005743488,0.007957646557119417,0.01496624023801315,7.262907278073971e-05
2025-08-25 00:00:00+00:00,635.42919921875,-0.004410829085847295,-9.72873413307591,0.6874354005743489,0.008409126780633503,-0.004756302909246727,5.5612587692228414e-05
2025-08-26 00:00:00+00:00,638.0897216796875,0.004178228195597486,-9.797514344753207,0.6874354005743487,0.008124852154470045,0.003860846668101632,6.201832004453521e-05
2025-08-27 00:00:00+00:00,639.543701171875,0.002276052103625867,-9.828371608457068,0.6874354005743489,0.008000458878324566,0.0019409844689901013,5.794474795858082e-05
2025-08-28 00:00:00+00:00,641.8085327148438,0.0035350684092173997,-9.88577584390972,0.6874354005743488,0.00777409289728216,0.0031922593008530138,5.6205221924084525e-05
2025-08-29 00:00:00+00:00,637.98095703125,-0.005981588576274999,-9.738272289406542,0.6874354005743489,0.008369118474912637,-0.006338489103353494,5.310689499035777e-05
2025-09-02 00:00:00+00:00,633.2533569335938,-0.007437844999217563,-9.573663894928297,0.6874354005743488,0.009087072113596557,-0.007757715190567653,6.143675071129816e-05
2025-09-03 00:00:00+00:00,636.685302734375,0.00540491326799287,-9.662164145607868,0.6874354005743488,0.008693734825597555,0.005129680982730945,7.228419460336005e-05
2025-09-04 00:00:00+00:00,642.00634765625,0.008322687701407075,-9.809867302791746,0.6874354005743488,0.008074823834082567,0.008023005707327386,6.62335078672397e-05
2025-09-05 00:00:00+00:00,640.1469116210938,-0.00290049153687074,-9.73291327791033,0.6874354005743489,0.00839157364691877,-0.0032386724516572803,5.724200025187131e-05
2025-09-08 00:00:00+00:00,641.719482421875,0.0024535655150853598,-9.767190727083836,0.6874354005743489,0.008248978219644822,0.00213509213592519,6.176283077587657e-05
2025-09-09 00:00:00+00:00,643.203125,0.002309311438526683,-9.798657019384697,0.6874354005743489,0.008120211449079602,0.001981967204713886,5.9706630304816316e-05
2025-09-10 00:00:00+00:00,645.0624389648438,0.002886540334312302,-9.842164933401802,0.6874354005743489,0.007945472243894091,0.0025511839168085746,5.787938180549579e-05
2025-09-11 00:00:00+00:00,650.4231567382812,0.00827604473377814,-10.000142502462278,0.6874354005743489,0.007342015915624162,0.007929813127520495,5.544462994419863e-05
2025-09-12 00:00:00+00:00,650.20556640625,-0.0003345925400373844,-9.971893156191772,0.6874354005743488,0.007446455340601004,-0.0007184041682503025,4.743391042314507e-05
2025-09-15 00:00:00+00:00,653.6671142578125,0.005309653366226374,-10.071744803356223,0.6874354005743487,0.007083812860584758,0.004932348282349714,4.877615630562839e-05
2025-09-16 00:00:00+00:00,652.76708984375,-0.0013778337303519087,-10.016912913649536,0.6874354005743489,0.007280708997472044,-0.0017777362192661717,4.419492137266055e-05
2025-09-17 00:00:00+00:00,651.9561767578125,-0.001243042430699064,-9.967270616030302,0.6874354005743487,0.007463686014737591,-0.0016306739869526004,4.665461560934955e-05
2025-09-18 00:00:00+00:00,655.0023803710938,0.004661523676907058,-10.052355211576069,0.6874354005743488,0.007152822959286878,0.004285291951213328,4.8999380615666056e-05
2025-09-19 00:00:00+00:00,658.2465209960938,0.004940643347549601,-10.146641280389693,0.6874354005743487,0.006823442185842019,0.004545042164528841,4.50495313564767e-05
2025-09-22 00:00:00+00:00,661.3607177734375,0.004719893112429032,-10.238926919697583,0.6874354005743489,0.006515742971449636,0.004303757419595654,4.10433346215016e-05
2025-09-23 00:00:00+00:00,657.7605590820312,-0.005458433114998444,-10.072437011074676,0.6874354005743488,0.007081361549844195,-0.0058937625656249795,3.7467365812230245e-05
2025-09-24 00:00:00+00:00,655.6678466796875,-0.0031866436938144398,-9.974678508493573,0.6874354005743487,0.007436092057862766,-0.003586698978990189,4.416471339343409e-05
2025-09-25 00:00:00+00:00,652.6429443359375,-0.0046241424508109445,-9.850136938271561,0.6874354005743487,0.00791386460808937,-0.005002093113959061,4.864214182124806e-05
2025-09-26 00:00:00+00:00,656.3818969726562,0.005712592590631297,-9.954161064296217,0.6874354005743488,0.007512769493567893,0.005364393519673866,5.50097398111603e-05
2025-09-29 00:00:00+00:00,658.2266845703125,0.0028065978489793704,-9.997353927034505,0.6874354005743487,0.007352259938108259,0.0024334235369370236,4.963801857243115e-05
2025-09-30 00:00:00+00:00,660.7060546875,0.0037596656203880132,-10.062745706717275,0.6874354005743487,0.007115758635718826,0.003376492241412957,4.756474753020272e-05
2025-10-01 00:00:00+00:00,662.9574584960938,0.0034017799195840766,-10.121076001009534,0.6874354005743488,0.006911223632796379,0.0030038686308654196,4.45895279341983e-05
2025-10-02 00:00:00+00:00,663.7210693359375,0.0011511619554406625,-10.12577980826386,0.6874354005743488,0.006894988200436187,0.000740499961371783,4.209299707686294e-05
2025-10-03 00:00:00+00:00,663.7113037109375,-1.4713555580661802e-05,-10.10205372556441,0.6874354005743489,0.006977270826683361,-0.00042638786171512343,4.1897872418936276e-05
2025-10-06 00:00:00+00:00,666.0914916992188,0.0035797646662827694,-10.165369493582942,0.6874354005743487,0.0067598449761008626,0.003173220549641701,4.289139649104279e-05
2025-10-07 00:00:00+00:00,663.6220092773438,-0.003714311780944407,-10.048879698658734,0.6874354005743487,0.0071652636298792285,-0.0041344136774112555,4.0291037467943215e-05
2025-10-08 00:00:00+00:00,667.5791625976562,0.0059452546462897245,-10.1665944283382,0.6874354005743489,0.0067557060591803475,0.005550428819320674,4.5204454468439094e-05
2025-10-09 00:00:00+00:00,665.6452026367188,-0.002901179078111572,-10.070224467907169,0.6874354005743488,0.007089199793714911,-0.0033215391115206713,4.0242316037627666e-05
2025-10-10 00:00:00+00:00,647.6542358398438,-0.027399832538963102,-9.398952791892436,0.6874354005743487,0.009916582026137705,-0.02779939924928075,4.426134143339931e-05
2025-10-13 00:00:00+00:00,657.5919189453125,0.015227587680655873,-9.649648234089366,0.6874354005743488,0.008748310421242961,0.015003875710543572,8.589984894745977e-05
2025-10-14 00:00:00+00:00,656.78857421875,-0.0012223931057610573,-9.612890823888494,0.6874354005743487,0.008910579619938385,-0.0015186819058222118,6.705743524652773e-05
2025-10-15 00:00:00+00:00,659.7044067382812,0.004429704266786335,-9.684131985121414,0.6874354005743487,0.00859876605934263,0.004143502903086129,6.953691912520317e-05
2025-10-16 00:00:00+00:00,655.211669921875,-0.0068335225027077754,-9.536412389564692,0.6874354005743487,0.009257911740782186,-0.007139109725343976,6.481175868797506e-05
2025-10-17 00:00:00+00:00,658.9308471679688,0.005660249367837144,-9.628474660475622,0.6874354005743489,0.00884141890881484,0.0053956323535802805,7.499353295950433e-05
2025-10-20 00:00:00+00:00,665.7840576171875,0.010346787167762106,-9.812754350581262,0.6874354005743489,0.008063176041887887,0.010056286717382842,6.847470319061564e-05
2025-10-21 00:00:00+00:00,665.7741088867188,-1.4942990429156014e-05,-9.795853243760446,0.6874354005743489,0.008131603057554839,-0.00035384878522979317,5.7078991469632344e-05
2025-10-22 00:00:00+00:00,662.312744140625,-0.0052125696080209645,-9.671774284306753,0.6874354005743487,0.008652061029777133,-0.005547217149525615,5.803990212262043e-05
2025-10-23 00:00:00+00:00,666.2402954101562,0.005912541831996953,-9.773149271155688,0.6874354005743489,0.008224438842401354,0.005610268627832923,6.560774604892409e-05
2025-10-24 00:00:00+00:00,671.6851806640625,0.008139340211438471,-9.923903302104737,0.6874354005743488,0.007627293414956803,0.007810469196087768,5.935624441581348e-05
2025-10-27 00:00:00+00:00,679.6094970703125,0.011728614603400918,-10.163454235279055,0.6874354005743488,0.006766321501272306,0.011362573048974953,5.1143997378494526e-05
2025-10-28 00:00:00+00:00,681.41455078125,0.0026524950416700003,-10.205041390448695,0.6874354005743489,0.006627078170720631,0.0022327970707712134,4.036733456563003e-05
2025-10-29 00:00:00+00:00,681.7418212890625,0.00048016576939499743,-10.19204094167834,0.6874354005743489,0.006670295976392492,5.178247249432627e-05,3.874268030450614e-05
2025-10-30 00:00:00+00:00,674.2440185546875,-0.011058934288291149,-9.88892880207896,0.6874354005743488,0.007761846857776519,-0.01148462163089464,3.924340711972594e-05
2025-10-31 00:00:00+00:00,676.4556884765625,0.0032748535991825116,-9.941672176480784,0.6874354005743487,0.007559829339629338,0.0029171906071169405,5.2941754207076045e-05
2025-11-03 00:00:00+00:00,677.7251586914062,0.001874890771598795,-9.964032476486125,0.6874354005743489,0.007475780031038596,0.001504647591793938,5.025416095988183e-05
2025-11-04 00:00:00+00:00,669.691650390625,-0.011924451941663715,-9.676151956268857,0.6874354005743487,0.008633143798196184,-0.0122999303074119,4.915635986028432e-05
2025-11-05 00:00:00+00:00,672.012451171875,0.0034594857288829657,-9.729848906090044,0.6874354005743489,0.008404440952859667,0.0031560362311874156,6.532465833417659e-05
2025-11-06 00:00:00+00:00,664.80224609375,-0.010787246744836403,-9.49896177729174,0.6874354005743489,0.009432902234445309,-0.011104919740572141,6.195006595288102e-05
2025-11-07 00:00:00+00:00,665.4567260742188,0.0009839889028669835,-9.506324022548664,0.6874354005743489,0.009398242397272119,0.0007302425966965606,7.781972570481133e-05
2025-11-10 00:00:00+00:00,675.8406982421875,0.015483783745324687,-9.773620863043213,0.6874354005743489,0.008222499781702901,0.015227884508053475,7.725585035275439e-05
2025-11-11 00:00:00+00:00,677.387939453125,0.0022867412676202815,-9.80464162506632,0.6874354005743489,0.008095949634743613,0.0019577496061660695,5.9328600922299414e-05
2025-11-12 00:00:00+00:00,677.7647705078125,0.0005561455349355046,-9.799778193355582,0.6874354005743488,0.008115660639903582,0.00021927931489065957,5.753823781111214e-05
2025-11-13 00:00:00+00:00,666.5180053710938,-0.016733127522772336,-9.43659647595813,0.6874354005743488,0.009731679249792546,-0.01706876713102015,5.781531725780621e-05
2025-11-14 00:00:00+00:00,666.4088134765625,-0.00016383779399072634,-9.424759907922168,0.6874354005743489,0.00978944485959886,-0.0003990292315560112,8.276442318503969e-05
2025-11-17 00:00:00+00:00,660.2003173828125,-0.00936001611387412,-9.254771939121923,0.6874354005743489,0.010657871578464383,-0.009591620958868806,8.373778023272747e-05
2025-11-18 00:00:00+00:00,654.65625,-0.008433011441929867,-9.115699462758322,0.6874354005743489,0.011425354590597172,-0.008610727114936717,9.904768459325694e-05
2025-11-19 00:00:00+00:00,657.185302734375,0.0038557337390654808,-9.169783478354923,0.6874354005743489,0.011120530170358967,0.0037255984768464613,0.00011363309101522886
2025-11-20 00:00:00+00:00,647.1683349609375,-0.015359584109870688,-8.932601784333592,0.6874354005743489,0.012520706726559918,-0.015508612255255428,0.0001077217499050233
2025-11-21 00:00:00+00:00,653.6148681640625,0.009911853052476355,-9.06687973291168,0.6874354005743488,0.011707677668778138,0.00984955754356317,0.0001361606507854794
2025-11-24 00:00:00+00:00,663.2351684570312,0.014611339452438529,-9.275744113830678,0.6874354005743488,0.010546696122569582,0.014498696953577356,0.00011924712659439098
2025-11-25 00:00:00+00:00,669.4735107421875,0.009361967767598688,-9.419643900125608,0.6874354005743489,0.009814518353086627,0.00917735632550927,9.701692512706479e-05
2025-11-26 00:00:00+00:00,674.09521484375,0.006879770632920697,-9.529175790719862,0.6874354005743488,0.00929147031335586,0.006649722488392501,8.41620204095569e-05
2025-11-28 00:00:00+00:00,677.7747192382812,0.005443590966696786,-9.617084623441226,0.6874354005743488,0.008891914603699386,0.0051810588613441936,7.553152119979599e-05
2025-12-01 00:00:00+00:00,674.6803588867188,-0.004575923889866952,-9.517842423505574,0.6874354005743487,0.009344271598662664,-0.004863285446029137,6.924945396599407e-05
2025-12-02 00:00:00+00:00,675.9299926757812,0.001850473223761602,-9.540623699240355,0.6874354005743489,0.009238438283521826,0.0015912213420743542,7.638183991714182e-05
2025-12-03 00:00:00+00:00,678.2706298828125,0.0034568578671407297,-9.592629854568584,0.6874354005743489,0.00900130688977831,0.0031910309741153523,7.468221846588762e-05
2025-12-04 00:00:00+00:00,678.7665405273438,0.0007308726355028201,-9.594227042660295,0.6874354005743489,0.008994121369230059,0.0004503103358508702,7.09426109215158e-05
2025-12-05 00:00:00+00:00,680.0557861328125,0.0018975931835084833,-9.617653389940598,0.6874354005743488,0.008889386251655982,0.001616584300320559,7.083077481843292e-05
2025-12-08 00:00:00+00:00,678.0127563476562,-0.0030087308003297914,-9.548067394484612,0.6874354005743487,0.009204118130770888,-0.0032962495177624677,6.921055933038142e-05
2025-12-09 00:00:00+00:00,677.4276123046875,-0.0008634006967059875,-9.521071672079463,0.6874354005743489,0.009329196284554926,-0.001131359964142006,7.413511246297877e-05
2025-12-10 00:00:00+00:00,681.9203491210938,0.006610159139183051,-9.629818765247828,0.6874354005743489,0.008835479008326345,0.006349970742801922,7.613858565531483e-05
2025-12-11 00:00:00+00:00,683.5072021484375,0.0023243323899324697,-9.661292939731139,0.6874354005743487,0.00869752266697047,0.002033462691340348,6.838385080249065e-05
2025-12-12 00:00:00+00:00,676.1581420898438,-0.010810206581406788,-9.43855535699416,0.6874354005743489,0.00972215231512149,-0.011109653061092285,6.62905304352786e-05
2025-12-15 00:00:00+00:00,675.1365966796875,-0.001511950835671096,-9.403298799890548,0.6874354005743489,0.009895056649572756,-0.0017477338133275039,8.260443312903203e-05
2025-12-16 00:00:00+00:00,673.2918701171875,-0.0027361150535985287,-9.34831603932578,0.6874354005743488,0.010170859140229055,-0.00296116326550418,8.553187895994963e-05
2025-12-17 00:00:00+00:00,665.8832397460938,-0.011064581322954193,-9.157503705695026,0.6874354005743489,0.011189019003199286,-0.011272511063620741,9.030566281788944e-05
2025-12-18 00:00:00+00:00,670.9114990234375,0.007522894645792734,-9.267358888211422,0.6874354005743489,0.010591007160436528,0.007378111953097706,0.00010903634396729293
2025-12-19 00:00:00+00:00,676.9923095703125,0.009022679156543787,-9.405391060487064,0.6874354005743488,0.009884710543639657,0.008840816256913981,9.78238320089841e-05
2025-12-22 00:00:00+00:00,681.2098388671875,0.00621047884157309,-9.502951664847874,0.6874354005743488,0.009414102882883107,0.005984788356533562,8.535529289651433e-05
2025-12-23 00:00:00+00:00,684.3233032226562,0.004560079363435816,-9.574291035234609,0.6874354005743489,0.009084223125704286,0.004305165328405378,7.75136307564895e-05
2025-12-24 00:00:00+00:00,686.7305297851562,0.003511501850767283,-9.627697352840102,0.6874354005743488,0.008844855827870758,0.0032360925205841525,7.223942998501901e-05
2025-12-26 00:00:00+00:00,686.660888671875,-0.00010141480775991423,-9.612981249291018,0.6874354005743487,0.008910176757671272,-0.0003917016067490713,6.852729900304086e-05
2025-12-29 00:00:00+00:00,684.2138671875,-0.003570018446780222,-9.533011069304303,0.6874354005743487,0.009273669697835251,-0.0038562448515467545,6.953070832101635e-05
2025-12-30 00:00:00+00:00,683.3782958984375,-0.001221959902357149,-9.49991612850148,0.6874354005743488,0.009428402157364794,-0.0014855979032753278,7.524591732298098e-05
2025-12-31 00:00:00+00:00,678.3152465820312,-0.007436434837780548,-9.356746875854574,0.6874354005743488,0.010128074954818373,-0.007690460665356838,7.774640028228832e-05
2026-01-02 00:00:00+00:00,679.55859375,0.0018313152201985445,-9.379793035029454,0.6874354005743489,0.010012038175525177,0.0016207303321387166,8.955673514327992e-05
2026-01-05 00:00:00+00:00,684.0845947265625,0.006638125918191552,-9.483720961658303,0.6874354005743488,0.009505059380623581,0.00642033920226856,8.754104275553182e-05
2026-01-06 00:00:00+00:00,688.1529541015625,0.005929543756599755,-9.578952011639716,0.6874354005743488,0.00906307710073198,0.005680279255456908,7.900013442894451e-05
2026-01-07 00:00:00+00:00,685.9347534179688,-0.0032286186657920035,-9.50713475021418,0.6874354005743489,0.009394433461767281,-0.003505342096601806,7.19076018678937e-05
2026-01-08 00:00:00+00:00,685.8651123046875,-0.00010153246851990349,-9.494933286445251,0.6874354005743489,0.009451921562966254,-0.0003576683076103978,7.719400688661036e-05
2026-01-09 00:00:00+00:00,690.4010009765625,0.006591610519991714,-9.602333673470353,0.6874354005743488,0.008957739142660563,0.0063390455777002815,7.813000856665898e-05
2026-01-12 00:00:00+00:00,691.4852294921875,0.0015692011602722827,-9.619565107890674,0.6874354005743488,0.008880893311697842,0.0012859310373324238,7.026585597791151e-05
2026-01-13 00:00:00+00:00,690.1026000976562,-0.0020015084477309304,-9.568987593524156,0.6874354005743488,0.00910834391628794,-0.002289555086640758,6.907998809114945e-05
2026-01-14 00:00:00+00:00,686.7105712890625,-0.004927372488885677,-9.466243758486897,0.6874354005743489,0.009588484285219342,-0.005201282899942236,7.261885984159222e-05
2026-01-15 00:00:00+00:00,688.5806884765625,0.002719596051916529,-9.504479977541095,0.6874354005743489,0.009406911784329236,0.0024755126978568496,8.037580755953112e-05
2026-01-16 00:00:00+00:00,688.0037231445312,-0.0008382564279319575,-9.479134066313913,0.6874354005743489,0.009526883753897018,-0.0010936171483095667,7.739670131809369e-05
2026-01-20 00:00:00+00:00,673.9981689453125,-0.020566855255717744,-9.105412077062761,0.6874354005743489,0.011484274508361519,-0.020814764289345547,7.935888469568492e-05
2026-01-21 00:00:00+00:00,681.77685546875,0.011475018699616915,-9.271484151113357,0.6874354005743488,0.010569184329935269,0.011348534552595744,0.0001147936831783654
2026-01-22 00:00:00+00:00,685.3379516601562,0.005209663778086045,-9.348843280856489,0.6874354005743489,0.01016817824394369,0.005026447260949628,9.742602439180079e-05
2026-01-23 00:00:00+00:00,685.5865478515625,0.00036266941646986676,-9.347556592198602,0.6874354005743489,0.01017472198846738,0.0001545733058465551,9.025864387634989e-05
2026-01-26 00:00:00+00:00,689.068115234375,0.00506538103059215,-9.424261390915092,0.6874354005743489,0.009791885266108432,0.004857691008027415,9.037343270657802e-05
2026-01-27 00:00:00+00:00,691.8134765625,0.003976249609777937,-9.483974597499865,0.6874354005743488,0.009503854045186716,0.003744796280787915,8.377902507940674e-05
2026-01-28 00:00:00+00:00,691.7438354492188,-0.00010066964734378686,-9.472264910507654,0.6874354005743489,0.009559660833820299,-0.0003500090105306899,7.898034444740447e-05
2026-01-29 00:00:00+00:00,690.3711547851562,-0.001986348639724907,-9.427544570769564,0.6874354005743489,0.0097758241923422,-0.002232222026708452,7.98991840981577e-05
2026-01-30 00:00:00+00:00,688.3121337890625,-0.002986940574398427,-9.367203707703728,0.6874354005743489,0.010075259357709126,-0.003219391085788045,8.350776412804466e-05
2026-02-02 00:00:00+00:00,691.73388671875,0.004958907008599522,-9.442567909765412,0.6874354005743489,0.009702666543971545,0.004745044243853225,8.863645783337537e-05
2026-02-03 00:00:00+00:00,685.885009765625,-0.00849133546493203,-9.285903913966944,0.6874354005743489,0.01049325581086011,-0.008728328362194204,8.2277676005709e-05
2026-02-04 00:00:00+00:00,682.5626831054688,-0.004855623207264491,-9.201707886480811,0.6874354005743488,0.010944431201364967,-0.005043549653736967,9.60481642065726e-05
2026-02-05 00:00:00+00:00,674.0379638671875,-0.012567930681256348,-9.003293429610153,0.6874354005743488,0.012085881936183134,-0.01272787623600107,0.00010437781370039345
2026-02-06 00:00:00+00:00,686.96923828125,0.01900307879815714,-9.268221878061755,0.6874354005743488,0.010586438180411136,0.018913861815882442,0.0001269771911140567
2026-02-09 00:00:00+00:00,690.2816162109375,0.0048101394245550514,-9.339139149120259,0.6874354005743489,0.010217634800749935,0.004627993124944198,9.774047797879345e-05
2026-02-10 00:00:00+00:00,688.4613037109375,-0.0026405409324224806,-9.288422968740928,0.6874354005743488,0.010480047587593225,-0.002845567974525596,9.112798448651955e-05
2026-02-11 00:00:00+00:00,688.3021850585938,-0.00023114885650317492,-9.278548575702285,0.6874354005743489,0.010531917582880293,-0.00041989466598746166,9.58094667422524e-05
2026-02-12 00:00:00+00:00,677.668701171875,-0.015569436795382833,-9.023092822680468,0.6874354005743489,0.011966825655510781,-0.015754964957881357,9.674854090503822e-05
2026-02-13 00:00:00+00:00,678.1461181640625,0.0007042510601164912,-9.031804724712512,0.6874354005743489,0.01191481211559751,0.0006076608546399773,0.00012451796197663514
2026-02-17 00:00:00+00:00,679.2402954101562,0.0016121827537749706,-9.053281299497947,0.6874354005743488,0.01178755193991062,0.0015123710393899496,0.0001234510243998947
2026-02-18 00:00:00+00:00,682.662109375,0.005025060758005965,-9.123542157706874,0.6874354005743489,0.011380639534165902,0.004917366335500677,0.00012085969515974821
2026-02-19 00:00:00+00:00,680.8616943359375,-0.002640828242968268,-9.081272014721453,0.6874354005743488,0.011623729982558997,-0.002773734535274498,0.00011275619044347038
2026-02-20 00:00:00+00:00,685.7855834960938,0.007205824861526998,-9.183725917426496,0.6874354005743489,0.011043276103582028,0.007087981500522568,0.00011756384990330654
2026-02-23 00:00:00+00:00,678.7827758789062,-0.010263859697353819,-9.022593107601313,0.6874354005743488,0.011969816030693954,-0.010417677014023605,0.00010624836454187393
2026-02-24 00:00:00+00:00,683.7164916992188,0.007242187209707843,-9.123636918884104,0.6874354005743488,0.011380100325540068,0.0071457822108035194,0.0001245794404374465
2026-02-25 00:00:00+00:00,689.4859008789062,0.0084029028181233,-9.245297265723456,0.6874354005743489,0.01070848128759489,0.008269963109789164,0.00011274563657072779
2026-02-26 00:00:00+00:00,685.6561889648438,-0.005569928872744709,-9.152158481093034,0.6874354005743488,0.011218962909425626,-0.005744505719450501,9.997901495381646e-05
2026-02-27 00:00:00+00:00,682.3637084960938,-0.004813507218789428,-9.07609288590018,0.6874354005743489,0.011653869387162924,-0.0049564338629507695,0.00010961356959002197
2026-03-02 00:00:00+00:00,682.7516479492188,0.0005683614380813482,-9.082133473422441,0.6874354005743488,0.011618724379000862,0.0004523853746014411,0.00011816683033297446
2026-03-03 00:00:00+00:00,676.7337036132812,-0.008853326204464676,-8.951069489565446,0.6874354005743488,0.01240562450981038,-0.008971479695140607,0.0001174638533954464
2026-03-04 00:00:00+00:00,681.50830078125,0.0070305833857426895,-9.04696816883893,0.6874354005743489,0.011824818904544468,0.0069611638756354845,0.00013369931597134269
2026-03-05 00:00:00+00:00,677.7084350585938,-0.005591272564328495,-8.965385660238791,0.6874354005743489,0.01231714105478607,-0.005696658501556106,0.00012161573110297725
2026-03-06 00:00:00+00:00,668.8256225585938,-0.013193786382772557,-8.78406602007192,0.6874354005743488,0.013485994385854629,-0.01326868388419813,0.0001318219442496266
2026-03-09 00:00:00+00:00,674.6845092773438,0.008721815668318755,-8.896560118378167,0.6874354005743488,0.012748385611284805,0.008719244120387774,0.00015767823607460403
2026-03-10 00:00:00+00:00,673.6002807617188,-0.0016083082110627642,-8.876254055972893,0.6874354005743488,0.012878479675174484,-0.001656511931732609,0.0001410954726213705
2026-03-11 00:00:00+00:00,672.7548217773438,-0.0012559228897518618,-8.86115041644525,0.6874354005743489,0.01297610378840931,-0.0012960760486650335,0.00014395413552488836
2026-03-12 00:00:00+00:00,662.5390625,-0.015301438459733196,-8.663294063009257,0.6874354005743489,0.01432544995457874,-0.015335551035635539,0.00014611790388616692
2026-03-13 00:00:00+00:00,658.7890014648438,-0.005676215023587526,-8.60127889082832,0.6874354005743489,0.014776606061045023,-0.00562689065942562,0.00017765667652720087
2026-03-16 00:00:00+00:00,665.493408203125,0.010125429394262926,-8.723571036718575,0.6874354005743489,0.013900143804000032,0.010202629150738496,0.00018887971943235045
2026-03-17 00:00:00+00:00,667.2440185546875,0.0026270911632708125,-8.759644714839732,0.6874354005743489,0.013651676664258301,0.002650127496627374,0.0001673876471965768
2026-03-18 00:00:00+00:00,657.9335327148438,-0.014051911808400095,-8.588820504394999,0.6874354005743489,0.014868939678691021,-0.014044237675126638,0.00016152814735198936
2026-03-19 00:00:00+00:00,656.3121337890625,-0.0024674226283852175,-8.567075576383615,0.6874354005743489,0.015031483716050675,-0.002384519185806505,0.0001912184675782283
2026-03-20 00:00:00+00:00,646.9034423828125,-0.01443944509538709,-8.410997393114949,0.6874354005743488,0.01625151292463612,-0.014346501937399338,0.00019537012638665683
2026-03-23 00:00:00+00:00,653.6959228515625,0.010445249178190171,-8.529408323878325,0.6874354005743488,0.015317263752316153,0.01061350744047481,0.00022793651446108832
2026-03-24 00:00:00+00:00,651.5015869140625,-0.0033624612191459923,-8.499574801085057,0.6874354005743489,0.01554746034639273,-0.003251869742674113,0.00020277619783404244
2026-03-25 00:00:00+00:00,655.1322021484375,0.005557218263225205,-8.568072031033884,0.6874354005743488,0.015023996485452346,0.005682022579393017,0.00020884073531766677
2026-03-26 00:00:00+00:00,643.432373046875,-0.018020121487025215,-8.371499457827467,0.6874354005743488,0.016575653715447478,-0.017927640757010754,0.00019517792199066848
2026-03-27 00:00:00+00:00,632.4606323242188,-0.017198951843375027,-8.205429846243051,0.6874354005743487,0.01801076763397801,-0.017010695486659958,0.000237005302647009
2026-03-30 00:00:00+00:00,630.3460693359375,-0.0033489923071651985,-8.186570899275615,0.6874354005743489,0.018181402925950413,-0.0030722517438437572,0.0002792543944647886
2026-03-31 00:00:00+00:00,648.6688842773438,0.028653407820692582,-8.467357115362029,0.6874354005743489,0.015799940060285622,0.028940663302933062,0.0002845052516637103
2026-04-01 00:00:00+00:00,653.5562744140625,0.007506248903134024,-8.556358996719283,0.6874354005743487,0.015112242934834312,0.007646638912628573,0.00021559378159997336
2026-04-02 00:00:00+00:00,654.144775390625,0.0009000543608632609,-8.573384393299188,0.6874354005743489,0.01498414298194423,0.0009979852087933223,0.0001974492311027441
2026-04-06 00:00:00+00:00,657.23681640625,0.00471570863127598,-8.633368304423982,0.6874354005743488,0.014541411607887831,0.004805727873078703,0.00019415641642537245
2026-04-07 00:00:00+00:00,657.5260009765625,0.00043990379276420265,-8.6441143594848,0.6874354005743488,0.014463489728652053,0.0005025730064941686,0.00018298662184430104
2026-04-08 00:00:00+00:00,674.27294921875,0.02515068962018007,-8.944161600810904,0.6874354005743488,0.012448546929987418,0.025208544113190998,0.00018105453425923805
2026-04-09 00:00:00+00:00,678.162841796875,0.005752440641581351,-9.022494122566977,0.6874354005743489,0.01197040846167968,0.0056856782769528725,0.00013461473176750596
2026-04-10 00:00:00+00:00,677.7140502929688,-0.000661994496571573,-9.011921474680998,0.6874354005743488,0.012033855471508287,-0.0007583628037884762,0.00012459162187330403
2026-04-13 00:00:00+00:00,684.3369750976562,0.00972500571340668,-9.147497678371654,0.6874354005743489,0.011245138083339792,0.009632566812252523,0.0001258996096654461
2026-04-14 00:00:00+00:00,692.675537109375,0.012111239170364246,-9.325895509019418,0.6874354005743488,0.010285518649004918,0.011969934923365176,0.00011011937850264681
2026-04-15 00:00:00+00:00,698.1414184570312,0.007859998349511583,-9.44796221031194,0.6874354005743489,0.009676532254147632,0.007659183601765892,9.232793753509779e-05
2026-04-16 00:00:00+00:00,699.8569946289062,0.0024543333053888188,-9.481504219090732,0.6874354005743489,0.009515600356069862,0.002215717618973279,8.184043391704745e-05
2026-04-17 00:00:00+00:00,708.3152465820312,0.012013237341879625,-9.684429589988735,0.6874354005743488,0.008597486637219449,0.011764627524063032,7.91733073543432e-05
2026-04-20 00:00:00+00:00,706.8988037109375,-0.0020017372548961723,-9.631296604132602,0.6874354005743487,0.008828952712604633,-0.0023074040383722844,6.479270884763695e-05
2026-04-21 00:00:00+00:00,702.2708129882812,-0.006568417750443915,-9.493152302060109,0.6874354005743487,0.009460342174010622,-0.006859693153442573,6.828409801740341e-05
2026-04-22 00:00:00+00:00,709.3825073242188,0.010075780503951338,-9.66255865764736,0.6874354005743489,0.00869202010319435,0.009823738589023022,7.826757782234184e-05
2026-04-23 00:00:00+00:00,706.6295776367188,-0.0038882904816336587,-9.573747998400206,0.6874354005743489,0.009086689994473878,-0.004188079091415948,6.620770222112965e-05
2026-04-24 00:00:00+00:00,712.10546875,0.00771943756437638,-9.705161014960126,0.6874354005743489,0.00850882786217337,0.007444181533089438,7.227818977541434e-05
2026-04-27 00:00:00+00:00,713.332275390625,0.0017213055408080294,-9.724852750518938,0.6874354005743489,0.008425462145459422,0.0014101251595954518,6.347936801952961e-05
2026-04-28 00:00:00+00:00,709.8612060546875,-0.0048778697536611924,-9.61264715882376,0.6874354005743487,0.008911665284551628,-0.005194235202976124,6.225655231226918e-05
2026-04-29 00:00:00+00:00,709.7515258789062,-0.0001545212627813887,-9.597244979847783,0.6874354005743489,0.00898055975715222,-0.0004406551439346633,6.955365784790831e-05
2026-04-30 00:00:00+00:00,716.8132934570312,0.009900461815238022,-9.77076539729696,0.6874354005743488,0.008234247699389047,0.009618610059498576,7.061993804725601e-05
2026-05-01 00:00:00+00:00,718.7982177734375,0.002765268411019866,-9.811557867481337,0.6874354005743488,0.008068001211985516,0.002437007686029643,5.949617815857422e-05
2026-05-04 00:00:00+00:00,716.1649780273438,-0.003670118801040342,-9.718471158935536,0.6874354005743487,0.008452389010835056,-0.004008724308251994,5.7146491016995114e-05
2026-05-05 00:00:00+00:00,721.9102172851562,0.007990221711526798,-9.862948795962426,0.6874354005743488,0.007863330984723065,0.007675531091202269,6.265023375468869e-05
2026-05-06 00:00:00+00:00,731.9443359375,0.013803688898871048,-10.140509733997048,0.6874354005743489,0.006844393411444986,0.013452344087120193,5.4317960034006206e-05
2026-05-07 00:00:00+00:00,729.7001342773438,-0.003070792479857851,-10.041490191768295,0.6874354005743487,0.007191786479884954,-0.0034856216605870737,4.129267340663698e-05
2026-05-08 00:00:00+00:00,735.724609375,0.008222201875465084,-10.212043748077935,0.6874354005743488,0.006603916155864814,0.00782902901160954,4.553561913876002e-05
2026-05-11 00:00:00+00:00,737.4002685546875,0.002274973327095926,-10.244532237164357,0.6874354005743489,0.006497507133857658,0.0018451450806059983,3.8475629317358716e-05
2026-05-12 00:00:00+00:00,736.2831420898438,-0.0015161013155970994,-10.179320078062293,0.6874354005743488,0.00671285714932413,-0.0019525686296086042,3.726048845553634e-05
2026-05-13 00:00:00+00:00,740.4025268554688,0.0055792448425891535,-10.294243163604191,0.6874354005743489,0.006337999118910989,0.00515621228454387,3.9739629158158975e-05
2026-05-14 00:00:00+00:00,746.2474975585938,0.007863317827570018,-10.475116134772444,0.6874354005743487,0.005789967258122019,0.007416896000379,3.547505914356705e-05
2026-05-15 00:00:00+00:00,737.2706298828125,-0.012102281834028297,-10.093405639477197,0.6874354005743488,0.0070075061684143364,-0.01258292885136157,2.9670898911168397e-05
2026-05-18 00:00:00+00:00,736.751953125,-0.0007037568965346505,-10.053895509352289,0.6874354005743489,0.007147316341367948,-0.0011084160743803826,4.325936259361092e-05
2026-05-19 00:00:00+00:00,731.8446044921875,-0.006683070135583305,-9.875065661184651,0.6874354005743489,0.0078158355430945,-0.007079014519954659,4.4981041546757315e-05
2026-05-20 00:00:00+00:00,739.3452758789062,0.010196829759483024,-10.076542140076592,0.6874354005743488,0.00706684150527033,0.009842528109976465,5.367171285600343e-05
2026-05-21 00:00:00+00:00,740.8114624023438,0.001981123978379707,-10.101353664378106,0.6874354005743488,0.006979713512411835,0.001580163609653856,4.3985989205060787e-05
2026-05-22 00:00:00+00:00,743.7239990234375,0.003923840734942977,-10.172933192799512,0.6874354005743489,0.006734328539101718,0.0035174489044906524,4.292106650091584e-05
2026-05-26 00:00:00+00:00,748.6613159179688,0.006616702614766452,-10.313419475442785,0.6874354005743487,0.006277519801042355,0.00619500927237684,3.999113317848229e-05
2026-05-27 00:00:00+00:00,748.5316162109375,-0.00017325717290322425,-10.281128084408616,0.6874354005743487,0.006379697368642651,-0.0006234541657165404,3.4809413900693746e-05
2026-05-28 00:00:00+00:00,752.6609497070312,0.005501418012009892,-10.398862690890732,0.6874354005743489,0.006014982010256166,0.00505759876512086,3.593762282259879e-05
2026-05-29 00:00:00+00:00,754.5361328125,0.0024883063996868804,-10.438521071030525,0.6874354005743487,0.005896884546835419,0.0020217163869219144,3.19920856841102e-05
